"id","PD","LGD","EAD","Expected_Loss"
"62102","0.32192885580930986","0.517652390917391","3200","533.2711741279657"
"66431","0.4337641466024357","0.5488630741419143","2525","601.144735465811"
"66943","0.5606219057790367","0.592758611145375","2800","930.4776942923141"
"69124","0.4805326620593625","0.5242530051253133","18000","4534.572458618773"
"69251","0.28995049915837934","0.5253706927708366","6000","913.9889676725256"
"69550","0.6536011845985191","0.6330110016032582","11200","4633.851493731988"
"69828","0.3843882914833763","0.16216971041140288","15000","935.0420687308958"
"69990","0.22061215490820718","0.5098536204020423","15500","1743.438541212007"
"84918","0.262718156912491","0.5188464703769338","5000","681.551942089897"
"90395","0.2503289960481332","0.4771918904828564","5000","597.2748343344208"
"92507","0.19723167124647112","0.49835414723854177","5000","491.4561066623377"
"93277","0.4674583046014268","0.5200214538371156","3000","729.2650415012016"
"94838","0.2917239723155993","0.43897063383233126","3000","384.17477109439227"
"98276","0.4600751838961308","0.5056576553713549","5400","1256.258909430697"
"100214","0.24243460931348815","0.5177335478405811","5000","627.582651996087"
"111307","0.5237378782992906","0.578600083811189","12000","3636.4173633487667"
"112496","0.5280375610437796","0.5504870806363993","3000","872.0335663360643"
"117056","0.21277805784662707","0.452713159532797","5000","481.63713423499394"
"120215","0.2612310666964047","0.49996931301445335","4000","522.4300678169373"
"120374","0.2914121443173525","0.48859933873764133","2000","284.7675620271531"
"121530","0.25785954889312623","0.4915573993925759","3000","380.2583077873437"
"121568","0.36714650634974155","0.4986271438720338","4000","732.2768553750686"
"123228","0.45146116404288616","0.4987241880247921","20000","4503.0920492403175"
"127830","0.4236973399764762","0.4985417538475997","8000","1689.8465197794812"
"131387","0.48204381266109386","0.5181706226270001","6000","1498.685655240552"
"132892","0.5987338507222403","0.5937579487757952","9000","3199.526847607235"
"138568","0.3828676034599727","0.5145041462266817","3275","645.132324902995"
"139657","0.40557725168804715","0.5374828899599878","1200","261.5890000071851"
"139968","0.5195216453317549","0.5534031361135874","10000","2875.0490780548403"
"142608","0.5226033567943753","0.5688402011848972","5000","1486.3889930940752"
"144635","0.5571122402189204","0.5952191361331824","25000","8290.096658808196"
"146641","0.4791473300505862","0.5254850988319313","8000","2014.2782566935064"
"149575","0.3919398634213699","0.5125750544769896","10000","2008.985968449125"
"153235","0.6325180012440879","0.5197004145174443","18000","5916.957613853361"
"153434","0.5185701588734193","0.5520844797942746","12000","3435.5344367815915"
"156868","0.3424292112541665","0.5038695277971483","24750","4270.356213220024"
"159713","0.5228926005082521","0.5578770564594362","900","262.5388063343672"
"164741","0.2987816226607054","0.5022923080339275","16000","2401.2113735098837"
"166747","0.49523712546465704","0.5228976293762916","5000","1294.7915944229912"
"167645","0.4404688951104012","0.5665004803964871","6000","1497.1550440785131"
"168190","0.4582215395266852","0.5474938921031298","3975","997.2221391307882"
"169044","0.39756845847906763","0.5145519200859133","18500","3784.537853006018"
"169793","0.3945899616605788","0.5045831649753494","16000","3185.6552275551458"
"170488","0.4239406356483023","0.4981726626376731","5000","1055.978176306112"
"171220","0.552619977507061","0.5301616693804159","20000","5859.558596162226"
"173981","0.3281955293615124","0.5162671874250448","3200","542.1970651806137"
"174377","0.4129942711752892","0.5360524664530383","4800","1062.6556689335457"
"175147","0.5234767313712485","0.5544760070587779","2400","696.6126907173849"
"175582","0.5551383713180573","0.573464238281357","10000","3183.5200324866287"
"176995","0.7025927849198202","0.5846256936546164","25000","10268.844856011965"
"178157","0.610396605598478","0.5777010409577347","14400","5077.825264098843"
"179897","0.5761665110947126","0.5138775850498318","25000","7401.976382698451"
"180005","0.3278742668788235","0.5056322230855588","4000","663.1351778179493"
"182589","0.41079154104483695","0.5085981128254623","8800","1838.564662352594"
"184296","0.538286194723947","0.570570028478081","25000","7678.249236325008"
"188937","0.255896598150271","0.5225607597928053","8000","1069.7721660623981"
"192311","0.45383880843138535","0.5129898302565676","10000","2328.146933010593"
"193586","0.5266084206208395","0.53170312729642","9000","2519.9940969425597"
"194565","0.36752260488474464","0.5026854473576976","12000","2216.9791806066505"
"195655","0.32639574635755075","0.5343096200423075","18000","3139.13496995511"
"196574","0.39449623133157274","0.526137246646762","9500","1971.8120291705188"
"196910","0.3460831987427395","0.5205071576153191","9000","1621.2490386840084"
"197019","0.392811725468332","0.517487485868198","2750","559.0066686384289"
"198952","0.1974687248888518","0.4390107711432511","2500","216.72724297532332"
"199486","0.42471609781466557","0.5021565672998946","8000","1706.1918220449497"
"200912","0.5764574556283448","0.6121054598941145","9400","3316.8159062757236"
"201285","0.37778853953237956","0.5459067742093003","2000","412.4746458987281"
"202720","0.389106762224979","0.5263143323908982","10000","2047.9246578922377"
"204428","0.5236243212547707","0.559380815135336","4000","1171.6215985927224"
"207148","0.3921115919624196","0.5182468325786398","2100","426.7422401589732"
"208728","0.5095194447121052","0.5309217307036844","8775","2373.768646005491"
"210194","0.6472977652019344","0.555373152770428","3800","1366.068842437512"
"211133","0.4632849641530755","0.5230469717093933","500","121.15989876938049"
"214968","0.48560163252564337","0.5121946386329317","9000","2238.5029742193024"
"215577","0.46945782639393996","0.5159900053535716","9000","2180.1199171885664"
"215865","0.45528253488363557","0.5416565482419625","16800","4142.9936741746715"
"217788","0.37677702598477003","0.5244454952701634","9300","1837.6708301907179"
"218282","0.5323058983744979","0.5480414824311808","11000","3208.9828501722345"
"218680","0.4501575386157778","0.5071569234758199","13500","3082.056916911644"
"219070","0.4225706507581348","0.5110993994892196","6000","1295.8536350655086"
"221264","0.43830197238401636","0.5520683942076863","15000","3629.589991081584"
"221301","0.3779490642973754","0.5305954880477602","22000","4411.837501017325"
"224381","0.5253089370451949","0.5671621575329788","25000","7448.383752647712"
"226154","0.5208111595658695","0.5788578883679384","5000","1507.3782403237835"
"227383","0.5197653079877307","0.5514839278907068","10800","3095.735907208284"
"229565","0.36046732073808485","0.5087979369656984","7000","1283.835203945632"
"231321","0.34595331117268624","0.5241515790009872","10000","1813.3197431178335"
"233852","0.43831572250007633","0.5159620957222383","9500","2148.465838306891"
"237549","0.2561808414323967","0.4852824354843529","4000","497.2802506189772"
"238587","0.33902044296062117","0.5343094617883972","8000","1449.1346433084282"
"238983","0.4036991601179444","0.5244321604600798","10000","2117.1282271657324"
"241659","0.38317218461759484","0.1747237909536316","12100","810.0864898808888"
"245733","0.24794442568122754","0.5043713548834912","6400","800.3588218665587"
"248130","0.3814968916534306","0.5217931864817927","1450","288.640594156677"
"248583","0.41070310498404905","0.5221518601937658","18000","3860.0890245859805"
"249699","0.6321823014892181","0.5432305346301021","20050","6885.5856289146095"
"250951","0.4038916024636843","0.5168760973241627","15250","3183.6192071573278"
"251142","0.3691434260967733","0.5466495780674118","17000","3430.465668076719"
"251996","0.39816575496452833","0.5081596799472903","5000","1011.6589130437296"
"253227","0.38651167855947144","0.5433304768451875","750","157.5026809634636"
"254201","0.47126637648034064","0.5539889712300073","17000","4438.298376387833"
"254250","0.5280886828200864","0.5510880881820093","3975","1156.8179458583606"
"256365","0.3918954474321732","0.5124372915577267","25000","5020.546041398657"
"256406","0.45493851586108747","0.5321139983794985","11000","2662.8706796084593"
"257346","0.46287017562212673","0.5271768932625608","10000","2440.144611683687"
"257612","0.4300103117615057","0.5040253611544765","9000","1950.6249241716775"
"259414","0.5152661168237234","0.5610752300388117","3975","1149.1846437366012"
"259505","0.4418994241121297","0.5431316018645748","20000","4800.190841621082"
"259595","0.38202955125424265","0.5200663968980669","10000","1986.8073222937935"
"259956","0.29498917801986557","0.5438910939457979","24000","3850.6076816495142"
"260368","0.2895873631069511","0.5533425639311095","3000","480.7230419509485"
"261456","0.318451620518719","0.5038539446844787","3000","481.35931556856383"
"262041","0.46401196915770115","0.5304482621571553","6000","1476.8060559589328"
"262215","0.6305373437378193","0.5742360809951063","20000","7241.545863781391"
"262563","0.47887339594011946","0.5443625056480689","15600","4066.619258553746"
"264754","0.3746118619155936","0.5070036768852948","5000","949.6479569802614"
"265007","0.6735786426750635","0.5616155076421196","19275","7291.5823736333505"
"265097","0.3631685342822726","0.49998188719362735","7000","1271.0438239785594"
"265836","0.35639320428766685","0.4963441173149613","7000","1238.2556927944888"
"266047","0.5664070207958838","0.5534748986851523","10000","3134.9206844956075"
"266130","0.5447504104233204","0.5558493093970208","14700","4451.14734958493"
"266798","0.2507016618796538","0.48950305519792203","5000","613.5961471664348"
"266963","0.48147553920405894","0.5240758522178243","10600","2674.6948574222783"
"267477","0.37380701937263805","0.5148079214065787","8000","1539.5105172033318"
"267516","0.6330997103163233","0.5578028999795015","25000","8828.621359765686"
"269127","0.4676271416081529","0.5450652331253574","19000","4842.858642171454"
"269289","0.3935434585295098","0.5567629309786964","10000","2191.1040943838293"
"270568","0.5493024487051024","0.5419026731770462","7000","2083.679257351946"
"271004","0.5025001289036028","0.5420839053186622","12000","3268.7667875903544"
"271045","0.5150067084538108","0.5470655924923211","15000","4226.136751467061"
"271434","0.5450588994657541","0.5327678616239179","11000","3194.2885076020148"
"274375","0.4176687582136259","0.5133434704704468","10000","2144.0752984846467"
"275605","0.5138085411906101","0.514083853706958","12000","3169.6880990738296"
"276232","0.4208202453195862","0.5194936525982653","19000","4153.655480239027"
"277468","0.22613317325789184","0.5046696647437203","8000","912.9804218839512"
"277709","0.5793513260303563","0.5799716062729324","25000","8400.182978854478"
"277895","0.5080741928620369","0.5608688820391495","8000","2279.7040363477913"
"279032","0.255049742017852","0.5066120343945818","12000","1550.5352241057274"
"279455","0.4253091473134082","0.5256351495925495","8400","1877.8824730777692"
"280193","0.2891924722149384","0.495235613957004","10000","1432.1841152910883"
"281565","0.4416589267854525","0.5246925605729318","7000","1622.1460723646646"
"281836","0.22177841069486615","0.5230553646261318","3000","348.00716241662167"
"282202","0.47333526352017263","0.5235558105055108","9000","2230.3568477982917"
"285781","0.37772431085594593","0.5049909517288219","14000","2670.463029223605"
"286636","0.5719791850588625","0.5626016515604932","13150","4231.623109366285"
"289587","0.2405845205619258","0.5014634880294653","7500","904.8326463515995"
"289651","0.31973961640897974","0.49864122362109453","6650","1060.2451012159818"
"290199","0.5120087578012585","0.5394155379116551","20000","5523.709590096883"
"290441","0.41443850546908856","0.5399561292230177","21000","4699.350835495292"
"290850","0.29754651654675524","0.5091254634782346","6000","908.9310488592058"
"291461","0.32787867424726236","0.5239656480277206","10000","1717.9716202643672"
"291954","0.43826621331323923","0.5220601622869526","16000","3660.821287155166"
"292921","0.5682566584532996","0.556707801451933","25000","7908.822874698961"
"293977","0.30307671142503045","0.51874905551843","25000","3930.5189450341572"
"294643","0.4448702497217506","0.5344281806376845","3500","832.1291936251963"
"296353","0.3356739679110281","0.5406689801717629","5000","907.4425095033231"
"296470","0.5763170450848225","0.5688633010847662","8000","2622.7649339069617"
"298280","0.4075183427489607","0.5582591785053348","12000","2730.0102629866833"
"299106","0.29365706533029756","0.5167909405118348","8000","1214.0744878399184"
"299146","0.5341153903577638","0.549379055764475","20000","5868.636176480445"
"300174","0.4959767724114841","0.5486751658266327","10000","2721.3013784902905"
"300350","0.4803650697476727","0.5331466777537953","7000","1792.735287314593"
"300548","0.3198992104978804","0.49150706198418737","10000","1572.327210828743"
"300596","0.45533929491933267","0.5167961164807026","14000","3294.446110135214"
"300867","0.4841224989911941","0.5468193690505231","3000","794.1826783245817"
"300918","0.47053527980341503","0.5314734499921264","16000","4001.2321360021047"
"304853","0.36152006066606857","0.5320558470707533","14000","2692.8840695505733"
"306768","0.4257446031113523","0.5354376093139198","4325","985.9255834251644"
"307519","0.42519714886342475","0.5401685414338544","7500","1722.585927925422"
"307544","0.4468914473339807","0.5467936629461267","12500","3054.467642838042"
"308272","0.5523819817171212","0.5705164893811008","6500","2048.429688543078"
"309242","0.42463062315177813","0.5303185437274961","10400","2341.9707343962814"
"311148","0.4556844583225229","0.5162794155217","10000","2352.605058050746"
"311392","0.5035326229579086","0.5571872594988376","15000","4208.429433812678"
"311749","0.2534429945172978","0.4935154604876757","9775","1222.6378033328165"
"312547","0.39575709357347943","0.5083063525945468","8050","1619.3850502194205"
"312891","0.43660411387846876","0.5823961894839871","6350","1614.6562336976665"
"312947","0.4232419347296058","0.5350782934771396","10000","2264.6757216308038"
"313228","0.35593026355207624","0.5010131009052466","4500","802.4657627171133"
"314413","0.3883231020537391","0.5094305502067726","7200","1424.3302910681066"
"314843","0.5146988264797161","0.5772046546162152","5000","1485.432791847979"
"315196","0.5650173791935598","0.5972250427870208","14000","4724.195398499977"
"315594","0.4474986259750535","0.5191051958826012","5000","1161.4943094698751"
"316313","0.4359382776699394","0.553160654311721","7200","1736.2361009910846"
"318725","0.48986529800991196","0.5353529638534762","5000","1311.2541958928637"
"321090","0.4690117417351589","0.54305094508188","5000","1273.4863480188835"
"321780","0.5963200646605449","0.5790761439857318","10000","3453.147236249506"
"324428","0.42909314043078794","0.5945414352867259","5000","1275.5682579170464"
"326469","0.3431315977335093","0.5107023584584814","9600","1682.2859157516493"
"329925","0.38446074379214934","0.5446700448941273","5600","1172.6638032552776"
"332728","0.4168705735097228","0.5470514381704402","3700","843.7836930468912"
"332922","0.4475744875515755","0.5270462564834696","10000","2358.9245816156513"
"333351","0.4968694728018641","0.5291671619729823","4125","1084.573911273494"
"333591","0.34887205826243683","0.5264546341739473","5500","1010.1592149333477"
"338592","0.3971899138534952","0.6016166964722096","5600","1338.1540695298795"
"338733","0.49802425040637965","0.5352393387127242","9000","2399.0595340536975"
"338772","0.39062658052445387","0.5077264802253316","4300","852.8252728921935"
"345439","0.43440879749298067","0.5538183957434256","4875","1172.844968706417"
"345808","0.4062581154191346","0.5425206076795479","4625","1019.3657233902078"
"346294","0.4904447070375261","0.5333484130990419","7500","1961.834296584668"
"346656","0.4601516903505407","0.5551206636481174","5850","1494.3223135982419"
"346719","0.4326705667388152","0.5397574684258207","5125","1196.8779950472035"
"346726","0.5052642164271592","0.5494473102227739","5000","1388.0803233386007"
"346919","0.5119561000501064","0.5597639823005929","1750","501.50552432247457"
"347076","0.28050854463541675","0.5225947953680053","7000","1026.1461383790584"
"347158","0.3130172344413179","0.5074375663547711","3500","555.9284628520112"
"347295","0.41937933733024846","0.5370424253798085","7000","1576.5714753180944"
"347512","0.3504203921018606","0.5260987245991375","5050","930.9963928595087"
"347554","0.4283711797612467","0.5899734398904131","4800","1213.0925686735545"
"347648","0.44855060392280544","0.5445100576828666","10000","2442.4031521569145"
"347709","0.4306762543862642","0.5413460872330346","6000","1398.869431057099"
"347722","0.5607560087558483","0.5645835348808912","5000","1582.968048145384"
"347858","0.35605132150637364","0.5048809638224081","4000","719.05413748952"
"347936","0.4794148928896451","0.5628267677538801","7500","2023.7065093361366"
"347987","0.4234343324882668","0.5369696200241247","4000","909.485490485574"
"348410","0.23411731777847278","0.5107627346311939","7500","896.8380108978973"
"348644","0.2229121560041566","0.4859127547702979","3000","324.94757938729833"
"348670","0.333681548506375","0.5248750685240997","6600","1155.9314292075744"
"348844","0.6398106325488254","0.6090067535836124","5000","1948.2449811841886"
"348958","0.3903790272962159","0.5221978201857392","1600","326.168123360501"
"349297","0.4119080560718055","0.5350744012769445","5000","1102.0072824188571"
"349389","0.35717406568890153","0.4976970871890345","4000","711.0579684513247"
"349525","0.33661334330305825","0.5041682283228164","7500","1272.8231469219213"
"349607","0.47958974646935826","0.5080568365439659","7500","1827.4413707260862"
"349789","0.4526975395670638","0.5372757511516968","5000","1216.117053077096"
"350044","0.4506900913808156","0.5504143313849824","7500","1860.4971398190619"
"350153","0.4638070084973077","0.5441411723404276","2100","529.9906276212065"
"350412","0.3669170291812275","0.4986680248153017","2000","365.93958042580226"
"350705","0.4418287103823988","0.5122755872556829","7000","1584.3664345429506"
"350713","0.4270203066051955","0.5333899418470556","4000","911.0733460306283"
"351023","0.45030525035103286","0.5358825827333324","7500","1809.8305543236852"
"351230","0.40153571263344634","0.4978687686033828","3000","599.7362723972872"
"351355","0.37753653626423544","0.5551785201419992","6000","1257.6010530162866"
"351406","0.3815129276509107","0.5385335228796817","7000","1438.2025066639026"
"351780","0.23050524662480065","0.49339302926164263","7000","796.1077732503869"
"351835","0.5001235249883647","0.5686284908622861","6500","1848.499154182594"
"352021","0.3933341454117142","0.5588873906418358","7500","1648.7212063461702"
"352047","0.36104019010194854","0.507058753806007","5600","1025.1840976550761"
"352080","0.372734956601556","0.5327568016401297","3000","595.7312500155526"
"352130","0.35720828167032004","0.5379019481474009","2300","441.9289703911565"
"352189","0.45826371436509383","0.5173797170096255","6000","1422.5781051239526"
"352258","0.47932677575787697","0.5300772119250685","15000","3811.2030134215192"
"352346","0.37465713445130244","0.5201477430130136","10100","1968.2583351745384"
"352378","0.42699569054721664","0.5246617686392556","10050","2251.484557748622"
"352661","0.4074455777486954","0.5346968963805623","4450","969.4764921046457"
"352725","0.4668051006319922","0.5443497055962964","5400","1372.1681831393219"
"353195","0.45176008017129565","0.5518217270963072","6300","1570.5334743417304"
"353366","0.4072336250810452","0.5309669482506129","7050","1524.4045456969334"
"353675","0.5519867095882637","0.571466342245446","4900","1545.6649468928713"
"353886","0.37610506301764124","0.504362244938064","2375","450.52133555085527"
"354245","0.5468421057754262","0.5496125123351963","4375","1314.9117782758176"
"355666","0.3279103353452921","0.5487182235446493","4300","773.7006197781753"
"355876","0.499874367217804","0.548846457881819","4200","1152.287958500311"
"356125","0.39962448668080386","0.5178873357546551","3500","724.3616124830511"
"356159","0.440088929327645","0.5318175417830736","4500","1053.2115565243782"
"356546","0.3811024173495321","0.5250796599173108","7500","1500.81845771668"
"356756","0.45891467286006604","0.5251971027783512","1000","241.02065660858153"
"357184","0.5035607143114871","0.5971840936419559","7500","2255.3883657735096"
"357595","0.31853464313336477","0.5044507973234943","4200","674.8772297558785"
"357812","0.43691735197613357","0.5501722326969104","4700","1129.785036691437"
"357867","0.448616979241485","0.5309188482193612","3000","714.5376297316149"
"357881","0.37272170297584795","0.5355111759603935","7500","1496.9747809991763"
"357886","0.2900518179281112","0.5098479694729297","1500","221.8234956188691"
"358280","0.48097221944803337","0.5807928151547214","7500","2095.089070083283"
"358470","0.33240139859683704","0.5178097774966518","11250","1936.3578102787956"
"358509","0.2784036765884298","0.5177601292598466","4000","576.5852943073677"
"358548","0.4870436878720805","0.5541357528013313","7500","2024.16240469599"
"358778","0.4194996169670978","0.5158033956673381","8000","1731.034615302214"
"358873","0.2950924537934625","0.4951132879635339","1000","146.1041950509084"
"359183","0.48100713750199753","0.5610171606320353","15000","4047.798877876705"
"359243","0.4394098390439003","0.5697778986513462","6500","1627.3790957915382"
"359401","0.48632486688831356","0.5709170486130603","6000","1665.9069460260923"
"359543","0.37820555576442205","0.5110566367187405","18000","3479.1202677115366"
"359600","0.475599113166419","0.47013498724598135","15000","3353.9367450404166"
"359689","0.4710378502480701","0.5171691981415251","10000","2436.0626730710214"
"359757","0.7262856874800567","0.577390101997783","20000","8387.003343472797"
"359789","0.4497340082645195","0.5288415570712286","12000","2854.0563983819193"
"359903","0.4686672780692256","0.5122692155104205","15000","3601.2572830788945"
"360185","0.421785463888133","0.5646297065365865","10225","2435.11036257227"
"360350","0.38185856035170784","0.5319573563672905","15000","3046.987054063709"
"360494","0.49942314719847536","0.5547678344063308","15000","4155.958467355385"
"360521","0.4748478367879764","0.550939254797574","7550","1975.1729657336684"
"360708","0.4475638002684016","0.5933047558545324","6500","1726.0212531092095"
"360984","0.4317215142188513","0.529653133314016","2400","548.7903665402066"
"361003","0.4357323749971589","0.5539494055607275","10000","2413.7369011324017"
"361289","0.5571101482524756","0.563527669724696","8000","2511.57586899758"
"361549","0.42219643410948204","0.5262308961741665","3000","666.5184236489105"
"361726","0.43342492494187534","0.6282840367327401","5375","1463.6875428639817"
"361755","0.452536931567629","0.5627236978453619","8000","2037.2260443466375"
"361859","0.40778288804494456","0.543284239339817","10000","2215.4201614729145"
"361904","0.5234091418914861","0.5503015650901808","8000","2304.2629597231467"
"362153","0.3939612014439853","0.502788271298436","6000","1188.4744285960576"
"362159","0.4060159527918029","0.516934911420552","1600","335.8141129468187"
"362272","0.3901284701387254","0.5497737649455048","2400","514.7577548174328"
"362317","0.5934465007123261","0.5656742174023656","7000","2349.8816940243223"
"362393","0.43368555531769226","0.5393587923060223","13300","3111.031160844338"
"362395","0.5111682774911489","0.537792334482259","6500","1786.8654782240608"
"362601","0.47622030718802544","0.5559631375706762","4000","1059.0437446365033"
"362852","0.40108222137774685","0.5460972009764906","2400","525.6717082939697"
"363092","0.5477007657490047","0.5775733520307202","14000","4428.72314056823"
"363131","0.5613844084394936","0.52495043205181","5425","1598.7420085842311"
"363247","0.46639124950264443","0.5413054778327815","6000","1514.7608290143417"
"363433","0.4300624667073","0.5155792716813247","5000","1108.6564668121184"
"363701","0.6308382806121807","0.6318172869811128","15000","5978.61796470327"
"363758","0.3281198903541608","0.5057218673653201","6000","995.6244220176616"
"363765","0.39212933321476484","0.5216751100958089","1500","306.8461696149129"
"363803","0.4023335014513516","0.5321028248854821","5000","1070.413963341657"
"363811","0.238320021961422","0.5284088382997928","12000","1511.1648713785933"
"363859","0.6762108520843786","0.606346192320421","7750","3177.6385340951056"
"364154","0.3599071700955926","0.5736302854059043","7200","1486.4662994512762"
"364420","0.49307901358460016","0.5537793040566684","4800","1310.6733743415766"
"364451","0.4277592239612097","0.21826889540055436","5000","466.8326665570579"
"364454","0.28138213269999424","0.5599663159520906","9600","1512.6193557384772"
"364550","0.3776734950361269","0.5262396404804764","6400","1271.979291179625"
"364557","0.475939884261636","0.5369619492785831","3000","766.6848239776539"
"364585","0.46005435411589324","0.5400975973696095","3200","795.1176042157487"
"364713","0.41766969476467675","0.5362969437722588","6000","1343.96988485153"
"364755","0.27921209861451124","0.5003841189727318","10000","1397.1329997174971"
"364909","0.5125952110568129","0.5655329867997095","5000","1449.4475036409347"
"364922","0.26779411387094465","0.5217645195099161","12000","1676.7056058174865"
"365014","0.2893853790123798","0.53227512474656","8000","1232.2611097091603"
"365199","0.5766014064608631","0.6234189646699388","25000","8986.606296076547"
"365326","0.3490940098655616","0.582446966962551","12000","2439.9449667718945"
"365566","0.5681315080908156","0.5607033847075793","17600","5606.537368001535"
"365595","0.45022786110023316","0.5248605658318383","1800","425.352329874588"
"365632","0.38121428291659365","0.5087471081677617","15000","2909.1249603909596"
"366004","0.49912057412328625","0.5434447250538944","4000","1084.9777726926848"
"366092","0.26816144328280644","0.5745107058502674","12600","1941.1764127841182"
"366128","0.3223550062713435","0.5132589892029469","4000","661.8064187333574"
"366198","0.4231882373718012","0.5387873396622423","5600","1276.8474017034753"
"366231","0.48845467914344076","0.5940389391506101","1000","290.16109942152116"
"366248","0.5896277234849884","0.612560665790841","2450","884.8977396234208"
"366342","0.5454351503243402","0.6020707067707536","10000","3283.9052645338775"
"366380","0.39416496865128126","0.5367281065059708","3000","634.6782518255626"
"366404","0.3941642545747479","0.5321127279574113","3200","671.1674136482196"
"366533","0.41298405259575033","0.5617586815508817","5050","1171.58675328303"
"366563","0.5167166458657364","0.5651837726128975","12000","3504.478359387354"
"366620","0.2406113180237509","0.47597981344262535","9000","1030.7351723861625"
"366655","0.5194432636484376","0.5585511154836299","20000","5802.712286825842"
"366783","0.41600974707965566","0.5282924653661594","1375","302.19037048896257"
"366913","0.5395136036809529","0.5618638566232697","7000","2121.9323584542894"
"367108","0.4828730798968608","0.5413249577473158","2000","522.7824991449689"
"367176","0.6308003236661006","0.6763934300788988","10000","4266.691946193934"
"367379","0.4295872843373443","0.5435780441482376","4800","1120.868235893023"
"367464","0.2978278813957157","0.5258107694776734","10000","1566.0110748858651"
"367643","0.4569497860311823","0.5368896903150464","1500","367.9974436677123"
"367791","0.47755717430837996","0.5732974434020075","10000","2737.823071092811"
"368223","0.28847132779700413","0.5435553729334318","15000","2352.0021024195426"
"368243","0.3052478703255814","0.5271464320952728","9600","1544.7391271693832"
"368374","0.42566670806433016","0.566611941731937","12000","2894.25407984366"
"368432","0.381258593234131","0.5368058196147442","15000","3069.927474393181"
"368765","0.42077980083464994","0.5623442441313627","5000","1183.115495230533"
"369118","0.44739874822159686","0.5489479384527244","13000","3192.782066533476"
"369275","0.5581373109740264","0.5297355513998622","1525","450.8893936831349"
"369320","0.550402150394073","0.5219862071971647","13000","3734.930301925753"
"369360","0.3356543237373957","0.5273976651494042","1200","212.42796796368566"
"369434","0.48236895707931693","0.5367985279047451","5000","1294.6747303356226"
"369673","0.5983270936138788","0.5431609621577841","15000","4874.818797785774"
"369880","0.4770817863837624","0.5707681561163073","14000","3812.243281433077"
"369882","0.43657370447479993","0.5496163208223551","14000","3359.2724650971595"
"369965","0.34144951226520204","0.5081099883925024","7300","1266.5055263099912"
"369981","0.5718444309414217","0.5543598534991617","15000","4755.11392441497"
"370055","0.37198063194871755","0.5263298497268336","9600","1879.5312971026667"
"370141","0.3173566166239592","0.5286210871959804","14000","2348.6595959203337"
"370696","0.3584938922428148","0.5636549694251581","10000","2020.668638712297"
"370875","0.44859126126294435","0.5585637995294405","6500","1628.6844556237718"
"371011","0.39685392413420795","0.5465791463677774","10000","2169.1207908597808"
"371029","0.2643560343647079","0.5370557899077372","6000","851.8436331156906"
"371299","0.3801798193714019","0.5490052321709753","5000","1043.6035500035796"
"371505","0.561895467766393","0.5360180650040446","12000","3614.233456400214"
"371779","0.5051638660893492","0.5512560482947104","10000","2784.7463656169293"
"371879","0.530676434437717","0.5628822289938511","15000","4480.625014362171"
"371908","0.5069600337127942","0.5632549978130804","1600","456.87643628835053"
"371993","0.4567822701965726","0.5495551920443676","10000","2510.2706822033965"
"372049","0.35270771092858233","0.5323966800825306","4200","788.6777402191218"
"372193","0.36371719245648126","0.5151983506000456","8350","1564.6772552811285"
"372378","0.5289751694409519","0.5657082116917591","5000","1496.2279856689308"
"372505","0.48921082727911125","0.5591189781198059","1600","437.6432925335065"
"372540","0.5165564377994554","0.5255951851892776","15000","4072.493648788775"
"372610","0.557411593427077","0.5619722712499252","6500","2036.1240846651533"
"372766","0.47931424900027575","0.5803712169901556","14000","3894.5227161821754"
"373255","0.5960166153305584","0.6298233779939473","15000","5630.77797012017"
"373258","0.3019613618174868","0.5364182855559635","4000","647.910384041121"
"373291","0.4490225491447224","0.541676152747654","5000","1216.1240345882882"
"373384","0.42658642827504634","0.5520030166998816","9000","2119.2929576194792"
"373398","0.5070533024930257","0.5768424329717883","7500","2193.673954923428"
"373422","0.49902569545896247","0.5735512351756443","5000","1431.0840200743644"
"373485","0.35217536135250305","0.5393049336822788","2000","379.85981979748846"
"373603","0.41055306635679323","0.5350972186404167","2400","527.2459293883547"
"373874","0.3319109545557446","0.5302023539173811","6600","1161.4677980163767"
"373881","0.24586666622033393","0.5164950984880915","5000","634.9446399220504"
"373952","0.4019129466240866","0.541642248719212","5800","1262.6195867532422"
"373988","0.32365517615974315","0.5393775452738829","15000","2618.5850164834264"
"374102","0.5038333925746408","0.5440487119443118","15000","4111.648623971491"
"374171","0.406791753395106","0.5639956170456","6000","1376.572595790806"
"374325","0.5528488117313188","0.5603442381847376","4200","1301.0997142118777"
"374466","0.4871299232996018","0.5283867962964058","15000","3860.895293285858"
"374480","0.5623069614878922","0.5531135098164355","15000","4665.293655941749"
"374940","0.29054313706184376","0.5401032423128767","15000","2353.849355382845"
"375174","0.2542377383264006","0.4935397282254955","4000","501.90569711310565"
"375466","0.5512853419924517","0.59198489500379","6000","1958.1155717791798"
"375517","0.48342374805985244","0.5378084046689343","3000","779.9680641694381"
"376101","0.6812193362011236","0.5926128738469575","15000","6055.490228193969"
"376314","0.3741526184046058","0.547531553244701","10000","2048.6036430564573"
"376318","0.4555663488096957","0.5754031769305807","6800","1782.5134059727952"
"376408","0.6868221117778781","0.6129219921735577","8000","3367.747016157976"
"376478","0.49045215758620475","0.5690732886629869","10000","2791.03222249439"
"376490","0.3309932268075608","0.5359971770909703","4000","709.6457408203355"
"376534","0.42657873169831206","0.5388163311669493","5000","1149.2379358376745"
"376664","0.20275083785070092","0.5047516943598286","3500","358.1859012830565"
"376737","0.3481096559047989","0.5271433537865057","3600","660.6132893968398"
"376827","0.5158622560313062","0.5563101606329243","10000","2869.7941451723864"
"376902","0.5004700741571552","0.5449902156340712","15000","4091.2694044996147"
"377020","0.49191936347898724","0.5506624953196307","6000","1625.2892651363013"
"377081","0.5445383422386054","0.5683918432113814","4500","1392.8001841992193"
"377100","0.5684226134394565","0.5753839931973846","5000","1635.3063657224393"
"377886","0.4775012988716347","0.5478504290165819","4800","1255.6765989254407"
"378036","0.25637595956634596","0.5023394708506657","6000","772.7265832043392"
"378236","0.44657266752439273","0.5809858509219429","2500","648.6310031003529"
"378334","0.4735938145900016","0.5434633520717191","15000","3860.713229962718"
"378466","0.3494738166433824","0.49971630804188716","3350","585.0365141246339"
"378776","0.5537790827232298","0.5692539735779156","11050","3483.412423736077"
"378905","0.5073875629532696","0.5518880887655943","6400","1792.1353752429607"
"378929","0.5997968872883598","0.5856581389801533","13475","4733.443140248374"
"379234","0.5792849118301189","0.554278188666994","8500","2729.2224290361996"
"379256","0.6167190083230147","0.6048232790942932","5000","1865.0300644685324"
"379357","0.5035847976600074","0.5559381170121256","9000","2519.657857503331"
"379549","0.2430785192466468","0.5132005123669181","6000","748.4881237366254"
"379568","0.4102393874457396","0.5243812673162555","11500","2473.9012737561748"
"379597","0.6214330613484218","0.5778541281288846","6400","2298.225023078118"
"379740","0.5303421548984719","0.5605922293667535","5500","1635.1813001793635"
"379776","0.33240216461873884","0.5209893198736124","4700","813.9364950453964"
"379811","0.6019939517211548","0.621948167564334","15000","5616.135527366766"
"379963","0.38794418886074133","0.5585220844107767","6000","1300.0523819852956"
"380158","0.4377310865993813","0.5538161195963309","5000","1212.1126590357742"
"380192","0.48516884104517255","0.5451883216680318","5300","1401.8944467277208"
"380233","0.39930195184242445","0.5335321909879552","7000","1491.28311662579"
"380513","0.23127609428728124","0.4704206959525334","7000","761.579428622646"
"380679","0.3332008780899539","0.5288923849725252","14400","2537.6746620662693"
"380974","0.3936107594438373","0.5376674756043998","16000","3386.1072544143785"
"381025","0.5481107149611416","0.6071796741762568","20000","6656.033706452424"
"381235","0.4663534645926587","0.5766283139398618","10000","2689.126119880778"
"381258","0.31665827367915966","0.5403411216270745","6000","1026.6209206337417"
"381265","0.6377532575342425","0.5985885149396792","8000","3054.0142026029202"
"381426","0.5013666915334328","0.5354708376623432","3000","805.4017268742147"
"381578","0.40510725485180854","0.5518828057389479","17400","3890.1480747310525"
"381731","0.32387965787455164","0.5287955125144307","3650","625.1213003275178"
"381738","0.43004012240641754","0.5856993429797235","16000","4029.9874743737378"
"381795","0.5743711391556952","0.558147759234054","15000","4808.759464326934"
"381812","0.3219929567596578","0.5230416580789041","5000","842.0786499665014"
"381874","0.5669702164520461","0.5726406564609734","18000","5844.063544972558"
"381882","0.4641005338752474","0.5860960497874715","3500","952.026213629887"
"381989","0.47258369624278107","0.5739662827419503","3000","813.7413222507602"
"382029","0.3767566578560333","0.5301500465474452","16000","3195.8009551909754"
"382113","0.3090790878115077","0.545206577018406","11200","1887.3338567292549"
"382138","0.5744148870992223","0.5669081042456877","8000","2605.1236375673666"
"382211","0.5573401972367751","0.570606565403269","7500","2385.164817798426"
"382245","0.4485338655332922","0.5622944567131232","9000","2269.872956137316"
"382368","0.4800665004842508","0.587632711049746","7500","2115.770843727934"
"382380","0.6553739336363122","0.6004579592091986","18000","7083.440904782967"
"382651","0.5280964942216005","0.5398589733695384","9325","2658.5354110381513"
"382919","0.5264057993686093","0.5418512203302405","10000","2852.336247767967"
"383004","0.41254609326295166","0.5777911524853432","8000","1906.9238614378137"
"383164","0.5234990285617394","0.5370372238567231","9925","2790.299265030593"
"383183","0.7079195709931005","0.5974665207095419","6000","2537.749458140636"
"383639","0.5137472677058066","0.5869641521377026","8800","2653.6508187376007"
"383762","0.422362973445198","0.5774373946093294","6700","1634.0507722698183"
"383816","0.36419116341670477","0.5314350591675102","2200","425.79669545300993"
"383826","0.4698960234361268","0.5322709486024639","6000","1500.6720128332372"
"383996","0.3437892713486609","0.5545937683899196","4000","762.6535501171138"
"384060","0.5893803333316161","0.638456108139504","18000","6773.28252899161"
"384126","0.41647144975347095","0.562005513314778","6000","1404.3555053978953"
"384200","0.43844925573371785","0.5448656562803864","8000","1911.1675317679933"
"384201","0.47752772941596633","0.5379189757309266","12000","3082.45472508662"
"384618","0.47222493866958437","0.5544652370856173","1500","392.7484688657583"
"384947","0.565178873720127","0.5817378713976992","15000","4931.789324353435"
"384963","0.4494693806426303","0.5358186858246856","8000","1926.6727428349566"
"385099","0.47531010963501963","0.6484943885255391","8700","2681.6526684975906"
"385229","0.48610800337144233","0.5408411456972044","7000","1840.3504663319397"
"385291","0.21696611740865357","0.5262348803585276","6500","742.1384024365809"
"385412","0.31298298712182626","0.5055475899427884","10000","1582.2779483253405"
"385442","0.4121851511347473","0.5282576770778651","6850","1491.518797681348"
"385561","0.36588175558866975","0.5308735991803292","6000","1165.4217867826478"
"385577","0.465497421471444","0.5786942866691364","8000","2155.0455861179166"
"385661","0.567726692572426","0.518164126716454","11100","3265.3492251615717"
"385688","0.5340044376839941","0.5417163745525727","10000","2892.7894797715853"
"385786","0.5704213167062688","0.5592635131957404","11000","3509.174125411768"
"385924","0.27353715083439967","0.5228545386276299","17000","2431.3423935496194"
"385950","0.4132484015157639","0.5228412188459889","5000","1080.316489673293"
"386100","0.35024114411171126","0.5061974826688255","8500","1506.975076549379"
"386188","0.6585258258106619","0.5941656915480026","9500","3717.0978006026085"
"386288","0.6397196213276451","0.5764643133847971","4800","1770.1225548836321"
"386400","0.5092088607630053","0.6311301883930238","10000","3213.7708422475257"
"386450","0.4614379342059327","0.5474876802325931","2400","606.3158020073424"
"386544","0.2953284293173104","0.13683654985207064","10000","404.1172334101187"
"386779","0.5135785091494438","0.571341110232315","22000","6455.427343395808"
"386939","0.4358883837484586","0.5660920812853105","5000","1233.7648118212753"
"386940","0.5685740127199808","0.5968769844232378","4200","1425.3487169616315"
"387069","0.36208959138180086","0.5207287540294685","5775","1088.8789167060681"
"387083","0.5035866481354322","0.5446522475514128","6500","1782.8173983349966"
"387100","0.5419539195818988","0.5685259233596203","8000","2464.918820389315"
"387195","0.5288696225953873","0.5863412489262076","4900","1519.480567655386"
"387285","0.401848957588007","0.5452829954552957","5000","1095.6070165708825"
"387377","0.5906104389581954","0.5638946000874142","20000","6660.840745675676"
"387445","0.37008379134384395","0.5322458801142541","9000","1772.7801591584177"
"387512","0.3862862428161383","0.5284267842540515","6500","1326.805981103926"
"387587","0.2906737813048377","0.5598504644655625","2000","325.4677029429494"
"387634","0.3500525790181479","0.5245906233827266","15000","2754.5145096579204"
"387655","0.35762425032084366","0.5151945524555533","7750","1427.9070083325737"
"387659","0.6336919929781563","0.5786716788517847","8000","2933.5968756128245"
"387823","0.49787387532355376","0.577960717928158","8500","2445.8881105672403"
"387827","0.28023819119756876","0.5126897929530426","8000","1149.4020817809337"
"388441","0.34289014157774633","0.5577333179344013","5000","956.2062817457653"
"388494","0.39439634614313257","0.5676767692534092","4750","1063.475807023443"
"388538","0.35425685839789767","0.5277479945800734","16500","3084.8127186645042"
"388582","0.761422537963161","0.5932258056780976","12000","5420.345982535896"
"388737","0.3312706774525853","0.4854467379882068","15000","2412.214046407514"
"388774","0.5256932081833142","0.5709691316494704","11200","3361.7314594130535"
"388946","0.5049864651345746","0.5497954107001667","19000","5275.145578937088"
"388996","0.6488395645437688","0.5732876123761336","11500","4277.674374883375"
"389001","0.49455999461553035","0.553407362319351","16000","4379.090274061648"
"389118","0.5031904985263931","0.6507838238415741","10000","3274.68236751754"
"389170","0.34401485849028013","0.5280870482741408","12000","2180.037494190939"
"389232","0.4764119166406039","0.5462529202107067","12000","3122.8968082573156"
"389526","0.5220062734116948","0.6076527746442594","10000","3171.9856042032625"
"389554","0.42035191305424446","0.5397224689035931","15000","3403.1005848297796"
"389650","0.31631163331787027","0.48711023262443015","5000","770.3931664364062"
"389675","0.5021065359680936","0.5623973599240768","3000","847.1501706872382"
"389701","0.550577672142875","0.5702241267287391","8000","2511.6213783521034"
"389730","0.4059140051456992","0.5671777345961916","20000","4604.507717588091"
"389847","0.5563781651865018","0.558761862368074","20000","6217.657995210833"
"389857","0.2840854469625007","0.46341480594478773","3000","394.94820682759666"
"389918","0.4746529036288336","0.543965643654254","10000","2581.9487223481906"
"390018","0.37666398739037266","0.5274303015922865","16000","3178.6240074921193"
"390155","0.42516331399725793","0.5413819629252162","20000","4603.514989912511"
"390193","0.5085313710250643","0.6512367262065072","9500","3146.15589977686"
"390255","0.5357121996468757","0.5474148990371465","4500","1319.6557785719795"
"390261","0.5362158368811539","0.547306080611331","9625","2824.68905993456"
"390363","0.48065744052630843","0.5490933378794517","1600","422.28127743229555"
"390511","0.33907993159364047","0.5280784566621849","10000","1790.6080696108888"
"390572","0.49251427603725406","0.5415857460141695","4800","1280.3458157292714"
"390660","0.47042321729448944","0.5783531944782075","20000","5441.415409579678"
"390765","0.2580500139298705","0.5070006649846214","10000","1308.3152866173514"
"391013","0.7395807468535546","0.6080853608190231","15000","6745.923379578695"
"391203","0.46962836722519463","0.551196591246833","9600","2485.0325296064943"
"391247","0.4931839796857014","0.5979665470794312","12800","3774.816274016656"
"391319","0.4660294315473634","0.563129572241636","9150","2401.279833119408"
"391348","0.37365154260033095","0.5527385307227213","12500","2581.6450582398156"
"391479","0.5142687330338163","0.5439629810559734","11000","3077.1746839344855"
"391632","0.5317975191193727","0.5786998399871145","1500","461.6267088298881"
"391704","0.6358602745894197","0.5527680649644097","12000","4217.799042870381"
"391767","0.574554944521445","0.5522498739750235","9375","2974.667772222136"
"391826","0.46079385641430826","0.5432726676836819","16750","4193.139852743083"
"391877","0.3440526033706921","0.5568751567755499","8000","1532.7547795287219"
"392041","0.6428389738611602","0.5880170023302153","12000","4536.002956690452"
"392210","0.5973618487979365","0.6022082712557382","1600","575.5779940459793"
"392340","0.5780973031182495","0.5664984949553983","4000","1309.965008617052"
"392788","0.4010190883295581","0.5546769478055483","6400","1423.5906811289785"
"392992","0.5459160824083998","0.5526454280739049","15000","4525.470405825289"
"393167","0.5982538291981292","0.5581898083606349","3600","1202.1810849760311"
"393228","0.36396138199911443","0.5577087956328776","10000","2029.8446401160381"
"393310","0.5102208526475932","0.5570594582585057","6600","1875.8741216692035"
"393847","0.4204627555319419","0.5537532315184016","8500","1979.0771816760284"
"393966","0.3421683093756729","0.5548361931010677","5000","949.2368108691336"
"394291","0.5075759539716724","0.5543507903167647","1500","422.06269684497363"
"394333","0.45188371616112877","0.547177912304915","15000","3708.911826204498"
"394415","0.5531423140683978","0.57242736615035","3200","1013.2281534351442"
"394882","0.5962922140504148","0.6211643241849547","3500","1296.3840755508168"
"394898","0.3060628511689112","0.5063826865155708","5000","774.9246440876428"
"395073","0.5585359399327188","0.5786653445068943","3200","1034.257254722076"
"395125","0.48741937104534694","0.5416733174728807","8500","2244.1875755747637"
"395180","0.48518375278068593","0.5448331438044596","1000","264.3441893503468"
"395243","0.3079944922860651","0.5054739440382473","8250","1284.3863237526327"
"395272","0.4418915709070891","0.5340109684028986","9000","2123.7745113825554"
"395514","0.545627656330896","0.5502425192206354","5500","1651.2514489677983"
"395566","0.28663719889437456","0.5104828024381234","2500","365.80840143653523"
"395645","0.387190794794109","0.5515510939517546","15200","3246.0436978384505"
"395659","0.3173173713523785","0.5210753487790463","6000","992.0775597065445"
"395663","0.4495732302074813","0.5321834518294158","7000","1674.788034513426"
"395677","0.2501038160510135","0.512936908883244","10200","1308.5322787121252"
"395879","0.4447062225590003","0.5794455726205167","3400","876.1223760472633"
"396124","0.6086460933057684","0.572409303774731","8000","2787.1574921149186"
"396139","0.5140961672971998","0.5888185789086404","10000","3027.0937465031584"
"396154","0.592807169844577","0.5955383945943953","10500","3706.9140174495074"
"396631","0.3329043439048506","0.5187684850733978","3200","552.6409029179928"
"397112","0.47299889198169753","0.5683179548795003","4800","1290.3060621662787"
"397142","0.3828548431451758","0.5586914628289276","10000","2138.977323679179"
"397191","0.3897498189252051","0.5392343566085661","4500","945.7492178089716"
"397316","0.5423696087677727","0.5637688393598036","3200","978.4674714849215"
"397354","0.2803606811967604","0.5118798574251651","5000","717.5549275930993"
"397394","0.2592823479551699","0.5415638314212514","3000","421.2538253354997"
"397504","0.3511167603740951","0.5344118058016416","10400","1951.4657963709215"
"397594","0.5834597082442983","0.578727273962994","14000","4727.296649872531"
"398139","0.3781558734320929","0.5345566664990833","7000","1415.0202018323619"
"398306","0.33646916958505535","0.5469289782163218","7000","1288.1731738571405"
"398643","0.5585240830511091","0.5414561660849471","10000","3024.163086749641"
"398740","0.255300484049815","0.5156631274880176","5500","724.0697532988279"
"398812","0.35563758255554445","0.506029928551951","3000","539.8897814729122"
"399319","0.3249124773112665","0.5486889543676351","3250","579.3966341699795"
"400049","0.47382796958101636","0.5430263956550501","15000","3859.51641723195"
"400238","0.49789715965283854","0.6018939379798853","8000","2397.4502570595732"
"400248","0.7289291807177873","0.7134509210028722","8000","4160.441562631796"
"400254","0.3683689700211169","0.520377875188253","3000","575.0731857146221"
"400532","0.39157498223248655","0.5471920197803907","8800","1885.5470077247312"
"400534","0.5079150491639117","0.5863328322153135","9000","2680.265423709509"
"400607","0.3155037320040456","0.5326600379816901","3000","504.1686896179197"
"400653","0.5301238342468282","0.5809237402513393","25000","7699.038014676212"
"400773","0.3755934145237293","0.5393216497047302","3000","607.6969798175107"
"400783","0.5606999232617498","0.5361692008537039","8500","2555.3552530788766"
"401137","0.528200852382291","0.5588559418980623","10000","2951.8818486946457"
"401199","0.7643208939702774","0.6089771955618523","9000","4189.085950674126"
"401205","0.25755087633953977","0.521476523170189","10000","1343.067355329785"
"401281","0.4694378257837025","0.5421717134417714","13000","3308.706834673887"
"401630","0.3866128200567025","0.5402678669220856","1200","250.64938034012013"
"401782","0.5115717991833282","0.5698141169708575","3200","932.8026656602912"
"401829","0.38198213927579183","0.5274700869505381","15000","3022.262283260317"
"402045","0.5081637894138612","0.5470129383209233","3250","903.4095446856062"
"402483","0.4239487726112532","0.5512583403178675","3000","701.1158903084294"
"402690","0.2639694089063497","0.5681531385290762","5000","749.8752407290384"
"402826","0.3395493806072626","0.532562412354503","15000","2712.468558745216"
"402873","0.5308875240581628","0.5758281099736698","4500","1375.6498181415586"
"402979","0.4206386386964903","0.569000190604217","25000","5983.586639845034"
"403199","0.3908866102460151","0.5281877561423748","16000","3303.3843451510675"
"404057","0.5007525273691471","0.636504186416162","9250","2948.262490267657"
"404152","0.5545605092962742","0.5828279944259632","2000","646.4267788419764"
"404245","0.3572234031640452","0.5204565351196278","3000","557.7577640232025"
"404361","0.456804694227514","0.59599458977113","2500","680.6328158541342"
"404492","0.4770444714146185","0.56182088819576","21600","5789.0926506032165"
"404765","0.6096966341273473","0.552570196919179","15000","5053.502837710634"
"404870","0.41547808032405564","0.5174453034426492","3000","644.961544041151"
"404922","0.32959992358982815","0.5118119625777657","6000","1012.1591025479495"
"405050","0.39075669502672494","0.5454772949813804","7000","1492.042334993295"
"405167","0.4709114303775208","0.5528781581264668","15000","3905.3496640173544"
"405486","0.4932399099902395","0.5534467947714674","9600","2620.6276534796652"
"405759","0.4185531676078047","0.5487468396710712","4750","1090.9787078057202"
"405907","0.47774684278376023","0.5513152405361693","3500","921.8619044065348"
"405994","0.6205391977049071","0.5676910712648399","10000","3522.7456190692296"
"406054","0.428805519819385","0.5150667351047978","10000","2208.634590882863"
"406126","0.7269482335152374","0.5941052420560852","9800","4232.460811101174"
"406210","0.5797131081375473","0.6289152773872063","15000","5468.856453139876"
"406212","0.2873431006834485","0.47553553798005543","10000","1366.418559683609"
"406279","0.3058243291556614","0.5457328275173401","6000","1001.3902552422767"
"406340","0.6218864772456927","0.5926934832353744","13000","4791.644810884438"
"407124","0.49733654753595524","0.552135144903207","7000","1922.1789071759774"
"407368","0.3072657976824351","0.5401376586984414","2800","464.7043199632386"
"407542","0.44523061726792246","0.5553484115154304","15000","3708.8717408666294"
"407571","0.45306367855843077","0.5282377203755628","15000","3589.8798712000835"
"407684","0.4499936180370716","0.5737574471260667","22000","5680.118169175395"
"407769","0.28565183471109123","0.5008132090773141","15000","2145.8731803072615"
"407905","0.4005050974191626","0.5193470318241309","5900","1227.2066880929513"
"407929","0.46492588432496107","0.539973958702072","15000","3765.718053930162"
"408248","0.47501569345024164","0.5452283149784886","11300","2926.6096692488127"
"408280","0.4536032446542346","0.547358171113773","20000","4965.668848104305"
"408286","0.5539889212930804","0.5556978642576548","12000","3694.2055246196014"
"408353","0.3393677490214865","0.5316072512658458","5000","902.0517811279494"
"408542","0.454714590080731","0.5552643811132693","4000","1009.9472617774042"
"408673","0.49186576251725456","0.585830628543206","20000","5763.000576287331"
"408728","0.44245127836343534","0.5190735015252708","4975","1142.5820532143423"
"408782","0.4800490640072773","0.5519661280958503","6000","1589.8249389368034"
"408983","0.4187387659255999","0.5421459986730227","1800","408.6315835845182"
"409429","0.5433340897488488","0.548131934837646","10000","2978.1876587728766"
"409975","0.28667025927570866","0.5481652319040263","6000","942.8560149351372"
"410010","0.5381065416697316","0.5724944337205171","2100","646.9322996944895"
"410208","0.33454550329054655","0.5466306550267706","4000","731.4913103998883"
"410267","0.4027990142427921","0.5251987597564448","7000","1480.8467989800306"
"410304","0.4212328837778353","0.5645225174806702","1200","285.3545375950874"
"410435","0.35853850181000246","0.4939009690563304","2500","442.70628371991273"
"410505","0.4196542853149847","0.5221802832834237","8000","1753.0815486950514"
"410564","0.35056742352371084","0.5144972785783216","7000","1262.5618975281418"
"410582","0.4630369219145839","0.5421481108242072","1800","451.86226642412566"
"411092","0.353801400772252","0.538516360295246","6000","1143.1670556673967"
"411093","0.3071546656053977","0.523732322472921","8800","1415.6280721079938"
"411236","0.4132976618570595","0.5257394695550518","10000","2172.8689351307366"
"411258","0.49472875287851303","0.5370732221139874","9800","2603.914540732797"
"411282","0.47107408769601955","0.5354061059134413","2150","542.2642772136135"
"411425","0.5118110640193081","0.5500454184536328","10000","2815.193308776993"
"411477","0.5436185668067233","0.5946547576818946","14400","4655.021286467964"
"411549","0.4287000624559272","0.5418838081356285","14000","3252.2787134823943"
"411775","0.5705970597613875","0.5920209708998517","12000","4053.6651037504485"
"412144","0.5187144936647383","0.5506364990136622","5550","1585.2083869245378"
"412148","0.49497638526240084","0.5752483133356227","6000","1708.4059845789568"
"412246","0.5104841725734991","0.584666755809278","25000","7461.578126763283"
"412292","0.5321485106789576","0.5806372617691163","22800","7044.863793369268"
"412731","0.36149074701330086","0.566981161437623","17000","3484.2935410394393"
"413036","0.47032655612861785","0.5396479537506091","9200","2335.059025206293"
"413761","0.4996092762204649","0.5831260224379817","2000","582.6703400311172"
"413964","0.40385133141771057","0.5368244227583817","4000","867.1890314740656"
"413990","0.5030395052942234","0.5351683693500018","8000","2153.686654135529"
"414021","0.41593789936327086","0.5087233388575364","6000","1269.5839015288389"
"414162","0.5463263054907048","0.5952153322436783","4000","1300.7271737444446"
"414231","0.3070482434699662","0.5033882560035805","6000","927.3868787358542"
"414608","0.36543453516118796","0.5315879187696981","3000","582.781751978724"
"415129","0.4877450214390937","0.5846686632906628","7000","1996.184607980294"
"415292","0.4080956729816325","0.5516052454386898","7200","1620.775539774005"
"415351","0.45601813811829484","0.5478251152882317","6400","1598.8364101643497"
"415465","0.44021013319768054","0.5231007711990843","4550","1047.7478837523802"
"415654","0.4658670710430439","0.5436909618070779","13200","3343.3978502712325"
"415878","0.38372693858421336","0.5634886663643998","9500","2054.144918273667"
"415886","0.4286499468430448","0.5340911597159395","4500","1030.2216624970993"
"415924","0.44976680272646186","0.5642667922030965","3500","888.2596485486624"
"416154","0.5105059500270649","0.5656507132541138","10000","2887.680547532782"
"416176","0.5747917436543384","0.5676794258619969","12000","3915.569364334931"
"416212","0.4027348447661401","0.519007791565607","11000","2299.247746054511"
"416239","0.6078290632187351","0.5919980252311944","10000","3598.33605103618"
"416369","0.4423650646031516","0.5447428450812325","10400","2506.1421201072258"
"416647","0.6466378212809087","0.5856392994587555","10000","3786.965206584873"
"416656","0.3787365578387091","0.5438905193626399","7500","1544.934173583855"
"416831","0.5667261371329211","0.5776195858226167","21000","6874.394448716957"
"416997","0.48524638903190487","0.5844535359290131","8800","2495.714917225044"
"417093","0.22915510760329427","0.4984662737576596","8000","913.808740796397"
"417291","0.5692991759004582","0.5662028941161933","6000","1934.0330460768196"
"417391","0.4231869469657491","0.5473695212154018","3000","694.9189096357493"
"417531","0.4646206508447406","0.5499408604691164","2800","715.4388654483771"
"417536","0.4659840833386505","0.5260943209275998","8000","1961.212639096939"
"417992","0.29643400889869465","0.5338239950362192","12500","1978.0448361862918"
"418061","0.42368839082960597","0.5162697709562339","3600","787.4550305654976"
"418217","0.4815508424131203","0.6260049274169309","4975","1499.7296707581268"
"418348","0.4642429191342138","0.5209841670041294","10000","2418.632105127038"
"418418","0.5937327010260871","0.5687619753609054","15000","5065.388758079448"
"418421","0.5443371628644521","0.6044919907355693","2700","888.4281290704679"
"418698","0.46528125639406914","0.5638046338538645","10000","2623.277284003242"
"418702","0.3750117912905503","0.566130669211095","13000","2759.9737927498195"
"418963","0.5015092917607737","0.5397010023886609","17400","4709.572173986996"
"419047","0.5263453671818856","0.5524382424686735","18400","5350.228896225806"
"419128","0.5338248128985837","0.5713128158726012","6800","2073.8705078703297"
"419236","0.35488776740263517","0.5266174097082893","7000","1308.2305376471352"
"419591","0.4937511818274929","0.5669494830645221","16000","4478.911636793503"
"419617","0.4105138735020618","0.5579474593000809","1600","366.4722763646563"
"419816","0.35867738417766504","0.5276818334165647","19400","3671.7902699458"
"420068","0.3036720415169758","0.5343086856817775","4000","649.0184375249501"
"420336","0.5441388637251503","0.58065538004896","1000","315.95715871573645"
"420457","0.7231263485227584","0.5937290270705542","5000","2146.705516787499"
"420490","0.45323099774793096","0.5136074573098632","3000","698.3484609819815"
"420666","0.48857747136034557","0.5984857014255449","9000","2631.65967583034"
"420718","0.5324045367587198","0.5740614056191293","2500","764.0822418242802"
"421221","0.5452858142722681","0.5573325691975215","16000","4862.488701045211"
"421544","0.5185041372532894","0.5554319296135323","8400","2419.147529124432"
"422004","0.23835196795236757","0.5268751025956377","25000","3139.5429392193955"
"422008","0.4579332702179876","0.5464485330604408","10000","2502.3696375018976"
"422205","0.596187780810338","0.6032708525617182","6200","2229.9088070612543"
"422412","0.7366218295740563","0.61998472193795","25000","11417.357004547383"
"422609","0.3950530701817375","0.5316020269676323","12000","2520.1321544207754"
"422630","0.5510367053373326","0.5506118686530936","10000","3034.0735002223287"
"422667","0.6336469123330939","0.602807484854956","12000","4583.605218115454"
"423044","0.5453300097041309","0.5580971296502298","14000","4260.859583792104"
"423064","0.48376324091231915","0.5571942431108362","11000","2965.0510215148324"
"423349","0.48924270748280685","0.5409224617963565","12000","3175.708436970175"
"423543","0.3545465535495126","0.5554402640525253","12250","2412.3855337000623"
"423552","0.183767010708055","0.4881702493863599","10000","897.0958744633708"
"423555","0.4564881535488805","0.5321314890999375","5000","1214.5586045222335"
"423672","0.4013676942597312","0.5818082302083627","10000","2335.1902786006544"
"423840","0.3046190122863257","0.5198283788312366","3450","546.3061452470076"
"424016","0.5279607767722974","0.5841387173733698","9600","2960.6623772852904"
"424206","0.5170484994038285","0.570801523995329","1500","442.69810715880493"
"424330","0.49637039376613457","0.5536443204487722","6000","1648.8758960852465"
"424513","0.5080138425308036","0.57639746081483","7000","2049.725222254781"
"424644","0.5517929141583888","0.5770264074395781","14000","4457.587160704029"
"424898","0.36527566230137065","0.5191500351943698","6400","1213.650386812181"
"425279","0.33198585238486755","0.5147373419562215","4000","683.5420608946289"
"425556","0.40771247884969153","0.5699130878607964","15000","3485.41016670911"
"425612","0.5061606255103266","0.5502194327415506","8500","2367.245004077403"
"425768","0.5374898425098789","0.5893262540358943","15000","4751.3531320303455"
"425935","0.37148938495119443","0.5539669230983445","7000","1440.5498208157674"
"426031","0.5031618404767071","0.5734987745527964","8000","2308.501591320969"
"426198","0.4043318482957823","0.5085569653208476","10000","2056.2577775187237"
"426331","0.7033410717629329","0.593185821846452","6000","2503.271710152358"
"426389","0.24065985957525193","0.4966001909930994","11000","1314.6290545238685"
"426414","0.37525237156608104","0.5154943973974633","5000","967.2024757621297"
"426500","0.3142916846549231","0.4961010005340778","6000","935.5225153010892"
"426544","0.4235046021351756","0.5440814581622194","6500","1497.73650954276"
"426845","0.391773170988581","0.5573225542944522","12000","2620.128292312718"
"426978","0.3699170887218127","0.5134343759439063","10000","1899.2814959887053"
"426985","0.48069760430100594","0.5617456827984256","6000","1620.1788236858158"
"427048","0.3665983219880161","0.5197414186478981","3500","666.8771618039666"
"427135","0.5446065288442092","0.5475774335081414","4000","1192.8569813451586"
"427265","0.5913290431859164","0.5883667053445775","5000","1739.591604569295"
"427267","0.4255583848493608","0.5415926622029245","4000","921.917194293368"
"427337","0.26344314057487694","0.5225922345005756","7200","991.2480443774941"
"427339","0.3880313841519254","0.5332051227794586","3500","724.1511264015373"
"427358","0.28791539683221623","0.5293660886468168","4000","609.6505899290656"
"427415","0.7213736745466979","0.6280340388011361","7000","3171.330556172653"
"427719","0.4540459841454674","0.5287388310853527","9000","2160.645686244657"
"427779","0.38608815162144394","0.5500947346745167","15000","3185.775889907592"
"427875","0.6702651989258965","0.5866158899603825","8000","3145.5057294191006"
"427918","0.5386225427400468","0.5407553001589042","8000","2330.1039581739697"
"427989","0.5527090347073509","0.5663942113021918","8000","2504.4095823413263"
"428096","0.44548955793270995","0.5519793139594349","8000","1967.2081645103133"
"428321","0.3737105574625592","0.5493108944471317","12000","2463.399367009135"
"428884","0.5960959775158233","0.6841913525183295","4000","1631.3748523491477"
"428885","0.46379054167162514","0.5243352522536735","10000","2431.8173066025943"
"428899","0.37568974032155544","0.5235267903911062","18000","3540.305590801417"
"429170","0.41984633824801265","0.5293867748911685","10000","2222.6109895498207"
"429209","0.4500094399681027","0.5253180513402586","9600","2269.421588052142"
"429363","0.236390162908923","0.4976074829299938","4500","529.3328127953416"
"429404","0.35664997123219433","0.5666687116397392","5300","1071.1426124338373"
"429515","0.4424924239990753","0.5734217120807278","17600","4465.731835000499"
"429543","0.3452243542878828","0.5081770196498762","1500","263.15262520885386"
"429669","0.49255408321867866","0.5651403670714765","4000","1113.4487815710345"
"429686","0.39893918748606416","0.5276510692837336","6000","1263.0041331372338"
"429701","0.4969768685829201","0.5575114816746999","5000","1385.3515518085821"
"429733","0.4297227919359823","0.5965454395698798","15850","4063.134373167048"
"429971","0.3000977184043073","0.5511917194635454","14400","2381.9238347667406"
"429999","0.4248218014312345","0.5469169749609728","13000","3020.4493089711436"
"430012","0.40476933961136286","0.565912499787378","21600","4947.783022441855"
"430019","0.46989564116792604","0.5404458579466798","2000","507.9063058728099"
"430033","0.4404615818926416","0.5426740764157602","12800","3059.5466515227395"
"430091","0.44014086818173914","0.5397279552678458","10800","2565.6083727862806"
"430098","0.533363499552417","0.5539400690301244","1250","369.31426720026826"
"430204","0.2911895492317055","0.5160315495475117","11000","1652.8929373228627"
"430205","0.42484298230764794","0.5605510570537494","14000","3334.0465594018715"
"430262","0.49658119840227577","0.5596584634174839","7200","2000.994267310779"
"430268","0.3841466473040782","0.5533190231737332","12000","2550.667771701086"
"430330","0.7749489220571675","0.6499753633948587","7750","3903.6572310058514"
"430666","0.4250949518474363","0.5593015806190125","8800","2092.25525063662"
"430755","0.32975911893878485","0.5235281239828311","9300","1605.5350080095557"
"430770","0.4377636733975242","0.5214598964211498","12800","2921.935357271232"
"430831","0.39605958276084896","0.5796188978168401","25000","5739.090470741021"
"430962","0.46348013457886816","0.5885926292861244","4000","1091.2039641346512"
"431130","0.3739940818057328","0.5279358545385997","3000","592.3346555114655"
"431302","0.3690384851172085","0.5667615522709717","20000","4183.136493455139"
"431559","0.3059451865544913","0.5058262901851858","6350","982.6950038394432"
"431678","0.4336246645035773","0.5552618042814931","19125","4604.825959970207"
"431712","0.38851115390511537","0.5430588139034367","3000","632.9532192839025"
"431881","0.3349111933305765","0.5302363833297512","12000","2130.985198659072"
"432058","0.3580628811752631","0.5265444292108121","4800","904.9728738720372"
"432264","0.6701735597650212","0.5850201183432732","5000","1960.325076221327"
"432271","0.3326154321979843","0.5261733158645719","8000","1400.1069189387288"
"432376","0.2262815042273173","0.5090746154740923","10000","1151.9416975342074"
"432494","0.25196786703598484","0.5153039689588874","9200","1194.5283857904835"
"432551","0.29791800055005524","0.520860716582957","19000","2948.3018817398074"
"432642","0.45051920916142696","0.5334339927927696","6000","1441.9335634369254"
"432766","0.32736107199904485","0.51056687218697","4800","802.2706493103641"
"432775","0.48838050410221123","0.5509205270988158","7750","2085.2060467720107"
"432850","0.284875289690647","0.49419580722818274","4500","633.5287818661427"
"432853","0.5345201158882134","0.5612465179299011","15000","4499.963307086204"
"432988","0.4089008370162738","0.5558740285192783","3500","795.5407443799933"
"433014","0.38820799827693164","0.5418774598980314","20000","4207.223280368062"
"433040","0.47435466709127105","0.5798426912938164","2600","715.1328256643608"
"433053","0.4093508866010789","0.525012333389312","3000","644.7427924482482"
"433128","0.29995583029581063","0.507021403556689","10000","1520.8402608159395"
"433155","0.40427629102929885","0.5443711361297311","9000","1980.687094721399"
"433180","0.4173625404894765","0.5811289181516475","15000","3638.12162447509"
"433213","0.6003502159806651","0.5835389511619674","20000","7006.5547072643585"
"433297","0.37459900907816523","0.5640513617821464","10000","2112.930811927817"
"433322","0.3009981656933908","0.5225830940959652","14000","2202.15173843367"
"433371","0.5414444409049501","0.5828853825349565","10400","3282.2405206063977"
"433423","0.2999752246510424","0.522087379369803","7600","1190.260919745873"
"433448","0.3975330279361087","0.6047321577633963","20000","4808.02011532039"
"433450","0.2658412039118263","0.522063219220745","5500","763.322530936496"
"433581","0.5148571343617009","0.5460279553411526","12300","3457.8545769303923"
"433667","0.4800316581179481","0.5975802936076494","20000","5737.1491839818045"
"433832","0.599146398645558","0.5910853378781866","3000","1062.4399544457249"
"433904","0.4572406792247825","0.5490712562558838","5000","1255.2885707662244"
"433943","0.516116550567937","0.5702689245974725","1600","470.9203684149352"
"433989","0.30494741536682146","0.5331161001789194","12000","1950.8685220800114"
"434021","0.43799819974807686","0.6087265784313668","15000","3999.3171823761772"
"434022","0.36414085710445354","0.5092851400456317","2800","519.2642767389784"
"434050","0.4139367055379879","0.5834445208416964","10000","2415.091028214017"
"434070","0.4538829992614618","0.5410563516992962","5000","1227.8813983937043"
"434076","0.5577908885975538","0.5702747683000139","13300","4230.651127739224"
"434185","0.39602897569647766","0.5631852325739605","6000","1338.2260247018887"
"434190","0.40776046747822003","0.5371069795542817","7000","1533.0769514820806"
"434239","0.4311674825945794","0.2015166460093912","12000","1042.6490995292663"
"434244","0.38257744533710947","0.5184006118014113","15000","2974.9257258626776"
"434265","0.6014009949688393","0.5905402484559649","15850","5629.15116390042"
"434386","0.45705908388752126","0.5483358288557119","20000","5012.437431989925"
"434456","0.4883786378302022","0.5596459367009627","3600","983.9488328396055"
"434558","0.48412368418009943","0.5726405621642531","12000","3326.7463039910576"
"434612","0.4536233122025036","0.5591442730410611","20000","5072.8175427189435"
"434858","0.41867427238669186","0.562434878901499","17500","4120.847739557189"
"434932","0.389117829035062","0.5340443658818387","8500","1766.3525662129528"
"435158","0.40123013228357796","0.5302146295085757","3500","744.5833007774494"
"435210","0.49993944646559685","0.6030737185549427","5000","1507.5017051615362"
"435240","0.3854408921181941","0.5505652645683463","5000","1061.0518337225649"
"435305","0.4467881536709216","0.5346060278478216","14400","3439.521217778019"
"435495","0.6405273077119262","0.6098654486240077","6000","2343.8128432419703"
"435539","0.3743336453486389","0.5335369859279948","8500","1697.6271814013899"
"435561","0.46771492020466476","0.5929374548038784","12000","3327.9083323194363"
"435681","0.40012981369587863","0.5995310101422423","20000","4797.804627862347"
"435800","0.4437972589338244","0.5397718057561167","4000","958.1969913773012"
"435946","0.44770388670769357","0.5495422760538928","4575","1125.5973740153045"
"435969","0.35298669920232517","0.5198290392653189","20000","3669.8547343956157"
"435974","0.33797833937682586","0.506064180249724","12000","2052.464775106757"
"435975","0.311911842196277","0.15121496002923693","10000","471.6573675035568"
"436010","0.4834186948873114","0.5709417879179042","12000","3312.0472076628166"
"436141","0.3844697226154389","0.5754431881888258","3600","796.4657385980458"
"436433","0.3698546540416028","0.5559992563193183","4000","822.5556503734797"
"436449","0.6434978849256334","0.6019890805925745","15000","5810.680501644725"
"436479","0.5727392491929955","0.5993443756718241","12800","4393.831010948162"
"436551","0.5449974968357811","0.5954564168305296","16000","5192.356106359075"
"436567","0.6283297342815646","0.594447627852399","10400","3884.4948485491645"
"436807","0.5218948568873396","0.5934528774832886","20000","6194.400091270416"
"436873","0.49955139129113735","0.5390693815121881","9000","2423.6357358317982"
"436877","0.5280193594750598","0.5743644568189554","1200","363.9306631137426"
"436891","0.5905503972536121","0.5644773901328226","12000","4000.228163803447"
"436915","0.3672013059208067","0.5372542801486458","3200","631.2975145028022"
"436924","0.2781907709945852","0.5208171038672668","3000","434.65953501600575"
"436995","0.4642078262695736","0.550179883015646","7500","1915.4835566395598"
"437498","0.5018096974731199","0.5578500271714487","2000","559.8691067405528"
"437707","0.3315847562325335","0.5085407392385518","13475","2272.213211312454"
"437751","0.5727955925355077","0.5654862106891698","15000","4858.6201368354305"
"437778","0.5381365554875998","0.5478933041129526","6000","1769.0484927003856"
"437782","0.37884822592448786","0.5344978234602784","9000","1822.4419696058392"
"437927","0.4857017645687245","0.593525868915274","3800","1095.4509350274695"
"437948","0.38113189364284594","0.536650598459429","20000","4090.6931763081743"
"437977","0.39080435617446285","0.5715652088701278","12700","2836.801202995501"
"437999","0.4880020533268389","0.5328334079619859","4200","1092.0999480996625"
"438044","0.5449131987107796","0.5789989285112264","10000","3155.0415818516635"
"438070","0.5732548454907311","0.5946241015169144","2500","852.1778686003589"
"438283","0.4681872399176984","0.5649277290767558","20000","5289.839084588391"
"438446","0.6473651215275031","0.6181306086980106","15000","6002.342949294857"
"438637","0.37264863645082325","0.5632689755145789","3200","671.6845301777919"
"438676","0.5480042685884357","0.5682529133757831","20000","6228.100443354873"
"438732","0.4675228470103585","0.5500393287078256","15000","3857.3392938772354"
"438885","0.40265534893052224","0.5224414077216541","2200","462.80042010821495"
"438977","0.5416726331101771","0.6085566030120323","7000","2307.469202850786"
"439077","0.4081089883046308","0.5238183160985804","12000","2565.2995564611238"
"439131","0.3315884546199993","0.5266768424044451","7000","1222.4797217992161"
"439132","0.4173009130887463","0.5392523491084035","10000","2250.3049766818813"
"439148","0.4010364155421168","0.5592564218544731","13000","2915.668480262562"
"439227","0.42950089058182195","0.544598098872128","13000","3040.7697901716992"
"439264","0.22397186590169005","0.5014085569613731","6000","673.8084604902755"
"439291","0.4379202691032048","0.6189363014293467","8000","2168.3580134374547"
"439366","0.31633100594036845","0.5259141085413602","5000","831.814694965603"
"439467","0.3198435740805212","0.5561665209038981","17000","3024.0668931071386"
"439472","0.2977048448412256","0.49551024440872726","4000","590.0632017157518"
"439524","0.3829743527327919","0.5065446466902105","3000","581.9808245893323"
"439566","0.5151565134456983","0.5542380880998898","20000","5710.387221686981"
"439646","0.3112107738488078","0.5231143068889031","5000","813.9940412913913"
"439703","0.38643270831727217","0.5646324372057459","2375","518.2070495438463"
"439837","0.48852327299847786","0.5781414664498337","10000","2824.355614462124"
"439952","0.5880686461430389","0.5605428622477616","15850","5224.757261398884"
"440058","0.41557132428436905","0.5668670925254222","13800","3250.9171750094715"
"440293","0.3604797793903022","0.5405773463079628","12000","2338.406430485873"
"440482","0.3354449394315927","0.5096451741113108","5000","854.7894728068609"
"440505","0.4061554200906996","0.5728969849404653","15000","3490.278233807848"
"440627","0.5343439121930194","0.5597799472999873","9000","2692.0350630672965"
"440658","0.2825550739913001","0.5536454948999179","10000","1564.3534377639626"
"440756","0.5822779336495036","0.6879538778808106","9500","3805.513443356713"
"440971","0.5138529291882563","0.5788922452488916","15000","4461.982138582642"
"441016","0.5467448079639836","0.5855851046644285","12000","3841.987387155866"
"441032","0.5144069799315611","0.5575082358081619","4200","1204.5017370500066"
"441041","0.49882686730672","0.5734105150665325","10000","2860.325709113712"
"441182","0.3868983133740257","0.5426223484146302","15000","3149.0950710101"
"441286","0.45310661917156314","0.5508674544803394","16000","3993.6270385797043"
"441617","0.5698431366058354","0.5613039544324134","10000","3198.5520598302537"
"441719","0.2945698822244156","0.5075229690474419","3500","523.2534342647174"
"441896","0.3104981634108971","0.5015455538178046","5000","778.6448666366479"
"441972","0.39378928527350154","0.5472040050810378","12800","2758.1833479636402"
"441976","0.4482064365455909","0.547755330906878","4500","1104.7835923408024"
"442128","0.45095993377261745","0.5441028571382673","6000","1472.21153052339"
"442205","0.7998052832876146","0.6063516323692052","6200","3006.77208241355"
"442232","0.3709459863397092","0.547797811481974","20000","4064.067989898299"
"442337","0.4995185116092823","0.5454749464438852","5000","1362.3741668390123"
"442661","0.45881877766445867","0.5735332116504179","17000","4473.5127210300725"
"442801","0.49626673297156587","0.532584900063064","16000","4228.866694148554"
"442990","0.3488015148162914","0.5214980760273437","8000","1455.1945511369518"
"443055","0.4064208975598974","0.5418767403652044","1800","396.4140561349041"
"443099","0.2683239578444111","0.5362539828520373","5000","719.448955443438"
"443126","0.43966217271389985","0.5064114511648651","13750","3061.436934962224"
"443194","0.4510880783223985","0.5380757766270469","15000","3640.7935210579008"
"443215","0.3226031501013904","0.5379619611338992","15000","2603.223349447764"
"443292","0.4795689090781129","0.5472545943903873","15850","4159.773677793563"
"443297","0.22879237985287026","0.478182119399238","2500","273.51106275110254"
"443444","0.6449224556004468","0.6201207915837748","20000","7998.5964735420175"
"443452","0.5563161844414246","0.5743105924802321","3500","1118.2439712251382"
"443526","0.5107052843196291","0.6005261840967487","12000","3680.3027470861443"
"443530","0.5686640378483833","0.5941736646003498","20000","6757.703905896118"
"443938","0.41322378582481345","0.5549321784154054","17500","4012.9455737144312"
"444013","0.36182388322542847","0.5217065712818423","17000","3209.0202579321394"
"444280","0.3586731504316095","0.5116862776100308","4500","825.876581503558"
"444343","0.3653842051326289","0.5210039367973385","13000","2474.7659211296577"
"444428","0.45504946416073677","0.540193193125735","25000","6145.3655768785775"
"444435","0.41834849116169437","0.5561115744741527","10000","2326.4843809881604"
"444440","0.3994604566463703","0.5080119425100257","5000","1014.6534126843223"
"444444","0.45394785914910507","0.5740805140591769","5000","1303.0131016819055"
"444496","0.5672015422148653","0.59783761321998","12000","4069.132994549121"
"444504","0.544757162187566","0.5763408450735287","9000","2825.692228935352"
"444665","0.593117865016597","0.6313678262482556","25000","9361.888428613378"
"444739","0.5393699197636767","0.5760535401002103","5000","1553.5297585171616"
"444786","0.2979565625771099","0.5278711967881465","13000","2044.6749346199967"
"444805","0.4088247348304932","0.5501378036745697","13800","3103.7571955633052"
"444862","0.23108502147936705","0.4907868585511346","7000","793.8944422505601"
"444886","0.561380566784283","0.5757718876171908","6000","1939.3628916539706"
"444900","0.5840375294522573","0.5967816267834407","4200","1463.880041102219"
"444901","0.493311596147358","0.5706197512563947","25000","7037.333507137512"
"444908","0.459431888849418","0.5517156564150623","10000","2534.757661345686"
"444944","0.4852123544550814","0.5431509831169333","24000","6325.045616226224"
"445083","0.4338955936487868","0.55293035569755","19800","4750.298089650101"
"445279","0.5980065493999631","0.5952472286872723","20000","7119.234825343329"
"445485","0.5252586972612655","0.5585052062798441","3000","880.0791511925559"
"445694","0.4184843406419858","0.6088014717023676","18000","4585.929884410247"
"445819","0.4670313033125546","0.5825656566997238","7200","1958.9500649779652"
"445845","0.28929984761652683","0.4959156829786586","2500","358.67082879092936"
"446034","0.5917839352295684","0.5916547466728732","4000","1400.5270971333052"
"446167","0.591422164323271","0.5754580055214094","12500","4254.232738782809"
"446223","0.49806325880955427","0.5858187038966626","11000","3209.522500077972"
"446340","0.4665445585670428","0.543945113137268","5600","1421.1379430826303"
"446474","0.5174238252403739","0.5723053690789385","5000","1480.6221663721417"
"446726","0.3118497080205478","0.5164265326095606","2650","426.7757780321418"
"446810","0.48376760779635575","0.552569238195397","7000","1871.2056895254937"
"446823","0.30282718001855036","0.5048172139655077","3000","458.6171199899876"
"447050","0.23389696102285173","0.49450133147448233","3000","346.9870759609058"
"447062","0.431662701483441","0.5454231022529854","15000","3531.582146550041"
"447108","0.26080127299235245","0.5398007833889309","2700","380.10797496927614"
"447413","0.2845128485999344","0.5486357922590395","15000","2341.408981492518"
"447417","0.35962130565782624","0.5366434298373497","15000","2894.8261636620264"
"447578","0.482897180974759","0.5589363404586758","10000","2699.087831518427"
"447596","0.417187459678505","0.5393340229818075","10000","2250.033909659687"
"447820","0.47439212525525254","0.5832326782275491","25000","6917.024743566996"
"447849","0.2951453422889627","0.5046866680508136","9500","1415.081234210068"
"447920","0.18543597479895668","0.34820708954387875","20000","1291.402421629535"
"447924","0.41694239027416646","0.5791242882016154","8500","2052.422452403158"
"448055","0.2454949611074474","0.5186295713046744","20000","2546.418928732263"
"448219","0.5354959373909629","0.5752461261995158","4500","1386.1888361087842"
"448334","0.4152986583323509","0.5298881843313009","5000","1100.3092600947737"
"448403","0.5081197206131292","0.5742912598369396","15000","4377.130717483616"
"448433","0.5068966755800356","0.5962397077732522","12800","3868.56864920414"
"448526","0.26800847259936555","0.5563729641301116","5000","745.563341560464"
"448888","0.595829944571753","0.5988360902233398","8000","2854.435795562703"
"449250","0.4170724716612544","0.5400810102475666","11000","2477.7821402538584"
"449253","0.4813740953932262","0.5600813336480575","10750","2898.2929373132524"
"449273","0.4725184268575686","0.5278768097753327","1600","399.09043156741154"
"449337","0.15501041579564123","0.30500092722613037","7500","354.5874041053393"
"449365","0.42103557330456","0.5488897544887176","5000","1155.5105623107818"
"449526","0.6443148896905366","0.604012521669167","18000","7005.1367028774985"
"449668","0.5464273157310046","0.5750851677216395","4750","1492.6506614455377"
"449732","0.38901557300148615","0.5260912764304049","5000","1023.288496758286"
"449739","0.32866543923174896","0.510330234801127","10000","1677.27910774154"
"449773","0.5945216507436646","0.5788456161607499","5000","1720.6812562281134"
"449867","0.5140170452197743","0.6032959708949427","24250","7520.031999546026"
"449880","0.3656128156633257","0.5356283182956584","5000","979.1628880054384"
"449944","0.4746435588989214","0.5486087811778374","13000","3385.117116438829"
"450109","0.5215422629716182","0.5902240860200761","24250","7464.80003296919"
"450131","0.4679831397994918","0.5677727011167644","6000","1594.2483081663709"
"450188","0.5002050881228685","0.5461530657055909","2500","682.9713558995996"
"450193","0.5566717834006254","0.5679380538450797","6000","1896.9305357701253"
"450272","0.6021381623128804","0.5765044100217034","12800","4443.331917001469"
"450384","0.430491789181652","0.5657160047352244","25000","6088.402376179067"
"450428","0.38227608446714867","0.5413659963445048","6000","1241.707640077404"
"450469","0.3907798641605005","0.5853906817013185","15000","3431.3833661409603"
"450494","0.46802958349794177","0.5348815431961007","17000","4255.786560007726"
"450832","0.41839759758060013","0.5212297002830873","18000","3925.4625789498"
"450893","0.4612960463991115","0.5603313911158239","14000","3618.701175530613"
"450914","0.4573056562380474","0.5553344891638533","6500","1650.7244194915293"
"450937","0.38617906208044583","0.5384077540861912","25000","5198.045037246116"
"450960","0.4563663226063607","0.554609796232062","11200","2834.7786117043584"
"450995","0.3536055769224118","0.5424797673063069","3425","656.996758473257"
"451008","0.4014646081593666","0.5136961502119904","24250","5001.097473702423"
"451064","0.6107205146603992","0.6078645597290467","8000","2969.882854092323"
"451175","0.4395392596703652","0.5431954666030752","10000","2387.5573324701422"
"451291","0.30528343617892983","0.49189462653917304","8000","1201.3382546226412"
"451319","0.226062089847755","0.5117133234693576","4000","462.71593322569294"
"451412","0.4575610993585676","0.6423537000653117","1500","440.8740977683914"
"451425","0.383142496007869","0.5331367950786857","11000","2246.9409861809177"
"451497","0.5366281363162024","0.558600101601226","15000","4496.407972024608"
"451584","0.5755745180425751","0.5472450658007825","11000","3464.783464994089"
"451705","0.4931424110289214","0.5974068556151092","10200","3004.9879028610653"
"451779","0.6038478657571118","0.577799454130995","8700","3035.4558147498424"
"451846","0.5993947746058872","0.6003229165066367","7000","2518.8129346117103"
"451896","0.3282406039913174","0.5131319734366031","4000","673.722995552349"
"451928","0.7146931824925802","0.6107397068917697","2100","916.6321600654354"
"451933","0.2931828394404612","0.5029688207752531","10000","1474.6182702490912"
"451989","0.4489104649238548","0.5689683463326295","25000","6385.396121978439"
"452013","0.5427509917382629","0.5929427038513045","6250","2011.3765034953917"
"452037","0.4685679434258756","0.5271333827825513","7500","1852.483538111587"
"452052","0.39288506871360174","0.5225671031190958","3600","739.1117239790896"
"452132","0.4403902768035546","0.5599524092645716","15000","3698.9639476926295"
"452330","0.5279532033921447","0.6143883982873802","11200","3632.9252176312625"
"452356","0.38012736718275664","0.5704155394788436","9700","2103.256405055579"
"452378","0.2828355028034448","0.5179175833385172","15000","2197.2822014144185"
"452584","0.5221917022969502","0.5559320127241216","5000","1451.5154204288945"
"452597","0.45873514413702443","0.5757125078543247","10000","2640.9956027204144"
"452651","0.560774186500193","0.5614199110431168","14975","4714.576163655713"
"452773","0.5834819105776874","0.586885123881081","11000","3766.8053870893154"
"452969","0.3697158858592253","0.5572870770549433","6000","1236.2273122276004"
"453021","0.3630018104304148","0.48726233109264194","7400","1308.8906017246818"
"453052","0.7246322755016481","0.5870753551690121","5000","2127.0687525352973"
"453314","0.4200049036082194","0.5318591447719319","5000","1116.9172441654262"
"453391","0.4075447031276337","0.5575354211687864","15000","3408.309115550599"
"453442","0.4197580395921413","0.570437907062419","4500","1077.506539099043"
"453450","0.37333447384389773","0.5516192746747398","10000","2059.3849167284648"
"453516","0.524928598343072","0.6104515324922605","25000","8011.086682688565"
"453618","0.501150328332989","0.5576182881171389","12000","3353.407058092601"
"453677","0.4639618311322222","0.5784275232926964","24000","6440.839029219733"
"453754","0.4350913180991326","0.5287195792229212","9600","2208.396466837628"
"453783","0.6066951933797937","0.5934451895721419","13000","4680.524472621127"
"453791","0.22004048178179725","0.5269412651016477","3000","347.84522953102896"
"453866","0.39928654466835745","0.5217087405215819","6000","1249.8676819568586"
"454161","0.38583700408277577","0.5596651897813086","5500","1187.6674706305105"
"454186","0.45535431651238933","0.517135819104486","12000","2825.760329428774"
"454238","0.5851497296771977","0.5895208149226299","8000","2759.6635639284655"
"454248","0.6082950453420333","0.6204509163388909","20000","7548.344365737435"
"454495","0.6015327446775494","0.5663513588553964","2000","681.3577746882926"
"454566","0.48424594348329664","0.5448662807090682","2500","659.6232154354936"
"454663","0.5808269391299125","0.5728254779067031","5000","1663.5623449408984"
"454682","0.5831809117763133","0.5934450857475642","6000","2076.515077172621"
"454687","0.3779197891774684","0.5562230740409929","13000","2732.700189403801"
"454740","0.3486177927508681","0.5299110766416523","14400","2660.2045904599045"
"454771","0.6067011241435318","0.6010471521011349","17000","6199.1517083314575"
"454963","0.48688736392256093","0.5677654026248279","11000","3040.815802314773"
"455027","0.5233096052394006","0.5562493134374896","9000","2619.8154776669426"
"455052","0.5120407564239879","0.5662734748592875","6400","1855.712629822654"
"455162","0.4102102397531676","0.5387376060683059","10000","2209.9568254932733"
"455261","0.46094328973357235","0.5978440612440402","4500","1240.0749375187822"
"455300","0.35438782816647685","0.5444296045409355","8000","1543.5138011423678"
"455358","0.31951212025341136","0.5152404446556963","10000","1646.2556691225197"
"455393","0.3045222635124184","0.5385838632982578","6000","984.0646628570904"
"455627","0.36756822019475055","0.5528056868153103","8400","1706.8279402964183"
"455671","0.48239956149422714","0.5634015033137542","8000","2174.277105149947"
"455697","0.3134321595929245","0.5373926921635611","8650","1456.9727152695273"
"455737","0.4468219960518005","0.5588356164097538","12000","2996.400547068534"
"455904","0.3953628253705944","0.6138462693691352","25000","6067.299885024507"
"456014","0.45569984744968495","0.5344402732610625","10000","2435.443509960341"
"456085","0.569983619057488","0.5669972672839653","4200","1357.3524484893255"
"456278","0.4721108017048964","0.5547022883525564","12000","3142.5713047399922"
"456387","0.4662288905082318","0.539106578209463","8000","2010.7764945942974"
"456411","0.27290329296143334","0.5182714161867336","4000","565.7519045005803"
"456465","0.4370995137238557","0.5404276859411469","13000","3070.868823461191"
"456639","0.3262010325882897","0.5444001278912174","16000","2841.3421417489935"
"456643","0.47724077154480515","0.6044676604994651","16000","4615.625802730369"
"456671","0.6046060606581306","0.6131948053336425","7000","2595.18906968162"
"456807","0.30546205652313974","0.5136730306641847","5000","784.5381016357783"
"456828","0.5261505170294927","0.5878572164924778","10000","3093.0137839703557"
"456899","0.32910576369716626","0.5479799324214238","7000","1262.4034790519197"
"457034","0.3607252608846977","0.5520074379479264","1500","298.684540596089"
"457063","0.6498338625926259","0.5950135294296304","4750","1836.6347155896071"
"457103","0.5757483330201605","0.5702573937420393","5000","1641.6237191970022"
"457163","0.3128099567933563","0.5359859733043721","15000","2514.926237267785"
"457178","0.28344468084822894","0.5192872340905238","5000","735.9460216767403"
"457184","0.324944094277838","0.5467869072918916","8000","1421.401410823551"
"457346","0.52994867747181","0.5761911003210337","12000","3664.220539033906"
"457500","0.4164844605468535","0.5236170975578789","3600","785.0821838742085"
"457578","0.5157006080231181","0.6037598735269137","4900","1525.6607360011724"
"457931","0.33063721176622074","0.5335596157442549","6000","1058.4879819644195"
"457939","0.5558255426058542","0.5843991794125549","18000","5846.831837917187"
"458142","0.5095998253623887","0.5687298258980718","6000","1738.9477197362346"
"458470","0.5318716005841888","0.5725254768149179","10000","3045.100417287763"
"458528","0.33650592795360923","0.572774506865334","5000","963.7100847044508"
"458675","0.3034757213281465","0.548217733255086","9000","1497.3369484002178"
"458732","0.38003052220762257","0.5493116258244872","24250","5062.313212407353"
"458784","0.4903395926823336","0.5494635121196048","5000","1347.1185736326574"
"458788","0.30073811437972986","0.5509063664664355","24250","4017.7046398844286"
"458811","0.4703932750040861","0.5599938634475096","7500","1975.6301055694878"
"458881","0.22940226139107678","0.49911642867573824","3000","343.4953123069573"
"458975","0.4308928604649601","0.5122822504469474","8000","1765.910114084098"
"459139","0.42879671770882233","0.5347098148710749","8000","1834.2545083472717"
"459263","0.41228326238328894","0.21634535565172947","10000","891.9556902956795"
"459313","0.3704660075212467","0.5129532217194576","5000","950.1586604778414"
"459375","0.5754621209608469","0.586801815421444","1500","506.5233259291494"
"459542","0.47136880425063776","0.5663495939578924","20000","5339.19061783532"
"459544","0.2534569432418047","0.5077483793754596","10000","1286.9235217248417"
"459770","0.4624185950812195","0.5579619833969527","8000","2064.0959717691967"
"459777","0.661790030448577","0.60873064821208","25000","10071.29685538136"
"459845","0.4130016311169209","0.5342523309351884","16000","3530.353345667997"
"459855","0.35699600559764233","0.5482733029308876","20000","3914.62758244306"
"459966","0.3921081572344419","0.5403077167903597","2700","572.0194705595851"
"460102","0.45258248118168065","0.5416541571867173","3500","858.001138406778"
"460147","0.33493457663812587","0.5192448741085305","7000","1217.3914345674034"
"460209","0.5129570996913292","0.5587880951954923","5000","1433.1716032676106"
"460240","0.5339375797418957","0.5953275996934981","19400","6166.634888037631"
"460375","0.28964660769127204","0.5141417729380457","6500","967.9762326252278"
"460390","0.658118915022357","0.5899150725726151","15000","5823.514012752366"
"460501","0.2412098845190006","0.5215844178047525","5000","629.0565859279726"
"460569","0.39750184096917884","0.5416552027426105","15000","3229.634103910822"
"460848","0.30953778617951533","0.5564383177625795","13000","2239.1029053338725"
"461125","0.3189411298559848","0.52708336389797","7800","1311.2467961573113"
"461206","0.3751383725347719","0.5342306477492512","8000","1603.2833260388088"
"461227","0.553916659306487","0.5708816658077864","10000","3162.2086518357146"
"461287","0.3139524531408011","0.5596419423067005","12800","2248.9722965461924"
"461321","0.39752949530748305","0.5409402915136948","8500","1827.8376291538357"
"461487","0.48105870619250546","0.559609605934885","10000","2692.050730039336"
"461498","0.29578289676416114","0.5564187584916281","25000","4114.478805014299"
"461505","0.2370255851778975","0.49807737699435606","10000","1180.5708174595952"
"461664","0.32934415796541106","0.5293773457302662","4000","697.3893447019952"
"461680","0.37101573973686797","0.5866341867738252","3600","783.5418603389762"
"461745","0.40325922705448325","0.6035574407027826","25000","6084.752675519656"
"461802","0.4716681817247944","0.6234064206894955","24250","7130.493593362782"
"461831","0.4680074214147735","0.5367666220312023","8000","2009.6861014267304"
"461846","0.5205419507143489","0.6099985000377225","14400","4572.429251651466"
"461884","0.34843850443851865","0.5126513267363801","9000","1607.6471542780198"
"462068","0.5792908834000796","0.5799479365538296","7500","2519.6891436924093"
"462143","0.6048152758839994","0.6267627170158576","25000","9476.891640143775"
"462161","0.33680700930611474","0.5427783057757254","14400","2632.4861455376918"
"462230","0.4292972519049695","0.5540125820128621","3000","713.5082369366946"
"462284","0.33379807662686367","0.5171121042973332","3000","517.8330774447599"
"462306","0.42465260518174897","0.6087872998799257","12000","3102.2773547468773"
"462318","0.6684421487210724","0.5683410975574418","4750","1804.539936174498"
"462538","0.6079410867852939","0.599805121876007","20000","7292.923553053707"
"462584","0.459944087527704","0.5704779156400601","20000","5247.758887275479"
"462753","0.5135759108404387","0.5685168458297726","6000","1751.8593415509524"
"463158","0.4742486813018114","0.5484046351548059","6000","1560.481050251806"
"463214","0.3027940448434846","0.5646511601862684","24000","4103.352209240797"
"463279","0.5801723434890962","0.5666673560957368","8400","2761.6237149046037"
"463612","0.5165353982094084","0.5926508902879468","12000","3673.50196336854"
"463796","0.3063414151714846","0.5018394318764419","6500","999.2723113742398"
"463976","0.5655241250359078","0.5740091541767063","6500","2110.0041604094913"
"463985","0.4526177666565352","0.5521322949988382","7500","1874.2866469599105"
"464080","0.4581112353051894","0.5462904457485549","24250","6068.8484302293555"
"464114","0.3702334197439864","0.5658690334367174","7500","1571.2772053237504"
"464236","0.3928441873031078","0.5476365504522992","7000","1505.950849199376"
"464273","0.33302426204151714","0.5126490488785642","21000","3585.2159949704596"
"464477","0.47537051813149744","0.6396944339832897","4500","1368.4134353781214"
"464529","0.5008028073359818","0.5457179221647006","4000","1093.1882697345636"
"464707","0.5087303179225988","0.5671720731762998","18000","5193.677323868373"
"464899","0.3202250065988784","0.5069074390795218","20000","3246.488760485209"
"464904","0.5003042667296563","0.6095204007447423","2400","731.8695771632749"
"464919","0.45719516732794596","0.5573134428750994","7000","1783.6070893857634"
"465138","0.4702944201902981","0.5692607798948985","5000","1338.600842088741"
"465145","0.501188575961014","0.5387810270250054","2000","540.06179137895"
"465390","0.5084424444752373","0.5803519418890986","3200","944.2417919681412"
"465457","0.5688355627491453","0.6020365457493686","20000","6849.195945937872"
"465466","0.4828960802608384","0.5282761039739012","7200","1836.7377113121408"
"465470","0.44920853005101413","0.5525906511144731","10000","2482.2843410706528"
"465537","0.40882859402164873","0.5319598390677135","12250","2664.134815254939"
"465574","0.3789480370970273","0.5702227388527978","25000","5402.119689908964"
"465659","0.524625471831721","0.5810161499858976","17000","5181.8698210794255"
"465718","0.5124475563158339","0.5593167152461562","4000","1146.4819357379677"
"465736","0.27581773739051796","0.506576412959543","16000","2235.5641606064933"
"465776","0.47637950470051293","0.5512630581087796","12000","3151.3250709786066"
"465785","0.5458035661101446","0.5466688923999812","7750","2312.397189888793"
"465871","0.3395692440907485","0.5148902735560648","7000","1223.8863068677815"
"465929","0.5241551572546965","0.5594105110855736","4200","1231.5151985135537"
"466099","0.5888075162708033","0.5802034234843974","15000","5124.422050704977"
"466126","0.5249927189272581","0.6028385378937752","18000","5696.7451754937465"
"466211","0.6883914206874291","0.63152347065193","8000","3477.8827132763045"
"466346","0.7272845981948237","0.6167261252844286","25000","11213.385305593403"
"466453","0.41063287943764337","0.5611026287245499","12000","2764.8862571183145"
"466653","0.5591119394717589","0.5840460242025067","4200","1371.4978423970601"
"466750","0.5531612369770178","0.5739096496515343","7000","2222.2520020000275"
"466805","0.469505555166271","0.5507181680314632","9000","2327.087152995875"
"466965","0.5570765629899663","0.5506185144133181","5000","1533.6833476400625"
"467145","0.6288616487044958","0.6112349852213094","8000","3075.057924417126"
"467154","0.32843315835934184","0.5331115736329654","4500","787.9118304878714"
"467219","0.5408440280845339","0.5994343421407442","1600","518.7207746809644"
"467256","0.48249979935482534","0.6106967969960818","6300","1856.3648167086371"
"467302","0.33078327815388253","0.500831503406132","5000","828.3334324970887"
"467304","0.3032051226297102","0.494188247003891","5000","749.2020401748815"
"467321","0.30448493017635614","0.5717499353582773","3800","661.5391087544247"
"467387","0.5295768405315939","0.5629576770914677","16750","4993.666578784004"
"467601","0.5773602524139791","0.5625825277612699","15000","4872.191853479119"
"467634","0.5237562929896842","0.5970835828513351","6500","2032.7208457348927"
"467890","0.5027203176794253","0.583230459901674","6000","1759.2108124925212"
"468067","0.39838710401501787","0.5281514495098338","6000","1262.45235870934"
"468101","0.3726411271573953","0.528874844681417","1600","315.32882919564094"
"468102","0.3809929698579976","0.5481917678794515","2100","438.6001403618063"
"468106","0.433123478809174","0.5498119482264228","8400","2000.3462951360927"
"468168","0.2800359472152061","0.5472679729885304","1000","153.25470519638893"
"468195","0.40371983376039533","0.5294587985957943","18000","3847.554326737308"
"468196","0.32041961737919666","0.5158071781833078","12500","2065.9342334367325"
"468409","0.5022185584678158","0.5448180752441442","5000","1368.0887418816203"
"468535","0.34832496038179306","0.5474324087023862","2500","476.7109301824205"
"468546","0.5667923191713508","0.5569592916593236","12000","3788.162983243449"
"468564","0.4533477630482179","0.5550376386309622","16000","4026.0011500945902"
"468566","0.4878206595684722","0.5643148699164146","6400","1761.8204931003004"
"468626","0.5461957768912369","0.564533874461889","1000","308.34601814313146"
"468633","0.4431087142734659","0.5276554220997194","5000","1169.043578330148"
"468680","0.3104326676838852","0.5059889668499513","10000","1570.7550479784336"
"468709","0.5468446804022602","0.5541524282608952","7000","2121.247152685259"
"468738","0.45790148197720715","0.5369972109821517","15000","3688.3772808953136"
"468754","0.5230405835788211","0.5566901089541937","12000","3494.058233519507"
"468758","0.4123429898005565","0.5057682558300319","2100","437.95498898585305"
"468791","0.439255579817993","0.5625611087944696","5000","1235.540530132839"
"468817","0.4096292824586836","0.5318460968697235","14000","3050.036290548749"
"468885","0.5669470915458847","0.6025622960900587","3000","1024.8628237304072"
"468988","0.5588408744829177","0.565873995349318","3000","948.7005552244664"
"469034","0.3695791894238716","0.5161419282696812","12000","2289.063785730994"
"469061","0.4531500063779623","0.5447150734467808","3000","740.5129170197429"
"469070","0.3119617064848321","0.5210656260312085","5500","894.0388703800575"
"469094","0.5678487824540217","0.5652231653182377","16000","5135.380579852312"
"469107","0.8140391712220149","0.6605417324929508","8000","4301.654755808924"
"469349","0.44971151890852457","0.5193251983140533","1000","233.54652374128366"
"469382","0.30197623223038705","0.5036516153937654","12000","1825.0898060802872"
"469460","0.3560436769261215","0.5778029374996843","12000","2468.6769888732183"
"469700","0.4630477577650409","0.5445258415217845","8000","2017.1317596942747"
"469728","0.36750224424855193","0.5382746067206836","6600","1305.5930315462622"
"469752","0.8046329861105843","0.6175805685690515","14000","6956.959758722238"
"469762","0.3622396997071027","0.54945065347994","24800","4936.014425067031"
"469773","0.2632811161410751","0.5052815691470122","10000","1330.3109549053918"
"469796","0.5454889387554992","0.5775934486577324","1500","472.6062560106531"
"469798","0.42599864358809114","0.5364524134336469","10000","2285.280004722915"
"469851","0.43404215389962497","0.5554685444695667","8000","1928.774107720483"
"469866","0.29585921861403053","0.5324730234700819","6000","945.2223159414525"
"469932","0.3376863291444242","0.5332679667289304","9000","1620.695719215031"
"469950","0.6170036817893667","0.5986658615751983","6500","2400.9637648977546"
"469964","0.49522844958164947","0.5471149736814969","15000","4064.20350238789"
"470031","0.41432203056269123","0.5354573734236051","4000","887.4071449465332"
"470060","0.3660097823134959","0.5536746967995257","25000","5066.258881202131"
"470108","0.25041826981381","0.5409640939966205","9000","1219.2056320502609"
"470131","0.3553222689448542","0.5483872604897366","7500","1461.4065424324951"
"470134","0.295318217637627","0.5284514740083462","6500","1014.3987581787902"
"470194","0.45932781025719827","0.548363694339394","24000","6045.088678691075"
"470195","0.32500141638989355","0.5456638930227001","25000","4433.538452630022"
"470362","0.28059198976687294","0.4882372221101994","21000","2876.904526233182"
"470418","0.33250862973205075","0.5642096886891784","25000","4690.114761689641"
"470428","0.41175838743773574","0.5366452624421606","6000","1325.8091273357072"
"470869","0.24972160024190926","0.4701258662271797","8750","1027.2551067569443"
"471113","0.29011368998955334","0.5167567556369369","10000","1499.1820920486168"
"471313","0.2951475657985323","0.5278056141431138","12800","1993.9909405329847"
"471362","0.4274461190631882","0.5404266381057534","2450","565.9580092868425"
"471366","0.4550930899357325","0.5345518032376224","10000","2432.7083186612726"
"471391","0.19563711148845375","0.4506925171688771","12000","1058.0661867405536"
"471526","0.4833322032650761","0.5728587569987799","4000","1107.5243407196524"
"471603","0.530824076199548","0.5733561625867867","13750","4184.829760903672"
"471762","0.3916807701898185","0.5289348707097575","21000","4350.645968336848"
"472016","0.34804582357290503","0.5520480365943873","17500","3362.415237095228"
"472112","0.2473075317833896","0.5321669925441009","24500","3224.4181828554415"
"472179","0.39743348944978263","0.5756771669688866","15000","3431.9007789751463"
"472213","0.3051367836166411","0.5460091073645859","20800","3465.435227209758"
"472433","0.5405431258892996","0.5771473152719103","11500","3587.6896598004987"
"472537","0.4529794316206208","0.5469308266827343","9250","2291.6728388105066"
"472572","0.4930200831295424","0.5558284980783721","10000","2740.3461232836767"
"472722","0.4489615174197661","0.5535762581177032","6250","1553.340230325501"
"472802","0.48153168409507385","0.5776310019883504","1500","417.22144375946294"
"472908","0.3695480489875107","0.5310166497247105","25000","4905.904172141278"
"473024","0.37123489198959225","0.5767458142553731","24000","5138.596081453029"
"473085","0.403940574633628","0.5552078724051458","8000","1794.1678961635887"
"473179","0.5397328129782382","0.5928401702133381","10200","3263.7479857005733"
"473198","0.26265871725269985","0.5228840817099012","10000","1373.4006217377853"
"473276","0.32705532578996843","0.519857267050178","8000","1360.1767027150286"
"473342","0.6739379184518823","0.5958919947262109","4000","1606.3768421916905"
"473381","0.4821194613265032","0.5505674613449286","9000","2388.9535909876563"
"473386","0.28154672994610463","0.5261997435527787","1000","148.1498170957637"
"473413","0.29232832839007006","0.5327329933558612","6000","934.3976725557432"
"473442","0.38204679115659823","0.5367173108411899","15000","3075.766895476126"
"473488","0.47740601213062694","0.5430130109506157","10000","2592.3767609297793"
"473569","0.365824252906093","0.5148105328641275","8400","1581.9735000149394"
"473637","0.35456550605120585","0.5568710586575552","10600","2092.9410484127798"
"473661","0.4299033223224994","0.5550887685670999","13000","3102.2485752817156"
"473701","0.32880539479248716","0.5176781512112189","4625","787.2460810905798"
"473725","0.30117226701060695","0.5453048828218282","6000","985.3842466284203"
"473807","0.45615320068598275","0.5759068186784199","4500","1182.1578238666941"
"473825","0.24812426187443493","0.515687754415227","6000","767.7278605317783"
"473891","0.32501927615108417","0.5255928312445115","4000","683.3112062451603"
"473896","0.4696513978337282","0.5406709510781987","5000","1269.6343397098367"
"473923","0.608402489173383","0.6389640600309914","4800","1865.9871581528932"
"473938","0.4234827688130831","0.5635548657843296","24250","5787.402542305508"
"473972","0.35088377658721903","0.5373761095882612","16800","3167.750187505283"
"474006","0.34268701529002654","0.5189871983236997","10000","1778.501739672817"
"474069","0.3988600668888177","0.5449408734801752","3000","652.0654597402603"
"474117","0.5601360308177608","0.5703215516048833","15000","4791.86475308679"
"474251","0.5608270249085732","0.5780344288092695","25000","8104.433225095727"
"474294","0.46686429781083905","0.5489658067133837","9000","2306.632822860642"
"474463","0.2746069763311736","0.4823181861563382","20000","2648.9587745985627"
"474522","0.4346317509099371","0.6151259967727608","18000","4812.359202136176"
"474797","0.43144305130570826","0.5232504402721716","10000","2257.5276654808094"
"474990","0.3162927101932965","0.5385166808702694","20000","3406.578009535121"
"475072","0.27417949896246085","0.4830402721613261","7000","927.0781785991819"
"475176","0.39945370588909124","0.5336082103468236","15000","3197.276656738266"
"475220","0.6099063300838408","0.5765395753917499","10750","3780.077718184239"
"475251","0.397782826034377","0.5636136230667057","20000","4483.916395498966"
"475253","0.6023659308624125","0.5717170204709995","15000","5165.742828388478"
"475255","0.4494274075905139","0.5696922185253994","20000","5120.705937927176"
"475314","0.4202282348274179","0.5921512696964987","25000","6220.967070384348"
"475410","0.49683323004112956","0.5617807073985814","4500","1256.0009554423257"
"475524","0.28704551064541095","0.5249616728801855","15000","2260.3183719174303"
"475531","0.5613417918175229","0.5920400638076212","6000","1994.0209814731838"
"475549","0.5920268852509065","0.5920823685894491","1500","525.7930207319861"
"475715","0.37349378960238977","0.520655460135458","13000","2528.0005514811864"
"475751","0.3423382498880365","0.5657681904368901","24250","4696.839234794793"
"475809","0.43413175777246626","0.5382413511441926","9000","2103.0089749025"
"475844","0.5477322760704486","0.553339368567942","13600","4121.912912277411"
"475971","0.30087188921971975","0.4899650284003766","10000","1474.1670374641494"
"475974","0.5741879414796112","0.5766971777735425","11000","3642.4582189918087"
"475991","0.3517673814041101","0.5289404021389307","10000","1860.639801792486"
"476022","0.3680856945787474","0.5525349171488168","8000","1627.041590061863"
"476054","0.43838552316500135","0.5480500973165306","12000","2883.0867435928462"
"476073","0.5175524523320544","0.6067164199637692","8000","2512.060568178987"
"476088","0.44622366841037464","0.538594779414355","7200","1730.4029154500402"
"476194","0.4428999415920146","0.5293073692478071","6500","1523.7963190064984"
"476297","0.6135400482201809","0.6187754040288511","10000","3796.4349122532326"
"476447","0.29979803674758476","0.5029972295546152","10000","1507.9758190994785"
"476500","0.6478851002790111","0.5843301527716193","5000","1892.893998122452"
"476505","0.40416870805608207","0.5574295853083779","15000","3379.4339298948707"
"476635","0.5439236915097337","0.5938525141861855","8000","2584.0836138278923"
"476832","0.3586335578418567","0.5283406264361233","10000","1894.8067861118222"
"476854","0.4789685518894855","0.5321035227254095","9600","2446.6641958568"
"477250","0.3597904332992997","0.5448606594772908","10000","1960.3565276107665"
"477305","0.5023328075970164","0.5722177885507633","13000","3736.7689876355903"
"477515","0.38101056034685343","0.5328378165109546","7400","1502.324579316962"
"477519","0.4258377327066535","0.5068714000187324","4000","863.3798710312968"
"477585","0.5545354581344504","0.5777519963348561","15000","4805.759519634641"
"477639","0.4544854147987659","0.5524093575850065","5600","1405.9471777161525"
"477648","0.4213690291390664","0.54373880758785","4300","985.1931818716617"
"477801","0.3345803676345471","0.5091776626417469","7800","1328.8146265522057"
"477843","0.5360522434776906","0.580306652781643","4000","1244.298732514516"
"477919","0.45603622805473243","0.5744093206179105","1000","261.9514599340734"
"477931","0.4016880056048098","0.5377004501640079","3200","691.161028605404"
"478012","0.5595791848334348","0.5828825762712736","19750","6441.836898448961"
"478050","0.5715200932860063","0.5995391999040294","15000","5139.730491866527"
"478080","0.28995605873610897","0.5264631199372892","5000","763.255856634659"
"478120","0.46643403573232667","0.5554938509695866","17600","4560.181801687352"
"478234","0.5800973619185532","0.5731775793815691","24000","7979.971241042649"
"478345","0.294484415713705","0.5278016142984481","3200","497.373919998172"
"478412","0.5218016520823373","0.5619456481685071","17600","5160.745349668601"
"478487","0.23103091474016124","0.5009687838706472","6000","694.4356583634107"
"478643","0.29706442643861863","0.5047209181744247","11500","1724.2482457941721"
"478662","0.33578243129338947","0.5259440268584927","25000","4415.06910156951"
"478688","0.5758629958929078","0.5785584860777829","1500","499.7556346380259"
"478762","0.25990018784656366","0.4987947455599402","10000","1296.3684806790736"
"478785","0.49259687680495445","0.531283144391385","11500","3009.646802702587"
"478830","0.528243423891408","0.5531883353267844","5600","1636.4213617349296"
"478929","0.3148765131948509","0.5441828656181288","1600","274.1606452259496"
"478934","0.34275801838079345","0.5583387868521903","12000","2296.5011539991156"
"478971","0.3278234075169564","0.5293632058326126","2500","433.8441248753676"
"479036","0.4073775463842627","0.543105190445378","8000","1769.9908792975664"
"479260","0.4801177744213322","0.5774030215486547","21000","5821.650526651946"
"479329","0.5147031347672479","0.5515260045518766","12000","3406.4659613820763"
"479391","0.5780755020970749","0.5989896141016242","6000","2077.5673315363774"
"479395","0.6047086065951311","0.5539652078846585","10800","3617.8653127908315"
"479413","0.33508310000010444","0.5296887287590984","12000","2129.8768952125583"
"479424","0.4568894947347033","0.5471377547888034","9600","2399.8223264230696"
"479445","0.4341299910719606","0.5225524310488432","4200","952.7938653486356"
"479473","0.5494762650649312","0.5803978860787425","16500","5262.095234453127"
"479532","0.2923494869067691","0.5106690372275043","7200","1074.9155832909696"
"479572","0.4047366616354239","0.5599583438974726","20000","4532.713415279273"
"479618","0.35873159938884325","0.5324017827459144","20000","3819.786860838267"
"479707","0.6625713484590374","0.5845403785403284","5000","1936.4985341911079"
"479746","0.268043173997206","0.5429983660004426","15000","2183.2050824708276"
"479784","0.22996402545479866","0.5220825005427913","23500","2821.4145459416936"
"479836","0.4580226635309479","0.5271138486790883","6000","1448.5805337362701"
"479954","0.6065671343958986","0.6147062521685246","10000","3728.606098731046"
"479972","0.3266033641239814","0.5272596673809368","15000","2583.071717002581"
"480103","0.283952537676488","0.5336192224451712","25000","3788.063309156518"
"480308","0.5815184338531187","0.6099609663988115","25000","8867.588647294291"
"480337","0.4870356937821346","0.5440638124110696","5000","1324.8924816968922"
"480344","0.23703767166748257","0.4903242466661191","12000","1394.7038135021912"
"480457","0.5384260895407647","0.5632591473244557","20000","6065.468401839442"
"480530","0.4894591181591754","0.5614470367081068","5000","1374.0268574011607"
"480566","0.48445794747203896","0.5532624468823382","6250","1675.202433937347"
"480572","0.531223678068788","0.5756664811260562","7500","2293.557490835251"
"480652","0.470984617930153","0.5702008926649945","15000","4028.3377436288197"
"480665","0.3484442549528899","0.5154026354082569","12000","2155.0690475470324"
"480694","0.2534903367428505","0.48640972057382004","6000","739.8009831795207"
"480862","0.5163562835180777","0.5530883635752442","12250","3498.485485441903"
"480904","0.266699396787728","0.5232738713613165","6000","837.3409550810538"
"480933","0.5129004477037777","0.5522033917867167","13350","3781.058647727204"
"480943","0.33430768754049456","0.5372659948446891","10000","1796.1215233067126"
"481034","0.4781276358464759","0.5668944765234797","25000","6776.1978958649215"
"481049","0.38561199614310904","0.5242041133302894","3000","606.4181835831644"
"481073","0.24872009831450048","0.4962530599264552","8000","987.4248788302372"
"481079","0.30285083444435335","0.5044136382236788","6000","916.5725474469197"
"481112","0.43511087360105394","0.5376100720518546","8000","1871.359904857664"
"481143","0.3364238284132518","0.5328559915587405","15000","2688.9817900969633"
"481176","0.43754123047811","0.550394014972319","25000","6020.5018639693935"
"481242","0.47832096066883956","0.5644826718414532","20000","5400.077877522343"
"481312","0.430859774906465","0.5796925192682669","6025","1504.8412849104948"
"481346","0.45271546155414377","0.5564500727231341","10000","2519.1355150469053"
"481396","0.35711906955903394","0.5114459650845954","17000","3105.000822072459"
"481467","0.4626197805491865","0.5505571048073796","10000","2546.9860700578547"
"481470","0.5245503228067185","0.5688037665415949","11000","3282.028192883781"
"481485","0.49455038475371194","0.5552033109372119","5000","1372.8800552026646"
"481514","0.3740246292110465","0.49268107551326046","10000","1842.7485658814685"
"481621","0.5013278622912636","0.559968750861106","9600","2694.988193463431"
"481689","0.52241755775408","0.5361826977491689","4000","1120.4450218724596"
"481733","0.35001969442727077","0.4884644792636792","7000","1196.8053143931425"
"481782","0.28160136346565856","0.5000541176263212","11000","1548.9751346320775"
"481794","0.48600067908788336","0.5484897777954048","6000","1599.3984268879738"
"481854","0.335808680772942","0.5032397929396321","1000","168.99229097950632"
"481921","0.454703661152004","0.5635274673752174","20000","5124.760051504557"
"481938","0.38172828084170074","0.525139093264362","4750","952.1871055542287"
"481972","0.24393576281347906","0.48387101425525614","15000","1770.5016744853156"
"482131","0.34002579508550423","0.504804328966071","4000","686.5859732771709"
"482197","0.44570716005780486","0.5615100030243926","15000","3754.0354318807713"
"482269","0.35780726628690906","0.5252719149431186","24000","4510.70659063409"
"482355","0.5064852145332257","0.5770257352193836","4000","1169.0200131751271"
"482437","0.5169204013162012","0.5774786808307235","9000","2686.594603019112"
"482613","0.3508094467920685","0.5288313908214347","12000","2226.2285719241722"
"482840","0.48657050305123417","0.5625766878402745","12000","3284.7986640880736"
"482888","0.2707208336114312","0.5126017834124019","22000","3052.983606554458"
"482902","0.5505664729607685","0.591732707070148","24000","7818.916547211337"
"482978","0.47488988379235153","0.5789333809389853","25000","6873.240149940697"
"482986","0.23162275620071227","0.49116500775549404","4800","546.0719656592244"
"483020","0.4336132387756202","0.5256652993388949","18000","4102.837793249294"
"483025","0.49332613553566784","0.5531133250848908","1000","272.8652591774127"
"483065","0.27654969897488024","0.480034975547925","10000","1327.5352798519266"
"483084","0.6653279008165981","0.5771857070469324","8000","3072.1420388070355"
"483096","0.5249188380737675","0.5670337662922227","10000","2976.4670575070572"
"483102","0.5675480946881315","0.55825887780526","4000","1267.3550497644387"
"483129","0.5577767404503337","0.5575958090680576","16000","4976.223565931965"
"483238","0.4388095766942489","0.5354840888535998","8000","1879.8043708508294"
"483386","0.3565407195015956","0.5010323201308857","5000","893.1921195650989"
"483469","0.45184266740562185","0.514028448250829","10000","2322.5998518002725"
"483645","0.2617017954391614","0.4937681363568544","6000","775.3200468914248"
"483674","0.3307070233805741","0.5233359147857055","20000","3461.4172521386095"
"483697","0.38821083544103796","0.5382272458711664","19000","3969.967326758715"
"483787","0.5288293062535694","0.5734760163513314","6000","1819.6255432808114"
"483804","0.4651333667164326","0.5277459678111734","6000","1472.833552674199"
"483946","0.5037201168131997","0.5398097071016207","5000","1359.5650435906375"
"483962","0.4927031133603027","0.5573603076940814","25000","6865.3289716082545"
"484085","0.4209074260785193","0.5322052171952948","10800","2419.2985836444927"
"484212","0.4185737714792971","0.5684819434946138","10000","2379.5163110642115"
"484300","0.2793913715497295","0.49254182319711654","2000","275.22387105729354"
"484417","0.4476249395617312","0.5425096261869428","7500","1821.3062897519073"
"484564","0.4616921385852448","0.5610446644873551","8000","2072.239287912065"
"484611","0.5071735553255516","0.5354264066578331","12000","3258.649371358054"
"484728","0.3027962131125085","0.4993140400005338","6500","982.7376030294499"
"484843","0.3845349472829901","0.5248066903229677","7000","1412.6455909797203"
"484847","0.28318371674374543","0.5155461587917142","13200","1927.1244616747038"
"484859","0.596684984369208","0.5215969543466294","8000","2489.8325644107613"
"484981","0.3187610919167261","0.5112930679499373","10000","1629.8033662917485"
"484984","0.41088278131366807","0.5248149872101695","2000","431.27488324002314"
"485006","0.3246587730225713","0.1632162041361526","11200","593.4832128091421"
"485035","0.38717292748899657","0.5313569966737807","14000","2880.1786152152813"
"485037","0.2835501634376043","0.5053698658875658","3000","429.8931242065784"
"485083","0.4116433418462979","0.5270981234289913","14500","3146.158278633725"
"485099","0.5943453850800187","0.5926075478754879","14000","4930.989857407354"
"485111","0.37232132350521074","0.5166603554942946","20000","3847.2733472061686"
"485297","0.5160326044255981","0.555226709846345","7000","2005.6055959006571"
"485313","0.5855721459554522","0.5534202055611256","22000","7129.484062481787"
"485610","0.35215176460819886","0.5508249735417254","13000","2521.6618234987795"
"485624","0.4482341715071234","0.5270159770031547","15000","3543.398547345394"
"485679","0.4209809361911633","0.544185941405597","16000","3665.470513199964"
"485710","0.4378156555220378","0.5323095957487987","10000","2330.5347460343123"
"485833","0.6530927146025001","0.6165794604996105","12800","5154.349486410696"
"485846","0.25168927491685555","0.4974182075801037","4200","525.8182775843686"
"486025","0.43116015071686165","0.5538294314932422","20500","4895.1782136582315"
"486027","0.39607209615102257","0.5801578514357425","10000","2297.8433631662806"
"486069","0.5064642342543424","0.5939750799117215","12000","3609.9256081638223"
"486113","0.4039663728378128","0.531433908839782","14400","3091.4125712211976"
"486429","0.3334880269215398","0.5551005646082559","7500","1388.3954402567997"
"486440","0.3862007455441836","0.5427405675555376","4000","838.4272473080878"
"486551","0.45572045687862495","0.5794381367149009","6300","1663.5894180986666"
"486607","0.5680075405930469","0.5574943488185023","15000","4749.914909503796"
"486802","0.26590192849409977","0.4875644321622873","5000","648.2216138854144"
"486940","0.586203196710876","0.5505186520077985","20500","6615.673769946642"
"487063","0.29798647304896","0.5339809144947654","14000","2227.6672514005477"
"487129","0.4303839430017399","0.21815641679638176","7500","704.1826413896833"
"487155","0.6067094948015104","0.6573365561427847","14000","5583.37261848735"
"487191","0.48271470707262465","0.549485982126512","13000","3448.1845437352654"
"487448","0.5904502698891219","0.5884430911616965","20000","6948.927639816256"
"487546","0.3944249853223869","0.5305998938092176","8000","1674.2548426220856"
"487597","0.38521339084643624","0.550238562286937","20000","4239.18524706038"
"487618","0.5624143856619794","0.5716426036027089","1200","385.80002846811834"
"487897","0.26495542428700547","0.503759604028859","5500","734.1061179326612"
"487937","0.46546341054873486","0.563923031465039","1500","393.72830626904783"
"488025","0.39506978270067605","0.5458214322320344","15000","3234.563319379224"
"488125","0.3263880946388735","0.501253255442155","4800","785.2948558814282"
"488239","0.3476373680507284","0.49812964712936614","10550","1826.9274584727593"
"488289","0.26304782918285985","0.5026808858074738","14000","1851.2076209672225"
"488326","0.5438885434581032","0.565623108019383","18000","5537.446710604338"
"488422","0.614140649364719","0.5971721302985923","10000","3667.4767988409008"
"488545","0.4668408889698191","0.6021982760651781","25000","7028.269463359007"
"488570","0.5332040454860597","0.5552281179075876","7675","2272.182818530814"
"488655","0.30727799994842964","0.4996939097727098","3200","491.34382458038186"
"488671","0.33034200951189563","0.4991876799328563","14400","2374.5983229014505"
"488695","0.36104954013255763","0.531390161452246","15000","2877.872601349485"
"488745","0.6297243849623584","0.6201186388382446","6000","2343.0229706766504"
"488770","0.35733081668792044","0.5048605080734037","12000","2164.826611960173"
"488775","0.5066815586403033","0.5342289686795539","3000","812.0518995640746"
"488826","0.40512987705060277","0.5188595142467861","5500","1156.1302016733475"
"488999","0.2953519312980366","0.5174428556990903","4100","626.5937617451001"
"489107","0.48159616218526735","0.5789364596164891","18000","5018.644387807689"
"489202","0.5636193082385568","0.5612464600815952","17000","5377.598806902966"
"489239","0.43600953488429717","0.5802773109718733","24000","6072.154571058171"
"489278","0.28537484677631875","0.4993665353526525","10000","1425.0664851148438"
"489352","0.29929154061398544","0.4991578284490271","13000","1942.11830131853"
"489366","0.5761492092451301","0.5970100471980946","24250","8341.196515161066"
"489446","0.33569717452440617","0.5263162314264641","3000","530.0486153885923"
"489520","0.5461711716654498","0.5687864459282537","12000","3727.857115200736"
"489630","0.29606845476729227","0.49851007110421097","3900","575.6131151072514"
"489632","0.6063651031341186","0.5863027008283883","6000","2133.080985933708"
"489658","0.5049047890999938","0.541187597768721","8000","2185.985679319587"
"489666","0.40542734896090105","0.5294503885235542","6000","1287.9220045525417"
"489673","0.3108736306895905","0.533815346098451","4700","779.9608393693953"
"489770","0.30707325235366467","0.4901143327515295","7000","1053.5070152821088"
"489772","0.2533397773431374","0.5103553649934198","7000","905.0532017331601"
"489803","0.3398171803836486","0.5372457046941251","16000","2921.045128678143"
"489905","0.4054514840504918","0.48636426995941623","4000","788.7884601767173"
"489922","0.2779993453826235","0.5475752783860218","5500","837.2406291646204"
"489979","0.44281983392193713","0.5208148407875854","16750","3863.0046168024487"
"490031","0.3512876126514721","0.5471570928161216","14000","2690.9331243297343"
"490038","0.2929258917540848","0.4998879910023729","12000","1757.161626498336"
"490148","0.5126694418485387","0.5705212881004945","6000","1754.932981999139"
"490174","0.5132581725679888","0.5995702922610774","14000","4308.280935447657"
"490281","0.3825669719855729","0.5305541391960091","12000","2435.6698860795523"
"490338","0.32656687860149824","0.51848288206361","5000","846.5966820191094"
"490460","0.37907531242732573","0.5170160302798","4000","783.9520528330037"
"490481","0.5319525502796485","0.5413022804429499","9800","2821.881859827404"
"490714","0.31872320009062327","0.5471054083322763","10000","1743.7518653055024"
"490783","0.5494463221529278","0.566618865471394","6000","1867.9599101743315"
"490909","0.3086264658705671","0.49838105694039647","10800","1661.186710011806"
"490965","0.5095753348454175","0.5481427757783146","20000","5586.400770206626"
"490987","0.3998712892511358","0.5188491116908094","20150","4180.578193855002"
"491142","0.5037778483565137","0.5856753842922168","18000","5310.905128813931"
"491310","0.3071427488603752","0.499113640270177","7000","1073.0939482640345"
"491337","0.317537863823799","0.5595266736961156","15000","2665.063570768506"
"491361","0.48311959458755993","0.5456033529815383","3000","790.7750120941623"
"491369","0.3618625323055362","0.5306986340105836","10000","1920.3995159415874"
"491373","0.4773082192169079","0.6109975121119617","20525","5985.790609629796"
"491443","0.2711371078123843","0.4661890358454318","7000","884.8080281108205"
"491477","0.5217929909287804","0.56685728367439","16750","4954.351137760254"
"491487","0.4826829829359579","0.5847427796134109","11000","3104.6992802547106"
"491502","0.4969330697391209","0.5046317019295585","25000","6269.204518188315"
"491575","0.5272072446501159","0.5647863099873317","13750","4094.1922216872517"
"491596","0.48755391177865437","0.5876944461514848","3600","1031.5178141462864"
"491675","0.28928570266058906","0.47329004055727697","20000","2738.3208388974112"
"491677","0.44852031212008525","0.52943956744995","8000","1899.7152003309961"
"491900","0.4844186450685265","0.5429357642961862","9250","2432.8259175213316"
"491961","0.31099241346470696","0.5292269726214469","8550","1407.2066533067036"
"492041","0.3707870850215784","0.5272009138000631","8000","1563.8343203891025"
"492042","0.48402111031030903","0.5983383225542787","2800","810.9034618270034"
"492092","0.44441838840933645","0.5434537429874888","6800","1642.3416891079464"
"492104","0.2691269772474518","0.4784695708351237","6000","772.6144158224542"
"492134","0.3014902906225557","0.5225070643561099","13000","2047.900486905806"
"492183","0.22578847498717847","0.468142177526153","10000","1057.0110834080706"
"492226","0.3650283292049096","0.5329299344984294","10000","1945.3452357324359"
"492346","0.35181062965725285","0.5190911779585271","1000","182.62179416711453"
"492369","0.36895898041337016","0.5045698815440962","4750","884.2865479485723"
"492370","0.4246372384344659","0.5453740272649914","25000","5789.653021292226"
"492377","0.4773406134578516","0.5152262345313504","1600","393.50145097723794"
"492393","0.4523912064941289","0.5597264929542846","5000","1266.0767172715816"
"492438","0.48544463085216716","0.5475643936704145","10000","2658.121949531251"
"492486","0.4427243021113466","0.5504396485300419","2000","487.38601849975544"
"492488","0.5182613115259129","0.5462576036990205","14000","3963.4585497367943"
"492553","0.35342107038737614","0.529895081604252","20000","3745.5217386716154"
"492606","0.26339802524280653","0.4878393402119603","12800","1644.747761249075"
"492613","0.4178312496599573","0.5514592473259369","13000","2995.419783807564"
"492647","0.4452124849280017","0.5773469499905339","8400","2159.153390275462"
"492730","0.39511717614244257","0.5196195658627772","8000","1642.4849242565"
"492862","0.31691495666181","0.5466351480691274","10000","1732.3685426014963"
"492917","0.5074670265404859","0.5506499044063253","6000","1676.6200179232844"
"493088","0.4678222824109265","0.5297951681845529","6000","1487.099908742269"
"493293","0.28687157936359686","0.5318572279003877","6000","915.4483377823723"
"493351","0.6032065437756609","0.5962028306831988","16000","5754.135182170846"
"493386","0.22551228943444035","0.4982546888934192","2500","280.90638903449945"
"493412","0.43802912799194893","0.6056340934918577","11000","2918.139112398762"
"493496","0.25831308754952975","0.5119849220061925","6500","859.6406388844609"
"493529","0.30856753165024975","0.48667870301594857","2500","375.4331152409405"
"493535","0.420407999786098","0.539567293730155","5000","1134.1920335354625"
"493546","0.47254592692797104","0.5557549590865338","7000","1838.3381960045392"
"493573","0.3879843810822998","0.5100901303057649","5600","1108.2792196160824"
"493666","0.4986593501215987","0.5674066627659746","5000","1414.7131885477302"
"493695","0.25377746758678943","0.49096163079025856","10000","1245.9499934423213"
"493727","0.18891527798779362","0.49888040068658535","2500","235.61532394592035"
"493752","0.5074365837482873","0.5433195130997107","10000","2757.001976111"
"493802","0.5682734008666586","0.5938508166178565","2000","674.9392463337434"
"493835","0.39911881411669003","0.5252779476603476","5000","1048.2415577592335"
"493917","0.42649884978873764","0.5949295349119212","16000","4059.7881975245286"
"493942","0.42534709041233787","0.5778448201984632","6100","1499.2861391856668"
"493943","0.4373311871922396","0.5335372956037978","10000","2333.324988977458"
"494025","0.5455583551899832","0.577970636181507","22000","6936.967611712405"
"494038","0.39495295027245725","0.5231719559597552","15000","3099.4246125917607"
"494089","0.46381052078890916","0.5670850397004563","6000","1578.1200455704072"
"494107","0.5750408606886479","0.5854055424402893","9000","3029.688962790919"
"494123","0.4508798859598242","0.598935327371124","10000","2700.4789210240237"
"494163","0.5564492076351015","0.5556721258755822","16000","4947.253026374083"
"494304","0.5524917522946391","0.5598809810302215","6000","1855.9777457149723"
"494321","0.5727046435425925","0.5583072359899736","14500","4636.304625335874"
"494323","0.34489622202142656","0.5436622153831254","11000","2062.5774855558293"
"494338","0.3520130935606266","0.50862542183042","10000","1790.4280820210483"
"494512","0.31247509848210075","0.506448200897853","8000","1266.019611613115"
"494666","0.2854745020350191","0.5055236826310321","11000","1587.4553372260323"
"494719","0.46363828149622244","0.5808847440942735","3000","807.9612134977257"
"494835","0.4456740899042926","0.536312356041552","13500","3226.777035973816"
"494849","0.26800221560388426","0.5314104037152105","13000","1851.4491526782033"
"494883","0.3220585382519452","0.49332692645663745","6000","953.2808928896972"
"494994","0.43745107562037955","0.5405259233833066","12800","3026.606676284497"
"495024","0.34833779034566015","0.5376770138776176","22000","4120.450904543207"
"495075","0.38572089893769","0.5177646222789736","10000","1997.126355435792"
"495156","0.33061327013702146","0.5556670697370116","18000","3306.796326597776"
"495265","0.3540322603523447","0.527795068440351","20000","3737.1296216551586"
"495295","0.29839036287928367","0.5165253464843182","11500","1772.4511340987397"
"495349","0.4163482984566793","0.5062628263838921","2400","505.87599920832656"
"495356","0.3576800146417016","0.4982524199879179","5000","891.0746643827088"
"495372","0.4487452940086125","0.5383461573173912","6250","1509.8769040237466"
"495420","0.39090776984351194","0.5328870350237792","16000","3332.9549190346715"
"495428","0.5051034734134106","0.5857313851830216","6400","1893.4717257164318"
"495435","0.5922291322085331","0.5801268434764401","10000","3435.680170829276"
"495445","0.4716219388493713","0.514701660415849","8500","2063.3290576216637"
"495541","0.32870753592148416","0.5182239849449897","6400","1090.202426538751"
"495615","0.5429437046679744","0.5580237697636644","6000","1817.8529570896364"
"495659","0.5041757624558002","0.5413488018173891","16000","4366.959118573057"
"495663","0.3481500682399724","0.5033785359407621","14000","2453.517802936392"
"495685","0.29802196524158453","0.5120197405489363","3200","488.29801382681666"
"495747","0.45257847262712225","0.6036635367140744","12000","3278.4614571209104"
"495756","0.6417518962906867","0.5566706041057632","12000","4286.932989529868"
"495864","0.36438697479268434","0.48908706241806593","6000","1069.3017305085589"
"495885","0.6133434725029592","0.6132266848618205","21250","7992.51991689832"
"495960","0.5551095564294333","0.5745730247594283","15600","4975.635239804175"
"495971","0.46944280280904616","0.5216383966468927","4800","1175.4210766787244"
"496217","0.24480261285810279","0.5133835458846076","6300","791.7690906147307"
"496244","0.3948353211527682","0.5326310677666295","13000","2733.9202630685268"
"496292","0.49234597750183395","0.5643595657264427","16000","4445.762592801535"
"496413","0.4413697251911103","0.553870303559913","14400","3520.246804902081"
"496495","0.459190217808395","0.5745421411677998","25000","6595.60327357359"
"496496","0.23182252451748164","0.5076247080211784","7200","847.2876575106176"
"496558","0.435716737141132","0.6559294136731972","7500","2143.49567940436"
"496602","0.45717112084139455","0.5408291437919447","14500","3585.1462548402988"
"496620","0.5250491736548186","0.5394963626953803","18000","5098.7181496138155"
"496729","0.2457268741661509","0.5099846964897295","10000","1253.1694534099445"
"497045","0.26155227971336836","0.511710906947762","10000","1338.3915426638246"
"497078","0.31920557842158115","0.5323679046147003","22000","3738.565708363652"
"497147","0.4671207195098509","0.5601028583592667","15200","3976.861882983832"
"497218","0.6395842737019293","0.6255341337255114","25000","10002.044864864918"
"497261","0.4418825220172501","0.5581734160200149","3200","789.2706457405054"
"497300","0.6209992432049466","0.5425581601008399","8000","2695.4256545383187"
"497396","0.41346405338165904","0.5426094209093206","10000","2243.4949057224244"
"497420","0.2996455243002898","0.5015557005092979","3000","450.8667625347231"
"497711","0.5013669640634596","0.5132290987427851","7000","1801.2128057398697"
"497829","0.29022321302801","0.4937722914311633","9000","1289.7376283101962"
"498029","0.5506003060480561","0.5860669334776675","3000","968.0658988123482"
"498050","0.2770685566857988","0.48565911314888266","3000","403.68260856439787"
"498113","0.5195942356372657","0.5110641912881521","10000","2655.460078339447"
"498131","0.4046379278253509","0.5647500408717951","9200","2102.3774337543377"
"498135","0.5321278910252918","0.5536074296190721","14000","4124.259355707813"
"498177","0.35914452457869417","0.5241390364998665","25000","4706.041626921984"
"498349","0.3619698024411314","0.5142748863966383","2400","446.7647496706236"
"498437","0.6139419209390231","0.6140748823917943","2500","942.5157822400572"
"498452","0.4054051263992934","0.5616781363341323","10000","2277.0719585625848"
"498496","0.3124577389513279","0.5287708896006068","10750","1776.099483319794"
"498498","0.666923254245356","0.6425578659870671","3000","1285.6103490751384"
"498532","0.3574989918056479","0.5312841616198705","10000","1899.335521414126"
"498653","0.3852030534412658","0.5265556272740481","1500","304.2462531489666"
"498921","0.2792614407135555","0.47953385458645853","6000","803.4918906164343"
"498979","0.3766771398199178","0.5467075714264095","25000","5148.3061080698335"
"499006","0.5112596104911258","0.5539900021394","10000","2832.3271270976757"
"499037","0.2608770786764154","0.4970539840279157","12000","1556.0398955721155"
"499040","0.3922754290036402","0.5410658896840493","18300","3884.117428109355"
"499174","0.3908481490391752","0.5170086683875159","6000","1212.431286458816"
"499178","0.5134897731871251","0.5590836861971928","2800","803.8345146104515"
"499197","0.4418150987207383","0.5367377824001152","20000","4742.777126365141"
"499198","0.3788950616384411","0.5208138716163888","9500","1874.6711378883444"
"499229","0.5563368936172366","0.5897611610439206","25000","8202.64730778174"
"499273","0.2762320753787485","0.4950134998178505","5000","683.6930319759128"
"499373","0.6485972962686456","0.5434457962510582","3000","1057.4324223509927"
"499381","0.46096545659548616","0.5444931276109611","4000","1003.970092729164"
"499397","0.28805420817479377","0.5154268027795315","2000","296.9417190934471"
"499448","0.45102844084261307","0.5778103203646541","8000","2084.8711031747252"
"499489","0.40856889567653254","0.5169742799204028","5000","1056.098053201248"
"499521","0.5645249770316345","0.5925618554590175","2400","802.8383228227791"
"499533","0.3845981200572144","0.5423112948729233","25000","5214.297612347998"
"499554","0.3737540768240323","0.558708636298761","6000","1252.9177834407446"
"499593","0.47714372073097644","0.5549711394110892","9600","2542.089545826399"
"499672","0.41603500508915003","0.5683555508595962","10000","2364.5580449431877"
"499673","0.5250997034229572","0.5589932245115038","6000","1761.163058438599"
"499730","0.3242611661754915","0.5249066684464987","11000","1872.275332881291"
"499806","0.509149186933904","0.5467607049016343","12000","3340.5932201769037"
"499813","0.44424813393876095","0.5175260532336311","20000","4598.199668274649"
"499880","0.18842498348669834","0.4928872120907985","2000","185.744529598027"
"499899","0.41518144628711817","0.5210843157611096","5500","1189.8949692037695"
"500101","0.3539322700054025","0.49709781699233524","2400","422.2535010787857"
"500209","0.3618177946184812","0.5398476976226655","5200","1015.697817595227"
"500240","0.3107573877948049","0.5087793715967768","15000","2371.6042272194504"
"500271","0.3203404235789874","0.5146588406736649","20000","3297.3206204014477"
"500286","0.4160232843294489","0.5174877800972165","4800","1033.3774362067184"
"500338","0.25226778091193225","0.4944964621285586","3500","436.6093380949049"
"500343","0.4393609972387469","0.5305702748533019","20000","4662.237701295655"
"500363","0.5426646180328758","0.5969151495386517","10000","3239.2473162242936"
"500392","0.424075088740565","0.5236084267109317","4000","888.1971600909839"
"500566","0.2988547915106162","0.5127488584708888","14000","2145.324344738735"
"500594","0.4389320178056163","0.5302998611497668","15000","3491.4838214475794"
"500615","0.5562525825335646","0.5667177639058315","10000","3152.3821974026573"
"500663","0.3639441798925632","0.49575324201817883","3200","577.3648227052337"
"500793","0.3118084561239116","0.5233619891479891","21600","3524.8757867317554"
"500822","0.37170395169643256","0.5272909311994379","8000","1567.9689825641824"
"500824","0.24699669768754762","0.4802449244644441","10000","1186.1891042392344"
"500861","0.3461615880605923","0.49577627700264143","10750","1844.9010612275265"
"500892","0.425733221853858","0.5157899770545036","5000","1097.9446436567064"
"500961","0.3986405650755783","0.5075259129203493","5000","1011.602083585334"
"500962","0.27266924026059247","0.5182306482834708","6000","847.8333428832497"
"501012","0.36573103579072164","0.5228768831110006","16000","3059.7168648193647"
"501034","0.3726921894615456","0.5575894778380095","20000","4156.184866323354"
"501039","0.45071480654279594","0.5323445915102872","15000","3599.0338436499424"
"501129","0.348827307691317","0.5726029629948834","3600","719.0623798472736"
"501133","0.6116300903313048","0.564530426611589","14400","4972.086659854313"
"501170","0.6261350651084243","0.6261694390248483","8000","3136.5331397818313"
"501255","0.348268873634518","0.5129790413212747","8575","1531.9634772810698"
"501266","0.4096681621760181","0.5236272971741434","6000","1287.080594991162"
"501281","0.48798414369985244","0.5242470410882892","12200","3121.0557698783323"
"501284","0.6996884379446215","0.5919106374820371","6300","2609.1640848584534"
"501407","0.2943149835050821","0.5131955318082045","25000","3776.0283619753395"
"501421","0.5467998820663316","0.5763646003736751","11000","3466.717050626872"
"501560","0.32358195932561906","0.5182777564037117","10000","1677.0533189199894"
"501621","0.34982768177522916","0.5459272869974411","16000","3055.6876356504804"
"501645","0.45398896078980666","0.5391286377200477","7500","1835.6883747791148"
"501651","0.4385709248868237","0.5799320474584144","12000","3052.0960131041534"
"501668","0.3829513185067098","0.5392217713303813","14000","2890.9396361789036"
"501680","0.48843001670370056","0.574598517965063","20000","5613.023274551946"
"501703","0.687157715856026","0.6410055819698935","6000","2642.8315893443682"
"501747","0.42697118837865555","0.5612760701958855","7500","1797.3653302502921"
"501802","0.5036816713132666","0.5401887338448693","7000","1904.5821500130678"
"501845","0.5658246354249719","0.5736592390446658","18000","5842.629536231066"
"502010","0.42970851920920816","0.540354840192475","20000","4643.901564532735"
"502013","0.3305378986019707","0.5363339090268515","12000","2127.3441988645923"
"502105","0.4072744975263811","0.5481606671032042","25000","5581.296506454584"
"502120","0.270523348942008","0.5116307106191619","6000","830.4483195496505"
"502132","0.3106188598525619","0.48698069658954657","10000","1512.6538874485132"
"502164","0.3072455731265632","0.5063835318093138","7500","1166.880738394544"
"502167","0.5074521315658154","0.5641989058456631","7500","2147.279530488619"
"502199","0.6146786265451104","0.5871072321800465","12000","4330.587205333586"
"502250","0.35062795244331035","0.523692810139211","13000","2387.0773904691328"
"502265","0.43945484490907916","0.5059099151224271","14000","3112.5438860332824"
"502299","0.4475389367740693","0.5863309318340372","24250","6363.343604395792"
"502314","0.3998909141976835","0.5309179085402084","7000","1486.1647346704624"
"502340","0.42029625109734436","0.5231211799039363","3000","659.5976123497315"
"502409","0.6076751403589615","0.5530518878491696","6000","2016.4553014471967"
"502425","0.5194285786188433","0.5250549100723613","5000","1363.642628178656"
"502436","0.557186085453599","0.5553071994099058","6250","1933.8090291462909"
"502453","0.2772307643501376","0.5032765799528667","10000","1395.2375093985636"
"502488","0.5383864122102713","0.5658716471864862","6250","1904.1100368765547"
"502492","0.41067838348423613","0.5257728289203973","7500","1619.4265159572196"
"502506","0.31459081069204464","0.5601575012847233","18000","3171.9672439990404"
"502510","0.3013203902597702","0.5061475748286849","5000","762.5629238820779"
"502518","0.4035036071534749","0.5766790242164452","14000","3257.6889301751444"
"502552","0.5439524417851918","0.5712090906553235","24000","7457.053911164693"
"502579","0.37731018298251473","0.5485083141057164","20000","4139.155447253171"
"502598","0.5520675459659974","0.5558398183083729","5000","1534.3056222184464"
"502623","0.3066690576999753","0.5171799506864435","5500","872.3169847608224"
"502690","0.2254238271707898","0.5647980915912919","17000","2164.4221055495436"
"502793","0.489152249841597","0.547692357568032","6000","1607.4296935527077"
"503021","0.30608891879769307","0.49638502171412535","1500","227.90693190576903"
"503057","0.544293496694878","0.5587351712635618","16750","5093.941661565381"
"503079","0.612367487880338","0.6055025914882789","6725","2493.5634282479373"
"503158","0.5524910897608639","0.58983978546536","4500","1466.4655163523191"
"503164","0.2472021425455817","0.4822471135181632","3000","357.6375590943369"
"503299","0.4802733908267345","0.5464022362102724","1200","314.90694568802144"
"503335","0.3898300803225906","0.5106133469454285","15000","2985.7866308028483"
"503622","0.41105118155105125","0.5448822630391239","14400","3225.232771609573"
"503656","0.35527795169626497","0.5293795773272969","3000","564.2306757080297"
"503724","0.5212158646995854","0.5692238417302727","21500","6378.802682813877"
"503740","0.48491423923604204","0.5660628042934553","25000","6862.2978525945355"
"503843","0.417786311738653","0.5550461657107277","10000","2318.906904169661"
"503844","0.37388047377051126","0.5283857876691485","25000","4938.828215683649"
"503878","0.44379771203319096","0.5832208398297897","7800","2018.8901797469869"
"503928","0.4275953183394414","0.5483549164620733","5600","1313.054372378549"
"503934","0.5264316783831595","0.5681891581344968","7000","2093.789405091003"
"504097","0.33925546968501685","0.5168525429519449","20000","3506.9010443411485"
"504111","0.47467866673603587","0.5604632287175898","8000","2128.319505297916"
"504189","0.43292188998748726","0.5289697521056271","6000","1374.0155089666844"
"504228","0.22912146719387705","0.5201719393790449","2400","286.03813906466695"
"504366","0.4832464399187505","0.5612539148377722","25000","6780.598905895375"
"504438","0.5465361043830322","0.5518030376077453","10800","3257.067051657298"
"504486","0.35519336087279907","0.5212594313252759","5500","1018.313391144878"
"504545","0.4269417965552845","0.5315837027643097","9000","2042.5977096993427"
"504580","0.6189791806465692","0.5786149675423106","12000","4297.8074222301675"
"504594","0.4974818879002958","0.5366029860128685","12000","3203.403198415414"
"504845","0.5157503790992918","0.5648883038724315","12000","3496.0962824515495"
"504995","0.4007184811170199","0.5323823925016741","3600","768.0076693081775"
"505024","0.4515954122002427","0.5439053542242479","5000","1228.125813194091"
"505179","0.4563628451935372","0.5384685215286176","4000","982.9481061278294"
"505245","0.5449764766933101","0.6011038225202788","5000","1637.9372166199116"
"505254","0.44531050303801933","0.5684526426046074","22750","5758.887958267743"
"505258","0.5165480075100564","0.5848222934417135","8000","2416.7103233982293"
"505273","0.4463309697788713","0.5278601005751584","8200","1931.9225468977206"
"505369","0.4519236202340131","0.535528832367731","8000","1936.1450293065514"
"505466","0.5599113604654016","0.5698614398217087","5000","1595.3594702367275"
"505561","0.6054262150356983","0.5829288922558857","5500","1941.0623808038831"
"505580","0.4621350758012587","0.5455839763724006","10000","2521.3349227681147"
"505588","0.40970106976627874","0.555940753779818","25000","5694.23803875657"
"505609","0.4985743652178858","0.5583009306936086","12000","3340.2543854534492"
"505854","0.5940237030319488","0.5929104025664912","1500","528.3042493480659"
"505945","0.539666652495408","0.5663067182477467","10000","3056.1685092242165"
"506030","0.4902661361722288","0.5413946327290708","16000","4246.839275719431"
"506061","0.3559646223862304","0.5052367274093924","10500","1888.3872093233615"
"506206","0.28269482744081964","0.5055767746739983","8100","1157.683906503872"
"506264","0.25874474011454907","0.5002605278404513","12000","1553.2773631877365"
"506486","0.2692426837580808","0.5327915028452743","15000","2151.753211643442"
"506495","0.5746490234487157","0.5936303191752063","25000","8528.227080089542"
"506575","0.43463324513325996","0.5321435915051547","12000","2775.447552633039"
"506623","0.27893611767964854","0.4784762737704673","5000","667.321571036794"
"506738","0.27793184316731456","0.5089174477642637","5000","707.2218213856366"
"506754","0.3408600948294088","0.5870946792567733","15500","3101.8157947022287"
"506758","0.6045691574943968","0.6101580960267827","21000","7746.538087119243"
"506767","0.5329813078714253","0.5551072123448724","13000","3846.202984577604"
"506771","0.5545787161776601","0.5748237060520267","11000","3506.634922238994"
"506849","0.4027117781266569","0.5623388721102168","3600","815.257753550079"
"506854","0.4214852623190135","0.5520415197631002","14400","3350.5540526640552"
"506856","0.4658699941066291","0.5565694682013702","10750","2787.356909862197"
"506896","0.5665260214478507","0.595050321832028","5000","1685.5574569438097"
"506962","0.35163260952053077","0.5695354574543651","7000","1401.8706738340334"
"507124","0.40768166190507493","0.515228301140392","5000","1050.2456503472172"
"507190","0.3688149159688683","0.5010164123277535","5000","923.9116300584215"
"507206","0.30891521116239884","0.4957669493038676","7000","1072.0496628207977"
"507410","0.5006231509758209","0.5526106622790917","18000","4979.694438233893"
"507416","0.44986953749363245","0.5198408724652254","3600","841.8980623183824"
"507536","0.5168759899442839","0.5377272860894035","6000","1667.6299399050813"
"507603","0.470311910199267","0.5506591162907201","12000","3107.778490215946"
"507634","0.22173257102133215","0.5162230569425524","4800","549.4246350545458"
"507762","0.47832698389974826","0.561427150523142","2000","537.091511178329"
"507863","0.36876972942203634","0.5357939493907568","14500","2864.976551270507"
"507865","0.4428446487507779","0.5920826328210911","10000","2622.0062556309185"
"507952","0.3132600813575861","0.49959147727812525","6000","939.0124009062129"
"508195","0.6098060426551064","0.5698069687240289","10000","3474.7173267490207"
"508247","0.4206368677051553","0.5556957161528863","9800","2290.711833309287"
"508289","0.26752911337754015","0.5335323269907608","6500","927.7802975876116"
"508392","0.3318110823049447","0.5230967959915773","3600","624.8495305015708"
"508412","0.35393319586452754","0.5436513635485866","12000","2308.9951744423124"
"508436","0.27329842445397956","0.4021960426574295","10000","1099.1954477990103"
"508579","0.32679225156932246","0.5582346593556932","10000","1824.2676123488072"
"508640","0.4667356189569043","0.5415375271104813","5500","1390.1516909736602"
"508798","0.46107407702833025","0.558595030465654","24000","6181.288514509522"
"508804","0.5427465541144194","0.5802211366312446","6000","1889.4781351857587"
"508855","0.4048358378623522","0.5524903684593542","8000","1789.3432098089788"
"508957","0.2922013739324689","0.5170447647924741","13000","1964.0554785403651"
"508966","0.3495406758638717","0.5310806699336399","3000","556.9028889205268"
"509006","0.5629249172601425","0.5573619537688687","6000","1882.5175902557505"
"509078","0.3813269111673874","0.5188949456352114","5000","989.3430341972229"
"509216","0.2503462025972395","0.49598733178992294","10500","1303.769723024415"
"509301","0.5614252188906266","0.6066901998253039","4000","1362.444712942877"
"509319","0.6129680120585186","0.6078754242415864","5000","1863.040951882969"
"509447","0.38290605261318156","0.5145998484774152","5000","985.2169832791421"
"509553","0.5153075795266598","0.5546678679140749","3750","1071.8420867100563"
"509603","0.34208072467958306","0.543586568070448","8000","1487.603897053011"
"509631","0.3006746291488698","0.4988237902063224","5000","749.918290654598"
"509952","0.24109676838077554","0.48018047391724206","15000","1736.549407514945"
"510054","0.4806466639845237","0.5547629366794362","12000","3199.7394578067433"
"510382","0.42740492087101545","0.5518842378004545","5325","1256.0505576061153"
"510465","0.385877223155179","0.5343564851520389","14000","2886.743953316026"
"510469","0.26903425959939353","0.47266698644308935","3000","381.4908382043794"
"510563","0.30722887663476395","0.48881439433046947","7200","1081.2808602219793"
"510578","0.6091141800155793","0.6439776267954166","14000","5491.582657314165"
"510581","0.44195667363512836","0.5605008472018199","7000","1734.0196299929137"
"510627","0.3510886564192578","0.5483403422349342","7175","1381.3028310629277"
"510664","0.31527605160765604","0.4826306024356282","4975","757.0053068366229"
"510777","0.3138929999130481","0.509471192790868","6000","959.5166464464266"
"510785","0.207951669798477","0.5209040947669784","6000","649.9372578699436"
"510794","0.28481249610623227","0.5061400816264734","10000","1441.5502002744804"
"510799","0.4371308144440098","0.5236208895488017","6000","1373.3449554501876"
"510829","0.48452998571376893","0.545747629806317","8000","2115.448730187024"
"510833","0.5566497994860296","0.5460483243942106","10000","3039.5769028371974"
"510886","0.28310697266148444","0.5100537703961004","10000","1443.9977883141587"
"511131","0.3907977166400569","0.5315072126531944","10000","2077.1180508258954"
"511298","0.29401022502256113","0.48127147899995976","6000","848.9924150263138"
"511339","0.5184163117584475","0.5400715313645883","7000","1959.873239630366"
"511401","0.5753867775362653","0.569149593858171","12250","4011.6440966400583"
"511542","0.25753199954055284","0.5068423977288276","6400","835.3800712898119"
"511577","0.5089024286778162","0.5678517338588434","1000","288.9811264896743"
"511838","0.3022697935268379","0.5317512251899809","8500","1366.2248308894582"
"511872","0.44038124002637347","0.5946645061183452","20000","5237.581852081356"
"511941","0.39023820230798567","0.5216420396703721","5500","1119.6055849508034"
"511945","0.24034075903344843","0.5317440821499322","5000","638.9988815772953"
"511973","0.20480667269512398","0.5181527120328616","5000","530.6056644970256"
"512022","0.6501216174091313","0.5944218833868053","15000","5796.697743762179"
"512220","0.654235533738599","0.6122965621235162","19000","7611.13719441657"
"512321","0.5267503524833816","0.6074362595925185","24000","7679.214332437104"
"512384","0.35918345199368673","0.5036318381921151","22000","3979.7168878669354"
"512397","0.3699319141772811","0.49668447010991","7000","1286.176057389213"
"512414","0.49822799494896575","0.563681758004451","8000","2246.736256638926"
"512424","0.39488229271503894","0.561408178813396","7500","1662.6761159910627"
"512458","0.41917598727544414","0.5728256181583029","9000","2161.0326962535587"
"512508","0.4855572484708375","0.5453005350534255","20000","5295.492547804334"
"512671","0.5180696253263488","0.6304068871171947","18375","6001.176874044672"
"512756","0.5744824916234063","0.5540877148795975","20000","6366.273820439013"
"512915","0.3843120661558461","0.5342756978951947","24000","4927.886336519015"
"513146","0.49754935173342596","0.5653268842146495","10400","2925.2914574881547"
"513273","0.3428690732422738","0.5262888229826199","11200","2021.0194031307612"
"513345","0.626646337121644","0.6355349456603475","12575","5008.064746071562"
"513499","0.659863038282647","0.6417565254258205","13975","5918.012964605125"
"513523","0.5320046909939258","0.592884084449379","2800","883.1679195995837"
"513593","0.36239576172468757","0.5410537531057142","6400","1254.8837567407766"
"513687","0.3359120263454787","0.4844130115726434","6000","976.3209378328947"
"513778","0.288833347305652","0.494391321883495","5000","713.9835018923795"
"513834","0.5819584265443581","0.573251039259111","25000","8340.206820553758"
"513842","0.29189904282752555","0.495767446650399","8000","1157.7123451383825"
"513912","0.5190132048112328","0.6012634357095166","15000","4680.9549405511325"
"513936","0.5002509249372908","0.5412113372943583","17500","4737.97576119089"
"514051","0.5188028999667204","0.554281945301369","1500","431.3446209323179"
"514097","0.4631529934434302","0.5475165512856864","4000","1014.3357187511562"
"514120","0.4107327219598439","0.5380216593705092","18600","4110.285671654782"
"514206","0.7333251754825805","0.6069387142152632","21000","9346.752221290673"
"514276","0.37295684727017897","0.5867829658972641","1000","218.84472499288856"
"514354","0.24834262159825082","0.5219048047582532","4500","583.2504334727453"
"514399","0.40043465094083","0.5476786218514613","15000","3289.642466532671"
"514446","0.3837124024806873","0.5197211649609754","8000","1595.3876546178997"
"514494","0.3860681928727515","0.5071981940375201","15000","2937.1963530058283"
"514527","0.43821338129080156","0.5193530824382167","2500","568.9686758476283"
"514638","0.2802439942136239","0.48903442274632014","7000","959.3427195686785"
"514680","0.18733917660616906","0.33717807268814526","12000","757.9999500846258"
"514681","0.4556542836410472","0.5312217738093585","7775","1881.9657821171209"
"514874","0.3040389609112888","0.4923711027752982","5000","748.4999923527353"
"514883","0.33675788930646433","0.5155240710646993","4800","833.3126306804345"
"514895","0.47979402992454556","0.5975471905149121","8425","2415.443916065996"
"515127","0.35986639540937393","0.511754645615022","15550","2863.739309580507"
"515230","0.4050062212282064","0.573212707511345","5000","1160.7735631457947"
"515231","0.3071422896709405","0.5010869820477497","1000","153.9050029904473"
"515329","0.4819104309386637","0.5449430396961686","20000","5252.2747019401195"
"515342","0.4534500800366945","0.5329415865175795","7000","1691.6368354289555"
"515360","0.561654679953357","0.5717166924480098","15400","4945.053281181534"
"515463","0.5367395297785065","0.5573691030448494","6000","1794.9721816881624"
"515506","0.7092461384338173","0.6464094983800617","17500","8023.110210027494"
"515551","0.5527601434864357","0.5776971899327927","20000","6386.559631979224"
"515600","0.4573668586087073","0.5248342806382552","12000","2880.5016747081536"
"515768","0.46225817254224644","0.5179411435104362","4000","957.6901059343024"
"515853","0.24199881725757255","0.4969747658464774","6800","817.8176776836048"
"515952","0.39366448632774653","0.5360510258669868","4000","844.0970069735557"
"516040","0.5094311941208216","0.5602220433501602","25000","7134.86461291697"
"516082","0.7480991644542668","0.6679172478165866","12325","6158.412229074442"
"516089","0.41107689479340404","0.5662621805865423","12800","2979.5494250810575"
"516163","0.5864927447183381","0.5959304682574827","25000","8737.722399740389"
"516176","0.47716786930372856","0.5333824125414686","3500","890.7953226077323"
"516210","0.6148091381908214","0.6394724483336243","12600","4953.734161195303"
"516221","0.3314349462855811","0.5184249828813553","8000","1374.5932508350825"
"516237","0.592799882931623","0.6182301691444537","8000","2931.8941751490374"
"516247","0.5602150511774702","0.627160627835748","12175","4277.623222697387"
"516255","0.6743060151525266","0.5662981284829942","12000","4582.2988128684165"
"516282","0.7211114354260484","0.6479239935216169","17450","8153.083247717872"
"516324","0.28138547226969646","0.5025646492400747","10450","1477.7803877523404"
"516348","0.5114737840063335","0.5759556248155877","5000","1472.9310142208037"
"516387","0.5560484885730024","0.6289265485630293","4800","1678.6255524091555"
"516485","0.47626783905892567","0.5651518805747614","20000","5383.273298028593"
"516486","0.5047612504234937","0.5486298153276848","13000","3600.0519308573644"
"516506","0.5387285230595538","0.5449346998138446","1500","440.3577989919207"
"516590","0.4813390504354542","0.5398694667431475","3200","831.5528207399733"
"516777","0.4316932332032787","0.5320232523313799","15000","3445.062569073858"
"516787","0.5042672136412261","0.6223826157938487","8400","2636.316038874855"
"516826","0.3099318257785181","0.5037437561299167","10000","1561.2622206187366"
"516854","0.34504116425384657","0.545879149032691","5000","941.7538856206936"
"517250","0.44146633515369704","0.5713154291789726","6250","1576.3533046025163"
"517329","0.42849163971300586","0.566458297867046","10475","2542.519705139881"
"517374","0.46929608141978807","0.6145800409127101","10000","2884.2000491914787"
"517426","0.42332880050351596","0.5842411720912141","7000","1731.2828021029934"
"517480","0.46769053932134197","0.5347909009374162","7200","1800.8398431616793"
"517522","0.4853985922481939","0.5751673272964691","8825","2463.8112518708103"
"517686","0.2646279207848541","0.5220195784446141","8725","1205.2798380705426"
"517756","0.41957236512075835","0.5788681511382298","5525","1341.8958629454658"
"517790","0.3745542822567002","0.5165699556546459","4500","870.675700390206"
"517810","0.29857281766326305","0.5277238711736556","8900","1402.3196281639005"
"517972","0.43574163536028176","0.548348693564289","18375","4390.492300345308"
"517983","0.4986793920277821","0.5494286756835484","7750","2123.412874131886"
"518192","0.4986615168277351","0.5444651033436497","9375","2545.348071497943"
"518208","0.6449058068144129","0.6948651025179794","16350","7326.803521912884"
"518223","0.45505542376485153","0.5529686870786601","15000","3774.471003409099"
"518331","0.4823860575007498","0.5461852312952634","4750","1251.492666850872"
"518352","0.551882812965081","0.6223659324219764","7125","2447.2455630355653"
"518405","0.6839976890237717","0.6436366310758064","16900","7440.156863034567"
"518433","0.5372088655544116","0.5641765828768499","1800","545.5451917073466"
"518434","0.6382331096826405","0.664613768431986","11500","4878.052889888815"
"518444","0.486271331388196","0.5554106224299036","12325","3328.7392394553744"
"518461","0.4517698607543533","0.5751466350020903","7550","1961.7460598221303"
"518494","0.6588713922230458","0.6331834029666882","17325","7227.754903997876"
"518495","0.3908751641090574","0.5864881581140005","10275","2355.4785556472652"
"518532","0.6320176460885594","0.6526539676186268","10000","4124.888243246834"
"518534","0.5857754161813271","0.5538917857076008","11175","3625.7979376913217"
"518572","0.6276254844051625","0.6194914443206981","10200","3965.847901831646"
"518588","0.4482947810913487","0.5234343822590334","7950","1865.4905693934645"
"518670","0.5860269698538114","0.6384326362745701","20000","7482.774865835338"
"518685","0.5047360870144162","0.5637600286136506","2500","711.3750771439733"
"518710","0.3809908849067125","0.5281641685069591","20000","4024.5146787096874"
"518723","0.4757656749380831","0.5288015553848414","15000","3773.784433589658"
"518788","0.11771245826972299","0.2946318517275903","9700","336.41384364872727"
"518791","0.511779483033221","0.5561689488566957","8700","2476.3319569875835"
"518889","0.3859028347381346","0.48639236712340017","15075","2829.580413513767"
"518892","0.5795438462526719","0.6264009184338029","18000","6534.482356175981"
"518893","0.6540590250267038","0.6377692337223803","5600","2335.976849922733"
"519079","0.5561668857648328","0.653991347868157","10250","3728.2153954250275"
"519199","0.4876352676854643","0.5357040382787097","12325","3219.6373444591964"
"519215","0.3033049524498578","0.5461196688511981","5000","828.2040009642236"
"519239","0.5071342548633719","0.5403653554147261","12000","3288.453382466739"
"519273","0.3525348658945976","0.5069340037688392","10000","1787.1191103605918"
"519281","0.45608709973953765","0.5242749773237502","24250","5798.540056434826"
"519322","0.5235134972313592","0.5711013334053973","10000","2989.79256324552"
"519334","0.5890492697163656","0.6084587678658385","5000","1792.0609643194591"
"519375","0.46051505235278534","0.5544842842510597","15725","4015.3529482733397"
"519377","0.6052971612824299","0.6296032538879771","3000","1143.2911869377208"
"519508","0.37139749633976205","0.539992503480351","16575","3324.147143062516"
"519524","0.7479410216436555","0.6766486956823861","9500","4807.886509054042"
"519553","0.6075129331115361","0.6312539776878423","10550","4045.8717807725584"
"519658","0.3724299880369425","0.4903356338243777","4750","867.4245476366731"
"519662","0.5613815800541104","0.5432087378411652","15825","4825.792281354575"
"519757","0.41507162347950455","0.5510498599416432","7450","1704.0024418817793"
"519760","0.533183280401477","0.6233154671278551","7200","2392.857975515103"
"519857","0.608782814719661","0.6268188894760338","7200","2747.495288553638"
"519870","0.4216318418345496","0.5133877783667311","12000","2597.5276148173484"
"519893","0.6695073096122877","0.6332873162913205","17500","7419.833528481287"
"519899","0.2963794955686695","0.47377195028580715","3000","421.24887492087686"
"520008","0.6685560186739539","0.6535119957252321","3600","1572.873760863832"
"520029","0.47341887047675446","0.5554451716202908","8400","2208.849096386059"
"520091","0.6112507042731911","0.5927360604280126","10000","3623.1033438473946"
"520122","0.5572365115658617","0.5437886302889283","16000","4848.302069942088"
"520125","0.5131280737175794","0.5631840390349243","6500","1878.4060171400988"
"520129","0.5566084880513811","0.5777415255299309","3000","964.7275110291396"
"520164","0.5252688174638436","0.597285317193884","13300","4172.680184937611"
"520202","0.6814139520325813","0.643714025872109","9000","3947.7214651348536"
"520435","0.6696680203692305","0.6382023458483325","10225","4369.998348238849"
"520539","0.384685723434695","0.6024648217736777","7575","1755.5790897453103"
"520669","0.5966908829019515","0.6189452381424301","15975","5899.870715327264"
"520804","0.5993069549842625","0.6113936195030919","2000","732.8248968024096"
"520839","0.4503481758582908","0.5578244311208524","8500","2135.32932753795"
"520920","0.3775277437466268","0.530600156144434","5000","1001.5813989040802"
"520952","0.645001391723457","0.5694283142300849","7200","2644.4307971890566"
"520975","0.517948174643075","0.6089095050430323","15000","4730.753499897853"
"520990","0.563851128884715","0.6354511843321416","10000","3582.998676368072"
"521004","0.42296235236042046","0.5645597929858331","6000","1432.7252285364"
"521104","0.495963095218522","0.5480459211624608","8175","2222.0512575447447"
"521107","0.4696267461287632","0.6149912584686059","10000","2888.1634361224455"
"521178","0.5977639362017948","0.6272709471679422","7750","2905.9396159420635"
"521207","0.41775612913669313","0.5728136010250258","6425","1537.4793229758418"
"521264","0.5410639906160464","0.5850864256108537","12725","4028.3430228702528"
"521293","0.5680910842244561","0.6306466846875828","12375","4433.526390975754"
"521363","0.19409038093594222","0.43406786200882114","18000","1516.471140408158"
"521515","0.38455364741776443","0.5672856146076535","7000","1527.0622655750096"
"521558","0.6802314302475179","0.6197651176764041","11375","4795.5147287154105"
"521607","0.2689371924026842","0.49419358611269715","5300","704.4072884285835"
"521638","0.37205281649406363","0.5469290656640164","3000","610.459497908292"
"521667","0.5565056180060092","0.6241271518946034","9000","3125.9723974149297"
"521679","0.4467676336058769","0.5585080783046042","7500","1871.4249937043537"
"521701","0.6716263381815403","0.6392805314324985","8000","3434.8611391740646"
"521759","0.4547452726161595","0.5625953529474684","6000","1535.025462892086"
"521768","0.2855361819122325","0.5411064947448723","2000","309.0109650347247"
"521784","0.5214819155116142","0.6481956454434044","15425","5213.994082576852"
"521974","0.3551471591085249","0.5743776615913843","11500","2345.868839850145"
"522028","0.7610812871418897","0.6809527732093315","8000","4146.083304935979"
"522056","0.5359373259038089","0.5519576030512787","18150","5369.036474517147"
"522058","0.6562979752868567","0.6363644391780081","20000","8352.893859541657"
"522162","0.5855837722096717","0.6404225114432447","11700","4387.746051689444"
"522204","0.6188557531084058","0.6165762129948403","9600","3663.088671759847"
"522245","0.7201549009254109","0.6543533323789388","11825","5572.362853126131"
"522266","0.24934399429023069","0.48657081748802006","10000","1213.2351113752575"
"522330","0.5707669689906566","0.6372107820830355","8000","2909.5909335815995"
"522376","0.2056562485334622","0.49853484484299715","1000","102.52680595362244"
"522459","0.4723656418192894","0.5694507453444609","3500","941.4613838318817"
"522576","0.537647195173691","0.6429776198294317","10000","3456.9511386074973"
"522605","0.609431502688963","0.6504774010881647","16300","6461.669146169054"
"522684","0.4427182954843615","0.5415139030750047","6300","1510.3501065478338"
"522687","0.4665994095236259","0.5706072892500531","4000","1064.9800969358064"
"522798","0.5758908367256443","0.6083057772838245","4000","1401.2708922601007"
"522904","0.7326814087979396","0.6948482101738368","5000","2545.511827654468"
"522991","0.45701682200644467","0.6132651081310188","6700","1877.8255541286949"
"522993","0.5602128237106581","0.6105971632647231","6375","2180.6603012618325"
"523104","0.6004646379548133","0.604096864443844","9250","3355.333946230674"
"523287","0.40329868823742787","0.5214410832144395","6000","1261.7790291209215"
"523313","0.5366820800210474","0.6384820726882292","9000","3083.956981438216"
"523346","0.6385326167847394","0.5946459117339863","8000","3037.6064806387953"
"523404","0.30754881944247847","0.49632611265588433","10000","1526.445100057918"
"523444","0.4897424590829369","0.5533658636478782","10000","2710.0675883546505"
"523511","0.5489325631560424","0.5390218948241139","4500","1331.490016453624"
"523585","0.22174610329636935","0.5121944457640847","6000","681.4627348693763"
"523607","0.5228853266508849","0.6234315089962494","7500","2444.873911694685"
"523768","0.29412186646410987","0.5543362699549707","14400","2347.8108244978844"
"523894","0.37923343542050636","0.5180909298761548","9000","1768.2966287742495"
"523982","0.5033910353925298","0.6209219082493105","8000","2500.5321783322065"
"524164","0.540141070052619","0.5929933664325157","2000","640.6001429579277"
"524165","0.4351636283223783","0.5330912499027661","5600","1299.0987661937568"
"524185","0.34125256866585685","0.5720632234510946","15000","2928.270666629341"
"524205","0.441734175444637","0.6056546886626137","12700","3397.7373561570867"
"524271","0.37463421501615835","0.5169850129679068","12000","2324.1632941002026"
"524434","0.5087288627882703","0.5434239688256136","8400","2322.22584444936"
"524462","0.42890009139235286","0.5278944546178881","5700","1290.5596850374322"
"524467","0.5680273541912455","0.6022696463709033","24250","8296.061618140711"
"524472","0.6645196856119311","0.6577814721596397","14000","6119.5223191322775"
"524686","0.38871003738339116","0.5938080758206975","15000","3462.2873902623433"
"524744","0.5294491949551202","0.5973071769221181","6500","2055.5847257551513"
"524774","0.21366796977387326","0.48826184361161507","9500","991.0962100041509"
"524869","0.22534904331657835","0.5225921364032742","6000","706.5938278994679"
"525033","0.4792443161648253","0.5463433296416399","12000","3141.9832248638577"
"525069","0.40234056068141877","0.5472456519468474","15200","3346.7226610083994"
"525117","0.6469104073963929","0.5956961456235107","4800","1849.7377739988783"
"525124","0.3268467421129281","0.5550586520484168","4000","725.6764484144734"
"525162","0.4163889437349949","0.5363686623653905","10000","2233.379807748771"
"525310","0.329972662365585","0.4839840655229645","8700","1389.4031425952514"
"525372","0.381234857215735","0.5045177735782255","8000","1538.7180909831625"
"525456","0.6764738979880789","0.6691106808627744","25000","11315.89776171746"
"525519","0.4665368052012375","0.551236842270152","17075","4391.216600780544"
"525746","0.44712865740227026","0.5258893259094595","4500","1058.130847062367"
"525814","0.5605863532808335","0.6351577837770662","8275","2946.403002209692"
"525846","0.27082846428298557","0.5086904198490774","14575","2007.966343836535"
"525849","0.4362984009302757","0.561979299511497","1600","392.3050715724522"
"525982","0.3101068375549312","0.5048703857123582","5000","782.8187934419886"
"526073","0.8056379337885116","0.6913574486323794","3000","1670.9513592764613"
"526149","0.4768716548427623","0.5477208020706119","6000","1567.1551516513064"
"526161","0.28006127626841204","0.5222474894927231","10000","1462.6129843530616"
"526193","0.5433378265281397","0.5977595633089836","8500","2760.675746275061"
"526437","0.6953235026807565","0.6489609361230433","8000","3609.902329664457"
"526500","0.3397567286398766","0.4990165696069234","6000","1017.2654233604495"
"526511","0.5867825319251461","0.6261477313380914","22825","8386.191480084377"
"526586","0.3575425317532682","0.5077888501057505","4800","871.469333101876"
"526810","0.44333383549222616","0.6440482433919773","12500","3569.104724812451"
"526992","0.3096124761511406","0.48285887002667344","7000","1046.493912663501"
"526995","0.6510795084607697","0.6377031417548176","9600","3985.8763015451054"
"527190","0.572094567941074","0.5966987472952571","6000","2048.2086721491614"
"527205","0.38168592875904805","0.5403429299593184","23050","4753.861805261373"
"527259","0.3970570843381165","0.5214526418060945","5000","1035.2323278796805"
"527260","0.32934343364626806","0.5762909351112969","9000","1708.1787181389589"
"527312","0.522120726744604","0.5903348309966421","8400","2589.0988282540056"
"527432","0.2274096617790431","0.5046098056656408","7000","803.2720166576843"
"527442","0.30501699813992367","0.4987511672430568","8000","1217.0206708100816"
"527782","0.44965114270505246","0.6304840929152138","15000","4252.468392550265"
"527789","0.7126729560593431","0.6508577022314433","18000","8349.27628721894"
"527939","0.6330654098496868","0.6487331988659281","12000","4928.286581077886"
"527949","0.35232412252170486","0.5206080917436342","3000","550.2683673038254"
"528003","0.38858970590580744","0.5323969076597123","14000","2896.3754088170845"
"528132","0.5725711318552863","0.6304664446962381","10000","3609.8688583650332"
"528161","0.6420337574879943","0.6617182450693768","12000","5098.145415363042"
"528195","0.4016259140796382","0.5239283724942517","11525","2425.127512713383"
"528222","0.40405307181094463","0.5111902435112071","8000","1652.3839053639044"
"528309","0.6018433929164827","0.6146791565957653","15000","5549.108837409561"
"528329","0.4539962832836951","0.59447944661125","5500","1484.4030258753046"
"528485","0.3164230597015699","0.5280362928551344","8500","1420.2043050589148"
"528490","0.2388259622921033","0.49225560434213506","10000","1175.6341840069126"
"528562","0.5382253228855768","0.6542390150351783","15975","5625.244881658618"
"529130","0.46248595739279486","0.5590384747019526","13000","3361.116774495223"
"529168","0.6385564273626347","0.6460202746302274","2000","825.0407971434123"
"529189","0.507027847415182","0.584348460237982","3000","888.8428258045203"
"529209","0.6858538738334297","0.6530592409457626","12000","5374.838522944446"
"529210","0.7742030412296459","0.6714180273841365","15200","7901.170956805563"
"529361","0.4250194426620578","0.5549333943664729","2000","471.7149639764045"
"529380","0.6408761797171934","0.6015994378658737","9975","3845.868725858434"
"529420","0.2868319229766757","0.5330478446648933","6000","917.370829942822"
"529503","0.5486204658668905","0.5559158218044938","6475","1974.7895114889895"
"529576","0.43528876905011316","0.5516584446111525","15000","3601.9608793633292"
"529606","0.5141587484233667","0.5444905014250603","8000","2239.636437928963"
"529763","0.4903347811475963","0.5458742527967249","4000","1070.644529116759"
"529812","0.7243731621791102","0.6852984219196382","4800","2382.776567626955"
"530051","0.416200814019574","0.5316034329434723","4300","951.3912605646948"
"530129","0.48261742745233205","0.553994720259129","2000","534.7350134272704"
"530175","0.6006045090550106","0.6137824834121439","16800","6193.160855554107"
"530186","0.2609497529097704","0.5015185857471697","1800","235.5680718546866"
"530193","0.703572431582002","0.6212554103519502","11800","5157.758520398594"
"530370","0.35887281614109245","0.5358405185014588","3300","634.5853663945015"
"530408","0.4581217706482853","0.5512013042807614","15000","3787.7597625112003"
"530429","0.44419165390480464","0.5572433256437721","1000","247.52283444512076"
"530433","0.3602548084045394","0.5233520003771216","2000","377.0801492479847"
"530454","0.2818286145402037","0.46795961123599844","4800","633.0451626979861"
"530511","0.19016651132023366","0.5008094376171086","2500","238.09295896973435"
"530517","0.5555260401120257","0.671733056117402","11000","4104.817251449744"
"530569","0.49695715721940215","0.5605058136997287","3500","974.9158152340775"
"530659","0.40949224588945476","0.5426080286378804","4000","888.775121138301"
"530765","0.53111219763688","0.6024957221049305","24000","7679.827848815246"
"530831","0.3457139400368553","0.5243246021270671","20000","3625.3264811920976"
"530959","0.23683132704750853","0.4963107432011614","7000","822.793523581864"
"530962","0.3026269132774472","0.4928818434481191","4000","596.6372435728089"
"530972","0.30664673869689196","0.5837597508047401","6000","1074.0481426007034"
"531051","0.7293684428670538","0.6640258835882996","7200","3487.100578100767"
"531133","0.6771341261659307","0.6361402936706322","3000","1292.2569056208063"
"531181","0.34284714020774043","0.49386044141958196","13750","2328.131300033495"
"531303","0.42582019328613196","0.5435252036804598","6000","1388.6640437225858"
"531346","0.5843353150227641","0.6206316084512457","5000","1813.2848321872173"
"531383","0.5712922310258121","0.5814730312232663","16000","5315.056404622104"
"531477","0.3387916074796873","0.5791001591553173","4000","784.7770952478908"
"531518","0.3471760937165066","0.5051600095281151","2000","350.75895761952853"
"531715","0.44403908433953065","0.5395389830289884","5000","1197.8819799483679"
"531728","0.41831484771594085","0.5462478459346148","25000","5712.589612182478"
"531767","0.44090703402081066","0.5538590045299068","10000","2442.003309529999"
"531836","0.7754495814042031","0.6770409694162208","8000","4200.089090618435"
"531908","0.4512572082774804","0.5399833471734232","8000","1949.3710220944677"
"531959","0.550877606761009","0.5820230955813007","7000","2244.3644298142267"
"532058","0.4603591824533759","0.6208958024439245","14000","4001.6911760254507"
"532210","0.37790819611758264","0.5524692737208721","6000","1252.6959998534746"
"532269","0.42875069428518897","0.6342046622698144","14925","4058.341662311269"
"532352","0.4642711302493082","0.533091995078736","12000","2969.9906769847607"
"532535","0.4397481611190568","0.525164121974879","2500","577.3498923103928"
"532662","0.6696506141128585","0.6406866896623628","9875","4236.732822465064"
"533008","0.32101510400072963","0.4961093542024745","6000","955.5515756102529"
"533048","0.36327304681154937","0.5220755402015139","5000","948.2798607739475"
"533057","0.6739493165179269","0.6586302838906822","10000","4438.8342966613345"
"533216","0.2723441727461845","0.5047234214544924","20000","2749.1696536329514"
"533220","0.5423964166599371","0.6198821393374916","2100","706.0658873691177"
"533316","0.5269737007696624","0.5843148513538488","5000","1539.5927981630643"
"533371","0.526063674806875","0.5910853945909877","2500","777.3713870080169"
"533488","0.5860822960143635","0.6396622936668843","24000","8997.473897906439"
"533562","0.5521400534461445","0.5676399935094878","8000","2507.3342108359816"
"533641","0.7166422307885276","0.6742855060833127","10000","4832.214692679166"
"533664","0.5320764398249047","0.5824586642599653","6000","1859.4751945476708"
"533683","0.2827919293971405","0.5752544934236141","11200","1821.9860746039512"
"533684","0.33311432072268476","0.5236725075087294","15000","2616.6421742987313"
"533695","0.5013734969308581","0.6173613242841556","12000","3714.3432723145506"
"533839","0.46282472813408615","0.5748792167959222","8000","2128.546537788073"
"534017","0.4712717744109821","0.5851855649949042","12400","3419.6898507280357"
"534128","0.501890535545277","0.5400471717312663","9700","2629.132273127199"
"534186","0.5413061271065372","0.6421048585791549","25000","8689.382354844329"
"534252","0.6397939560151364","0.6437053004783985","25000","10295.969017524667"
"534276","0.5063783357505042","0.6022283673387053","11000","3354.509382341886"
"534278","0.4405253306343416","0.5658548390311443","2000","498.546780110474"
"534357","0.628893535610962","0.6584523398125952","14000","5797.3498802247495"
"534432","0.47608563966969686","0.5565665739597095","7000","1854.81347367666"
"534516","0.48428334227545955","0.5416613482116892","4000","1049.2702723735533"
"534652","0.7171418168209649","0.6862344366913976","20325","10002.48962235515"
"534655","0.3464549775978929","0.5309260492083717","2700","496.64332570848535"
"534708","0.544066206297446","0.6043976939512996","6000","1972.9941626580503"
"534792","0.39600399943134146","0.5380786627746535","12000","2556.9756296091705"
"534793","0.7479618583310204","0.6813725829602163","7000","3567.484923567115"
"534809","0.5249604060492115","0.6292422500932446","24000","7927.85441069446"
"534914","0.4568569414329666","0.541525353957394","4800","1187.5181612034223"
"535014","0.6367131985498512","0.6413444322467778","20000","8167.049296559685"
"535030","0.6513229995075346","0.672257794880125","7000","3064.998743825508"
"535155","0.41954092335087345","0.53341558227776","10000","2237.8966591855524"
"535161","0.5616926732844247","0.5839045842203288","4800","1574.2796488979857"
"535233","0.3140925292857213","0.48420949439681427","1000","152.0865847992557"
"535244","0.47485522113605805","0.553294786973631","17625","4630.702937184079"
"535303","0.3941515120401684","0.5213655468336236","10000","2054.9701861012195"
"535333","0.4207225192751334","0.5390312297413873","7000","1587.4780386133878"
"535364","0.5839890572811102","0.6788642669076633","20000","7928.986065064765"
"535385","0.5306250320663446","0.5496856642759516","15000","4375.154598492551"
"535386","0.4394588026970768","0.5424319730295277","2000","476.7530108243386"
"535408","0.5337322659939767","0.5575679701557279","10000","2975.920161568786"
"535421","0.31211688560969897","0.4801989482356802","2800","419.6589605498459"
"535472","0.5793932960142323","0.6311261425919871","10000","3656.702559571197"
"535482","0.5531256251055328","0.5951477643972478","4000","1316.765916849552"
"535504","0.6222705918301953","0.62656752847763","5000","1949.4727338367875"
"535511","0.22783700252831096","0.46695516969608875","9600","1021.3407953150942"
"535519","0.5104283551579656","0.5485291216557069","10000","2799.8481732296605"
"535707","0.6488332278720231","0.6445149474072188","10000","4181.827137379931"
"535805","0.2774451188632068","0.509808398136774","7000","990.1069613296281"
"535845","0.38989500358824025","0.5929410903369263","25000","5779.619213613275"
"535858","0.6306125742883313","0.6032898584504286","10750","4089.753334804279"
"535917","0.39403342234600125","0.5152222064104827","2000","406.0295385211607"
"535922","0.5832017850651128","0.5681448276951229","16000","5301.489242996905"
"535968","0.4756708359961159","0.5256025124798974","5500","1375.0758258213446"
"535976","0.5601939991912002","0.6208592364630973","16000","5564.8258977449195"
"536201","0.538774905447554","0.5921310416751077","1450","462.5867516870483"
"536253","0.4619027957718459","0.5494629692817957","6000","1522.7908901061678"
"536278","0.6114402076702341","0.6106509959246053","18000","6720.778291719166"
"536294","0.33588974372532376","0.5701406723873158","5500","1053.2742238455762"
"536403","0.4522907279355398","0.5470387744071227","14000","3463.887916797883"
"536445","0.265473784064878","0.5031985481218492","2000","267.1720454117198"
"536589","0.7699366633625095","0.6428197809237784","10000","4949.3051726787335"
"536605","0.5181427988964975","0.578692147446276","4800","1439.2568110907428"
"536611","0.4476344125038738","0.53029678609787","3500","830.8268160416437"
"536634","0.6231052606717876","0.6024726842769409","15000","5631.058484760223"
"536780","0.463394456509141","0.6323972727858246","15500","4542.265553066978"
"536794","0.5364733580023322","0.600558683365597","10000","3221.837335426012"
"537018","0.4721685041553515","0.5937249383691725","1400","392.4735024413006"
"537090","0.6631272230383916","0.5966531125604297","7750","3066.3411427829324"
"537342","0.3087207831998703","0.4886872838307355","1750","264.01886175707347"
"537354","0.5250702161891638","0.5743319677248393","2500","753.911526144073"
"537538","0.5013663943453833","0.5962939538087811","14000","4185.464494274856"
"537890","0.27885130446500483","0.5350180650043281","7000","1044.3333973715976"
"538024","0.6542961394738649","0.6234319786573446","8000","3263.273094880428"
"538111","0.49160263666881787","0.607243993855657","2000","597.0454969614888"
"538360","0.3235275268405562","0.5146478367000875","15000","2497.5411270213262"
"538530","0.5478649011902517","0.5943536835858533","8000","2605.0041770386047"
"538563","0.6881740895240627","0.6656576545160128","14500","6642.2810798035625"
"538599","0.7033010096301087","0.654453275917532","13750","6328.81768349232"
"538645","0.3245785404274171","0.5283496439226485","10000","1714.9095625975876"
"538701","0.5910811165456261","0.5956610638559324","1000","352.08400670672"
"538742","0.29835566614784514","0.5403034662183788","8500","1370.2221049773802"
"538836","0.37517895108497035","0.4932346838335036","4000","740.2050852775235"
"538862","0.3641176553952449","0.529048515226948","20000","3852.7180990954357"
"539003","0.23338007294701302","0.5404061032045311","11000","1387.3201736557296"
"539020","0.3693385535015502","0.5377097446702364","6000","1191.581635801158"
"539083","0.5188048383428912","0.5844080523745955","12000","3638.32470166183"
"539204","0.506045210137573","0.588119550895047","2000","595.2301634373982"
"539292","0.2537751218841058","0.5029051782080675","8000","1020.9985831672021"
"539327","0.6089638277602049","0.6303958530798905","13750","5278.463735815736"
"539353","0.4120759643523384","0.5212725434603663","5000","1074.0194301841334"
"539368","0.5207756331764692","0.6147698114357227","7500","2401.1785335616282"
"539483","0.3870880671675596","0.5159594769883882","1000","199.72175668422014"
"539493","0.2969169085343104","0.48488104359205997","10000","1439.6938047024466"
"539517","0.5476656379438293","0.5601351668626376","6000","1840.6007009675982"
"539601","0.33330286596541037","0.5071739851019259","8400","1419.9573593315902"
"539607","0.32731781003201565","0.5003379380088836","8400","1375.6639524180182"
"539798","0.5460369228582664","0.5953578441695864","4500","1462.893143534515"
"539837","0.4770139176607562","0.5473422489389081","11000","2871.9885751435722"
"539850","0.28404171802536493","0.5053925957018969","10000","1435.5258116046546"
"539854","0.30976562220057213","0.5103834893591616","4000","632.397036568959"
"539929","0.6497314434381091","0.5864501565658611","12000","4572.421280760504"
"540070","0.284185362033592","0.5430566887927283","15000","2314.931425639878"
"540179","0.4919956066664336","0.5446661992347793","10000","2679.7337712321582"
"540300","0.4103957455474013","0.556956433991161","11000","2514.2980606174697"
"540335","0.2626679891460064","0.4928734474996232","15000","1941.931160372787"
"540348","0.39984002628744353","0.5263770469404787","20000","4209.332245715757"
"540768","0.5252379728609656","0.5849457396940441","3000","921.7071436516733"
"540859","0.32074783334920887","0.4975536388702376","4000","638.3570065705737"
"541026","0.5148919752352418","0.5970969880363046","5000","1537.2022378851323"
"541068","0.3878889626500801","0.5313128230329012","3250","669.7937342489822"
"541249","0.3579952939240242","0.5293963256955954","8000","1516.1711457575448"
"541273","0.41005909722876455","0.5245928930780895","2500","537.785220370568"
"541416","0.6806102584159655","0.6551128818303125","8500","3789.950656250333"
"541473","0.47781876608936236","0.5510780387058372","12500","3291.442855917112"
"541524","0.4672855679916803","0.5396071876560349","9200","2319.78599082144"
"541566","0.402223791627336","0.5416903606002578","12000","2614.569008743375"
"541614","0.6483919395031165","0.6534100910307864","14000","5931.321707001033"
"541703","0.3303717380597585","0.49992008883395445","6000","990.9568118343743"
"542040","0.24849294980083803","0.461875395053292","1000","114.77277935721993"
"542043","0.4765341672386848","0.6142946472240952","16925","4954.495669508412"
"542149","0.6485738847520441","0.6428619645279858","2100","875.5813115558178"
"542343","0.48391652703908716","0.5611663103477861","5500","1493.5670859716158"
"542350","0.277867189353018","0.4992286200775812","3500","485.517387269401"
"542402","0.22872065623687565","0.4755317414611088","6000","652.5835918106947"
"542465","0.5712243606116523","0.5940299499168629","1000","339.32437832543184"
"542547","0.5420430066442704","0.5832057172371576","11400","3603.797417282271"
"542553","0.34019389851193493","0.5002928666080194","15000","2552.948710336403"
"542751","0.5036488069767041","0.5774928896411032","6000","1745.1216294316264"
"542999","0.4785178944212991","0.561828212504326","7000","1881.913972918366"
"543087","0.5515109028772716","0.6343530157259554","17600","6157.405838248574"
"543136","0.3157317574242774","0.5532833263452113","6000","1048.1347018831414"
"543171","0.25571215176836093","0.4823617218867612","3000","370.03726150306613"
"543240","0.30552255531656825","0.5033991023394497","4000","615.1991203632613"
"543251","0.25615230732170824","0.501520245477879","7600","976.3383171625825"
"543259","0.42332225917110855","0.532492073054982","2600","586.0809431264892"
"543277","0.613430859692718","0.6029810271806181","6000","2219.3230192908286"
"543509","0.23685894153787534","0.4838228921673894","10000","1145.9777813056144"
"543524","0.6408764300962886","0.6299093149644632","3475","1402.8367648794128"
"543561","0.5597529089356507","0.5523960247006942","19750","6106.804313786386"
"543563","0.48433862198545885","0.561148421969013","24275","6597.601591910969"
"543704","0.5414810890370138","0.5490044560521876","1200","356.73063689917427"
"543709","0.48825340554231533","0.5392413834234723","3500","921.5025465305091"
"543747","0.3682669095463217","0.5143434009742623","5000","947.0782736116806"
"543840","0.2439923911119838","0.4774389215835759","4000","465.9658563484145"
"543926","0.2913652645921566","0.5026134205976829","12000","1757.329107360153"
"544005","0.2944305150801467","0.5145669845189623","14000","2121.0591121321836"
"544098","0.5341661725554914","0.5530725225255564","2000","590.8652650061746"
"544115","0.34060598600702396","0.5568986017901569","23000","4362.708939479396"
"544128","0.43100515459531685","0.5655207510329967","4000","974.9694349033457"
"544348","0.5237738365585483","0.5953951772401859","13000","4054.0814112701364"
"544435","0.21367579845641882","0.5115339252383945","4000","437.20967965143996"
"544661","0.37748308563680855","0.5725691970467061","13000","2809.757434143146"
"544737","0.28597735817300074","0.5230018149813562","10000","1495.6667736805277"
"544915","0.5145130243447426","0.539408419207607","4800","1332.1567541929085"
"545017","0.6261461376554026","0.5786463354957773","4000","1449.2686721565328"
"545070","0.5355009348338196","0.5766990266100552","6000","1852.93720720463"
"545072","0.3489437168777936","0.5204151063634892","3500","635.5845353683987"
"545234","0.34695381824575866","0.5079968685276787","10950","1929.9534124586062"
"545285","0.5359366256681486","0.5444432755452019","6250","1823.6693247713094"
"545364","0.45395044941426266","0.5637609189872608","18900","4836.878975939184"
"545408","0.43761352287973154","0.5264998328743944","3600","829.452407975113"
"545606","0.516017146630495","0.5611704440499499","5000","1447.867856560115"
"545830","0.28269055688023625","0.4943623156189978","10000","1397.515583029376"
"545959","0.7541983118331852","0.6963776385724242","13650","7169.073357942437"
"546035","0.260727542124626","0.46891826909181683","9600","1173.6951144733766"
"546338","0.6283801360618543","0.6239183758851023","4800","1881.8779868648244"
"546371","0.6499788616342856","0.633116239475492","12000","4938.146071397521"
"546433","0.5751039623275145","0.6334903727140491","15000","5464.842351662754"
"546440","0.5053458225646739","0.5513609439729666","5000","1393.1397488102696"
"546464","0.5863425771701067","0.5891616246312478","5000","1727.2527267800642"
"546782","0.5230229283818377","0.6157853201804483","13750","4428.460319460727"
"546884","0.34214704728061696","0.5156772419015528","5000","882.1872283321437"
"547128","0.3121631043904264","0.48808806186479825","9000","1371.2677614685972"
"547137","0.45413387834356456","0.5479409321215891","13500","3359.320298202129"
"547196","0.33754955670233144","0.5108234866847262","20000","3448.564829671373"
"547330","0.48027325321773895","0.6103972367605625","13000","3811.0470665034786"
"547414","0.45417622173854066","0.5580168757523426","8000","2027.5039703643492"
"547428","0.35766895508348584","0.5292526879392065","6000","1135.7835352220534"
"547532","0.5163771683428806","0.6160583863293101","24250","7714.373262865379"
"547535","0.4892903375327671","0.5477873387369747","12000","3216.3246224014865"
"547541","0.5104256644181416","0.5513939234083732","7200","2026.4083899252826"
"547544","0.37593851665771694","0.5585074077034566","10000","2099.6444639438423"
"547554","0.4839261650693366","0.5510743808884272","6000","1600.0758708677731"
"547607","0.42049091110916503","0.5864507308425441","6500","1602.8818138620109"
"547672","0.3325854618060424","0.5374932604418381","5000","893.8122212084209"
"547676","0.7478868059177486","0.632859311229159","22000","10412.756835150605"
"547740","0.33793907393474043","0.5037768203976407","14400","2451.5405590315213"
"547850","0.5446134820468249","0.5589630047949246","8000","2435.3503070137594"
"547950","0.336063946046972","0.5088381339905513","8000","1368.0172096643403"
"547965","0.40078551355083125","0.5700374402210824","4500","1028.082366999935"
"548105","0.468663815551147","0.5517018452077614","3900","1008.3944981045431"
"548139","0.4464346464937028","0.5559565044309832","4000","992.7929820860828"
"548196","0.29284384140230146","0.5155623364952776","6000","905.8755306097383"
"548321","0.4828714623198178","0.5793808045355506","15250","4266.438458973236"
"548323","0.5027596473762821","0.5574003006115584","6500","1821.5494607888547"
"548382","0.5424808878387197","0.6261184113823445","14000","4755.201803784082"
"548396","0.6219120194787655","0.6258507941633595","4000","1556.8965251620966"
"548406","0.6036696498243944","0.6565544698832557","24875","9859.007422261015"
"548419","0.6030252954167294","0.6658809978349524","9600","3854.8136201453635"
"548478","0.5938270300667543","0.5598691736485284","7800","2593.2304991863416"
"548565","0.5709391637381944","0.6314926086718231","15000","5408.157928529123"
"548599","0.37190913407909565","0.5367607393475252","5000","998.1311088919663"
"548662","0.510486008005708","0.6476981402000825","7000","2314.4858658842304"
"548680","0.4468167006434429","0.4944591898700013","17600","3888.414179241569"
"548807","0.714657830072934","0.6765978047576465","4000","1934.1436759208414"
"548816","0.471919381695624","0.5879040849114275","10000","2774.433322477325"
"548852","0.4460990733799085","0.5609707194745177","12000","3002.982217810115"
"548889","0.2893665268040386","0.49671718087608707","5500","790.5332898870371"
"549020","0.25214622195355196","0.5229622426459974","20000","2637.2590741508993"
"549115","0.3919668378228788","0.552779576543687","11875","2572.9712437419253"
"549126","0.2548824514734632","0.49666234788956554","4000","506.36206713863396"
"549152","0.6102574522964908","0.5872308956983181","10000","3583.620303186419"
"549183","0.4886357031350427","0.5966936279600379","15000","4373.48715681679"
"549257","0.3382336855484266","0.5403402786428546","25000","4569.032097390912"
"549319","0.28084729182379486","0.47025624164577895","6000","792.4211515767184"
"549328","0.2849322341746472","0.5016804734705109","1000","142.9449381477475"
"549355","0.7067680166040541","0.6368903108045189","5500","2475.7353596890716"
"549411","0.3708282608828374","0.5275444886432215","5000","978.1420263094578"
"549452","0.5423015506673157","0.625513451981517","25000","8480.422874321055"
"549463","0.5327328999273562","0.5426915994254643","4000","1156.4386781125709"
"549509","0.7916176286603459","0.6334423962950891","12250","6142.691053688558"
"549613","0.31787807619756736","0.564654270309486","21000","3769.3154764171327"
"549701","0.6066216336046653","0.6194300716288068","8400","3156.3813284247017"
"549716","0.49261110211907444","0.54403623994559","12250","3282.9790739658506"
"549739","0.5332322959060695","0.6324472068585649","24250","8178.100946699906"
"549834","0.2808812409350141","0.5295389293153974","12000","1784.8506190740902"
"549978","0.583998769502136","0.6260432488019996","23800","8701.4819895406"
"550110","0.5464414329527831","0.6308882659176327","18000","6205.382785100299"
"550117","0.3129984058900279","0.48174133283470894","4800","723.7644922972861"
"550136","0.555113014293402","0.5713823733255347","8000","2537.4543325668437"
"550145","0.3150229749547574","0.5097660804010598","14000","2248.2323805055503"
"550169","0.5591248197660422","0.5601383803956798","12000","3758.247251793327"
"550597","0.5369194198541285","0.5611459031087691","12000","3615.4815930081754"
"550598","0.6649265187685085","0.62458677225532","15000","6229.564622168838"
"550681","0.7087950919668903","0.6291387557411668","15000","6688.956933532429"
"550712","0.32903898423190625","0.4962559441698772","10000","1632.8755178870197"
"551322","0.76320818230094","0.6961210418134658","24000","12750.846599613405"
"551373","0.4264838972489038","0.5526428743171306","4200","989.911804667545"
"551420","0.5105576755269436","0.5354559989017937","5000","1366.9058507312875"
"551517","0.33436123254864014","0.4975114450255941","12000","1996.1824795897521"
"551639","0.5341356825903505","0.6151986651812975","6000","1971.5973537317088"
"551645","0.7263820448882395","0.554863737598563","19000","7657.81807067234"
"551666","0.6659398535223222","0.6549895904760002","5000","2180.918359701167"
"551844","0.42113470671328224","0.5014154941154976","12000","2533.9616046699066"
"551924","0.407274153117852","0.5661350686833646","11000","2536.293987131677"
"551973","0.6608179857362122","0.6355125249712704","6000","2519.748639969895"
"551983","0.6571676701698133","0.6348222376829782","4000","1668.7386036404407"
"552140","0.6726211312194671","0.6434049106928433","8000","3462.1419108990435"
"552188","0.5675364541388201","0.5641377597007352","18000","5763.037388154715"
"552237","0.4186228212251226","0.5188455211023605","5000","1086.0028791194452"
"552244","0.48907285202180784","0.5608431010622719","5000","1371.4656748664015"
"552310","0.5101088573620364","0.5715225007117575","13750","4008.656984678063"
"552329","0.5122674401202199","0.5408621498021857","7500","2077.995517028134"
"552369","0.4539025915498873","0.525041889214459","5675","1352.453936009476"
"552400","0.5520252866842539","0.5853833130552477","6500","2100.451542861759"
"552432","0.2905255076997667","0.49224792034520976","2000","286.0211539448928"
"552451","0.6066643171194315","0.6139657040508271","21000","7821.892776237665"
"552802","0.6673338346009522","0.6171899085985694","15000","6178.075625731417"
"552875","0.6699409672174779","0.6483522667794507","7000","3040.504212927086"
"552933","0.6369350948770214","0.6576908321411351","4200","1759.4067647921563"
"552968","0.3102535242043365","0.5350885550153118","10000","1660.1310995490649"
"553077","0.5172174255341914","0.5880952215886891","16000","4866.769543664986"
"553099","0.3841464988390795","0.528089864968644","5000","1014.3193635005342"
"553185","0.5081377415713777","0.5399562972244157","10000","2743.7217341885816"
"553208","0.36873128233454666","0.5225527007204456","4800","924.8713316353462"
"553289","0.49579610670401486","0.5425742459163888","18500","4976.614676379428"
"553450","0.5621489830066937","0.5888017738515224","5600","1853.5681828337554"
"553552","0.45706462601222","0.561206757796287","10800","2770.283774171057"
"553556","0.4577238434506743","0.588189704495345","17800","4792.266449511118"
"553670","0.30324993183817006","0.46787872073260156","2500","354.71047542672903"
"553732","0.6561958300276262","0.6582606144920123","10750","4643.439605736624"
"553811","0.4536988725177783","0.5552285405165152","25000","6297.664070550863"
"553815","0.47172263256043934","0.5419178528306208","7200","1840.5713964150805"
"553920","0.40868809089683944","0.5425662702146217","1000","221.74037315903246"
"554024","0.4782049288987269","0.5651493314725703","9275","2506.635491731383"
"554064","0.33074630717029063","0.5355524563468897","8000","1417.0559778616964"
"554084","0.47000547574353513","0.5501401763322489","3800","982.5618021501497"
"554107","0.15660220328648933","0.4660104426182732","3000","218.93478620560103"
"554291","0.4411537386257883","0.5340189994411791","25000","5889.611952516973"
"554300","0.25605303796682266","0.5114677871310936","8000","1047.7030457366775"
"554362","0.5554595910368615","0.5851254146080338","4600","1495.0622081158813"
"554489","0.49727731945391407","0.565558807170462","4800","1349.9499245917461"
"554536","0.6316810283718548","0.6521269585913336","10400","4284.136769452629"
"554689","0.5085776474143548","0.5675000351644217","8000","2308.942662331882"
"554888","0.5769565860128281","0.6076004396014343","14000","4907.827054092719"
"554925","0.27505478039622455","0.5400065722057593","13500","2005.1737532627367"
"554959","0.46882911725788967","0.6338570879200301","4800","1426.4191631865806"
"555232","0.7059686541146648","0.6528701282323179","7000","3226.340920178867"
"555319","0.43021025974782967","0.5994012326266341","7000","1805.079919870315"
"555575","0.41737846817032764","0.5545156807121338","5000","1157.2145269602845"
"555809","0.4514986305086506","0.5556557895789828","1500","376.31674204367044"
"555821","0.2249181469821835","0.49763292176412477","2000","223.85334928103364"
"555865","0.4114603485116881","0.5859500680497479","6000","1446.5713152611797"
"555867","0.506885426880614","0.5975067447066515","5200","1574.910799044321"
"555949","0.5782065442646823","0.6272540513715639","18200","6600.819633036237"
"555960","0.6213817063622812","0.5805552654230188","5000","1803.7321073308124"
"556079","0.5959454406522537","0.6277762499819339","15250","5705.336007379171"
"556123","0.6436917348844422","0.6268981315141283","10000","4035.2914587014448"
"556126","0.622898599287182","0.6623119941022598","25000","10313.83033543495"
"556268","0.6041723319564545","0.5579343873993912","6000","2022.5311194827161"
"556322","0.6889963390944999","0.6441592901151322","4000","1775.2935707321517"
"556330","0.5441597044469355","0.5891037455436383","4000","1282.2660802544356"
"556350","0.3133706507053119","0.4877060885811706","8500","1299.078581818803"
"556372","0.5626434311789204","0.6003172648503092","25000","8444.114142283068"
"556644","0.47016031376142686","0.5382224270083504","10000","2530.5082515568274"
"556787","0.717195050926884","0.6410717622139399","8500","3908.074708764918"
"556801","0.3899165007932147","0.5458839518267469","6400","1362.2346261469243"
"556885","0.33349206778118257","0.5469723312646029","15000","2736.1640065878955"
"556893","0.6722565583582132","0.6477809737354642","7000","3048.3250558133464"
"556944","0.6620443538494019","0.632616347365668","1500","628.2301213894085"
"557103","0.4908935966796112","0.5626082180395657","1500","414.27115751242394"
"557170","0.5969789337637779","0.6199481582231099","10000","3700.9599048484997"
"557250","0.4966557474730603","0.5961769262950666","7000","2072.662878686875"
"557326","0.5908703575950489","0.5664208316232308","13750","4601.867590794421"
"557436","0.3445658927270593","0.5280877254793236","16000","2911.3762970877656"
"557465","0.6649410497294854","0.6433851418792765","9250","3957.2720224994305"
"557491","0.31546343113982234","0.5063715620775578","15500","2475.996511271578"
"557517","0.317675001436146","0.5307206706200658","21000","3540.5304858298573"
"557530","0.5114032000094368","0.5802131601290124","3000","890.1686003326942"
"557584","0.2793218480010293","0.49887824105806955","8800","1226.2588115346182"
"557649","0.5830157243855787","0.6719919677893752","12000","4701.382606584157"
"557732","0.28973305862142007","0.4989057362918664","2000","289.0989698792281"
"557740","0.5808639872725625","0.5767142673300367","10400","3483.9225079183166"
"557811","0.6237215597870933","0.616455747891501","3600","1384.1882662125822"
"557846","0.42769240572269784","0.5539838870669607","13500","3198.6184687822765"
"557992","0.6389450403994452","0.6171614620828171","5000","1971.6612766174312"
"558309","0.46923501363177655","0.6103246808895167","10000","2863.8570995700206"
"558418","0.39256960769104143","0.5962562580501378","10000","2340.7208530607095"
"558440","0.3562341614503284","0.520225907464608","25000","4633.055997759769"
"558503","0.4650341044021892","0.5550110232460695","9000","2322.891487157207"
"558548","0.602607217454894","0.5851974390587384","20000","7052.884008258326"
"558584","0.33964564347866244","0.5244456013966714","12000","2137.5079650711186"
"558594","0.30318413216070095","0.4872452749088143","2500","369.31258955657756"
"558616","0.46295583898907733","0.6041613334278304","18000","5034.600306033137"
"558619","0.2678578910872561","0.4994671919630108","6000","802.7173722389148"
"558682","0.4555241821762328","0.5292402013096055","10000","2410.8170987634285"
"558785","0.7237633358470867","0.640915562037098","12000","5566.454222115366"
"558828","0.5389730267493336","0.6358697424101573","4000","1370.866558740486"
"558863","0.4031949715471391","0.5271358621570955","8000","1700.3082315512543"
"558966","0.5024215026111791","0.6281426656486115","22750","7179.726688893097"
"559039","0.4141238210153205","0.5858257522354161","18000","4366.879181368289"
"559055","0.8336207917807577","0.7004836911427142","10000","5839.377692398972"
"559081","0.7424235506691621","0.6743050442304555","10750","5381.664410595788"
"559232","0.547686831433932","0.5980910895439537","13000","4258.36597863555"
"559241","0.333075239116988","0.5843226146302284","9000","1751.6105513048426"
"559328","0.6864109704151526","0.6433963697906042","15000","6624.514898243326"
"559361","0.5957944554297961","0.6137701021294475","15000","5485.212356359568"
"559490","0.3829225693136329","0.5271084132836327","5500","1110.129393567705"
"559560","0.30170215446196336","0.5299514581646608","12000","1918.6499602624467"
"559635","0.50685467670641","0.6055475842086312","2800","859.3889500683574"
"559656","0.4283407526330274","0.5376012749241651","6000","1381.6592083049518"
"559692","0.23702782679979206","0.4964770169350139","17500","2059.3801966526235"
"559780","0.5070663114073342","0.5597578391349243","6500","1844.9232280146587"
"559781","0.36992496027205046","0.5070640528646868","12000","2250.9077953362503"
"559795","0.5537673247719496","0.6102929382949804","6000","2027.761726600943"
"559869","0.40860234336700885","0.5314093064515371","13000","2822.7561427407545"
"560155","0.47568370568591445","0.595948982287188","16200","4592.428168764726"
"560187","0.4935110453772775","0.5586910454829808","10000","2757.2020189922996"
"560227","0.5511751767367818","0.5882850362883646","4800","1556.3909224696488"
"560450","0.4684860178807506","0.5518319181510486","12000","3102.3064544889726"
"560464","0.3372897433642509","0.5327351977722123","10000","1796.8611813769294"
"560657","0.39942216343674186","0.5298148728601616","3000","634.8594082163042"
"560688","0.6516502396752647","0.6685517438096528","25000","10891.54760222191"
"560784","0.6084753346111454","0.642258691326008","15000","5861.978581672636"
"560857","0.47393352458370974","0.6015368754248572","6000","1710.5309492230472"
"560860","0.49354697787364377","0.562476155137138","25000","6940.210162348032"
"560971","0.3609038194142785","0.5351897817043713","9000","1738.3683269574137"
"561192","0.24796372473579154","0.5407747114349536","3250","435.80066299358526"
"561254","0.566474950275285","0.6440754702641549","22000","8026.757639811196"
"561309","0.5010165025523681","0.5727535421710993","8000","2295.6718121843555"
"561374","0.3041602882377028","0.508044468860758","5000","772.634760431294"
"561435","0.4628072112708669","0.5783636736469197","5000","1338.354394504523"
"561454","0.7539082696212347","0.6989543111182743","22000","11592.843575268565"
"561530","0.33395874020983285","0.5371171618776962","6375","1143.5154383766962"
"561552","0.3255919462966239","0.540023887583425","15000","2637.4114290743487"
"561578","0.5185635545863363","0.5591296837736481","7000","2029.6099340467802"
"561605","0.413894742910462","0.5399694221247009","5000","1117.452525749069"
"561629","0.7171074166825273","0.6442825100727155","10800","4989.813477249378"
"561707","0.5383492410258863","0.611040994923099","21000","6908.022572903609"
"562067","0.4693359419357711","0.5497054901708583","6000","1547.9792640996272"
"562173","0.5225732239445076","0.6051948946616333","25000","7906.466180452159"
"562178","0.5345555334652359","0.5915773294665633","1000","316.23093493893833"
"562218","0.35076133862420267","0.5279365260190305","7000","1296.2580580253243"
"562256","0.31629981571800814","0.5191049356599856","9000","1477.7351593880571"
"562456","0.5313669219422633","0.5431223824736572","12250","3535.3165405089544"
"562535","0.36961692483701125","0.5836090922824726","25000","5392.794949909176"
"562536","0.40685753206149944","0.5042111570708652","7500","1538.5658025279395"
"562611","0.529500394309901","0.5531805785288474","16500","4833.004018517464"
"562800","0.5644564305764537","0.5929408638721311","12250","4099.94372366123"
"562920","0.7587651486661483","0.7140221989944656","25000","13544.378999274146"
"562972","0.444783371321799","0.5241019145275915","5000","1165.5590822989575"
"563198","0.3190428888219592","0.48936483185680507","1250","195.16046205433426"
"563382","0.5201021864194167","0.5646115290187258","12000","3523.8682886429915"
"563461","0.5084265103421765","0.558508245942933","5975","1696.6633809305206"
"563569","0.3916502961318028","0.538863486768998","6800","1435.1131003403182"
"563676","0.7308448627922942","0.654843192926751","16750","8016.3621233740705"
"563684","0.5561416527296728","0.5551216616138741","2400","740.943068054357"
"563742","0.5018013979576141","0.6212480564273353","15000","4676.147147905313"
"563915","0.39244670212947275","0.5145789433392822","15000","3029.1721394815518"
"563919","0.267765616882089","0.4852543086957791","12000","1559.2130317514032"
"563983","0.4655343571777172","0.6185706422827764","12000","3455.5906358894395"
"564259","0.4331824023969959","0.5506496561465891","1800","429.35713367158655"
"564321","0.5832000627853771","0.5893993655659169","4000","1374.9509880148166"
"564360","0.44873171800077594","0.5734798825989195","8100","2084.442764955721"
"564455","0.3264668921091095","0.5135876484971841","13000","2179.701724596519"
"564492","0.2146887040920168","0.486898356885384","2700","282.2352586134896"
"564704","0.3191802875426498","0.4982026268546472","8500","1351.639890398743"
"564720","0.5102662780442278","0.5636529568783717","15000","4314.196446224255"
"564825","0.5503763925261045","0.5945242150269302","3100","1014.3574874814012"
"564849","0.7496394465645478","0.6676026185272996","7200","3603.3210538405046"
"564894","0.5981307049666961","0.6041084680972862","2400","867.2059773585135"
"564989","0.47413355722381423","0.5796375580478855","10800","2968.116666815906"
"565088","0.5659994470741707","0.6520701326769904","5000","1845.3566727437887"
"565226","0.45835836236855265","0.5716939129085508","16500","4323.671313997749"
"565275","0.5057733940152589","0.5642298544301824","21000","5992.821418077665"
"565400","0.727537005212447","0.6617957089323357","10000","4814.8086813907985"
"565603","0.6098282669108774","0.6181643558034423","3200","1206.3171128502152"
"565660","0.538537850275479","0.6063927384165387","15000","4898.481626542554"
"565669","0.46611437135576006","0.5426398507199416","8500","2149.9239795727267"
"565704","0.34820525631036026","0.5335061239744926","25000","4644.240916042126"
"565836","0.3684749805676172","0.5405259566737032","25000","4979.257284540887"
"565928","0.32488113420544085","0.5203753003326211","8800","1487.729036504118"
"566043","0.5753269333864847","0.6310334442897836","18200","6607.519761889452"
"566050","0.44960934962526433","0.5600335196637063","16000","4028.740904709546"
"566203","0.3817359552606938","0.5341222082015442","3000","611.680954121303"
"566286","0.5832267422994593","0.6090419426627793","10000","3552.0954814294687"
"566540","0.7300613074022554","0.6843356493067171","8000","3996.855830678666"
"566619","0.5582826613797248","0.5992254083798034","8400","2810.1121083556845"
"566652","0.2826247270583485","0.5337613620091889","8000","1206.8332740171147"
"566804","0.45081155380071114","0.6299161460051022","15250","4330.595517306915"
"566831","0.3067771778070989","0.5504246109047247","18000","3039.4387571205957"
"566836","0.26473452463307856","0.4810088118424836","2500","318.3490978686046"
"566977","0.2978816803779346","0.4375566878068074","15000","1955.1018213674267"
"567088","0.5931034768363412","0.6339647815414622","9600","3609.6644747907144"
"567116","0.5254731951245084","0.5538601778053287","15000","4365.580159253916"
"567146","0.6319101335568443","0.6372886089054277","25000","10067.728249192109"
"567294","0.5515165652097096","0.6070732487811566","19750","6612.51632172004"
"567375","0.4272809013088529","0.5459631023392347","8875","2070.3565072338606"
"567494","0.5867181529424786","0.5884475574483433","10000","3452.528640096051"
"567564","0.26432199001233725","0.504041711734263","10000","1332.2930829482523"
"567593","0.8077226149676388","0.660713292173681","14700","7844.994101046527"
"567638","0.5990317668593674","0.6440558792875327","14000","5401.339038560838"
"567843","0.3439394028793472","0.5523642765593867","15000","2849.697591775771"
"567894","0.7133271641161024","0.6420842876741376","3250","1488.5525331628257"
"567935","0.45136360202099124","0.5289131458589473","5000","1193.660713355742"
"567965","0.25170351971922267","0.5275081440652263","7000","929.4295957924056"
"568070","0.4809138851139345","0.6023427836300951","18000","5214.150148426039"
"568148","0.5989501516826152","0.6120152949245562","16000","5865.066459634295"
"568181","0.5159935542683589","0.5957868555080282","4800","1475.6264503677921"
"568251","0.29243709017161157","0.47915677270762796","12000","1681.478548159668"
"568339","0.36778451983823623","0.4880975000398812","5000","897.573523432056"
"568341","0.465581825274178","0.524043340025088","5000","1219.925273858286"
"568431","0.6068001744257308","0.6179676344922731","16000","5999.725894389881"
"568471","0.5525430281424182","0.6236265153673101","6000","2067.482899385747"
"568531","0.4068569156418227","0.529790742458365","7000","1508.8431918854112"
"568668","0.4956197204827727","0.5529808683669444","10000","2740.682234123459"
"568708","0.5842576501169452","0.6029129163827361","6200","2183.990199255776"
"568979","0.6038820965794203","0.6602449611486316","2000","797.420222788867"
"569054","0.48135700267677484","0.5619470744608795","20000","5409.943188509427"
"569097","0.5102277009928688","0.5626463898046852","12000","3444.9332873037843"
"569294","0.49076795870821355","0.5845245994834279","25000","7171.64861258045"
"569389","0.6881408250220828","0.5771459202685519","4000","1588.6306789269222"
"569448","0.5737876589705291","0.624541136306729","12000","4300.247958386786"
"569480","0.5104653787700436","0.6036419327495731","5600","1725.5745239179553"
"569535","0.6521453108526002","0.6563409114720258","17600","7533.321800174776"
"569678","0.4291748823961049","0.5663306081403645","25000","6076.371803648887"
"569816","0.5085976808382595","0.5780016221607865","5000","1469.8514227586397"
"569847","0.5727637468497608","0.6171538439842171","21000","7423.150309325792"
"569905","0.5700370801967927","0.603588092360016","9000","3096.6083442941"
"569938","0.35960244113109663","0.4994180077608349","7000","1257.1435431493762"
"570057","0.27426440296561394","0.4974475077930355","5000","682.1607186579473"
"570215","0.4003357860645944","0.529370069401401","4000","847.703131411515"
"570293","0.4690985605989245","0.5867947549885599","15000","4128.96862398198"
"570296","0.45692280314524847","0.5386515522933772","7000","1722.8552403470053"
"570299","0.5573783794287757","0.5870237805387194","7700","2519.3965988177497"
"570407","0.5084664904606758","0.6433754714008336","2400","785.1236831799955"
"570463","0.39516471185822166","0.5142595828561388","3000","609.651719639026"
"570582","0.31908210644107116","0.4922906210844259","6000","942.4867701408109"
"570660","0.3964131143588512","0.5173072381986005","7000","1435.471613622783"
"570712","0.47706058696058606","0.5496569859692007","3200","839.1029899310512"
"570819","0.4724570864649089","0.5448477909462707","2100","540.5761197423653"
"570889","0.30148645724710155","0.5013937116834646","8000","1209.3073105713793"
"571103","0.6383861067371711","0.6147471632990374","6900","2707.877732622728"
"571268","0.5940627727458891","0.6041098378794638","4000","1435.5166613349754"
"571347","0.2616489220944652","0.5215082109275615","10000","1364.5206125260947"
"571396","0.5668531976070182","0.5869491950271318","6000","1996.2841682039702"
"571548","0.6782894342493297","0.6470431521117957","10000","4388.82533580813"
"571653","0.6455993056680716","0.6057944219696657","10000","3911.004582012069"
"571706","0.4755468271161324","0.5883917782656447","7200","2014.6164714392128"
"571715","0.6485094017114834","0.6366091926217812","5600","2311.9434611346182"
"571753","0.23443084498033506","0.4796142025274788","10000","1124.363627630864"
"571845","0.45587677541364136","0.5447641515254398","3000","745.0359742750974"
"571861","0.3986050837827838","0.5479671588985161","25000","5460.562382073926"
"571883","0.627812656707061","0.6131124104298064","8500","3271.817715642057"
"571906","0.5200137268109877","0.555810108124207","10000","2890.2888572488687"
"571995","0.3761685979729864","0.5272539200980126","15000","2975.0455184854563"
"572030","0.2762816228015208","0.5056380027419852","10000","1396.984879476755"
"572077","0.4710540046297369","0.547057900256017","2400","618.4651552318367"
"572120","0.7263441838289938","0.6694230444069688","4000","1944.9261393043998"
"572178","0.6018738055577122","0.622503476863834","1500","562.0028048894145"
"572196","0.6450028143861266","0.6357204587398175","4000","1640.165940200087"
"572226","0.3065836082821043","0.5215622876487533","22000","3517.853858006919"
"572236","0.22270320910012786","0.5067138368791413","3800","428.81783076000926"
"572331","0.5650741845077718","0.585879118442023","16000","5297.0426411801345"
"572425","0.4114165333712083","0.5404807228066228","2000","444.7254106621315"
"572468","0.4988458989989799","0.583656372825401","25000","7278.8647002142725"
"572566","0.40322706338132064","0.5592683771548875","5000","1127.560726811011"
"572568","0.6140503769404031","0.6070741333319657","3200","1192.8771212904387"
"572649","0.2202610139097737","0.47855424935223","10000","1054.0684417315285"
"572659","0.5082019797305266","0.5586650635471302","1500","425.872036951398"
"572690","0.52620843553173","0.6082330455551715","16850","5392.966504883824"
"572739","0.530144082583765","0.5661722001460242","9000","2701.375574677612"
"572784","0.6042634920603152","0.6409531611914115","3000","1161.913786285861"
"572804","0.48371324938045857","0.623692560633461","7575","2285.289290022108"
"572846","0.20060666807235006","0.5158169729626831","4000","413.9052971248374"
"572862","0.22203081387707324","0.4714593822788077","10000","1046.7851035734589"
"572871","0.5011322305282953","0.5952840676706703","12000","3579.7923915571164"
"572877","0.46788426423448815","0.5503950944199754","5000","1287.606018954809"
"572893","0.3015689434579638","0.4969015938804443","4000","599.4003546764152"
"572896","0.5184843622906996","0.6094784711497873","4625","1461.523386053537"
"572922","0.19937031793659898","0.49928224901426643","4500","447.9392732673352"
"572949","0.7843157093298326","0.6546016249824707","5000","2567.0716891329375"
"572974","0.6678992605073677","0.6423904400075117","10750","4612.310073258711"
"573020","0.6855027380842327","0.6407327066124348","13000","5709.912321918289"
"573059","0.26260587740776453","0.490809599167307","14000","1804.4527960127741"
"573115","0.7036815681136233","0.6823212142902279","3000","1440.4105860868174"
"573221","0.39688923462104087","0.599174222381636","12500","2972.57248157131"
"573279","0.5078146548387621","0.5157986736663009","15000","3928.9518815121587"
"573283","0.782153277410326","0.6760733689157132","8000","4230.344010138125"
"573291","0.43745727757147823","0.5276627727142621","12250","2827.666520335635"
"573368","0.2682348714871582","0.4934413171906014","12000","1588.2980196369003"
"573418","0.4132100452807962","0.5384020301277203","15000","3337.0969087252183"
"573569","0.48383055483417425","0.6084590573396383","5000","1471.9554165325794"
"573638","0.5303171532949789","0.5810069260451052","10000","3081.1793906490648"
"573675","0.5930538069124569","0.5859532905203864","10000","3475.0182961599594"
"573680","0.5783402576118344","0.6415471285575678","16000","5936.520505601862"
"573837","0.280944101216709","0.5168587761218575","9000","1306.8758188217112"
"573871","0.35596934153502036","0.551789123719586","12000","2357.040132439763"
"573874","0.43583936300874215","0.548703815808288","5600","1339.2216407491624"
"573883","0.2849814863229576","0.5620332867631812","5000","800.8454071237422"
"574313","0.3741797923728465","0.522172867441866","3000","586.1596053663939"
"574419","0.5799863953672921","0.6384291547967424","10500","3887.9423539734707"
"574541","0.6756737366027563","0.6389779455576184","8000","3453.924928653349"
"574550","0.7013905266338154","0.6567083123756012","12000","5527.307868743125"
"574644","0.43711532032517775","0.5189846006241081","4000","907.4244797825658"
"574645","0.5127942546216192","0.5767801473841766","24000","7098.4690982019965"
"574692","0.5722614529575997","0.5662046343216608","20000","6480.341734164801"
"574763","0.40748703133419417","0.5584246200592249","25000","5688.769766296471"
"574788","0.6265894334890061","0.6282948415939124","15000","5905.243632875915"
"574900","0.5443245834524462","0.5592381854181929","4750","1445.9336885601836"
"575383","0.5840176287778279","0.6374098260117248","25000","9306.464378676385"
"575533","0.36002895188238593","0.5880145615480528","15000","3175.5339942858923"
"575605","0.4810217066066612","0.5572351588918427","1500","402.0633106670823"
"575730","0.2977471826645812","0.5367533461203801","10000","1598.1679659313"
"575763","0.5992851814045677","0.6186480118305175","4800","1779.5836127780487"
"575810","0.6173447078274368","0.6971590629578063","8675","3733.6111984183744"
"575815","0.42549962995504054","0.5273750449670882","16750","3758.6645985570663"
"575895","0.5035254869423478","0.5982662673727875","15000","4518.634704000956"
"575970","0.250056926146231","0.48390920330566417","12000","1452.0581749498313"
"576003","0.5524321832342689","0.5556242256235043","10000","3069.447040190425"
"576045","0.38446576599074533","0.5601150790529962","7500","1615.088046833078"
"576659","0.4484598138477637","0.598657065644623","11500","3087.4468165028143"
"577086","0.580322194068158","0.573282219970577","6250","2079.302473209935"
"577100","0.46816550437370097","0.556507805862034","3000","781.6132728579024"
"577213","0.3825665798885636","0.581857451840033","12350","2749.100309363983"
"577310","0.777546412741005","0.6301910878468168","12250","6002.534541283889"
"577345","0.4122155107743518","0.48992069184238124","4000","807.811632906924"
"577396","0.2980250143211164","0.5133501249592913","4000","611.9647133709587"
"577436","0.6674579459194933","0.6961841650704252","16000","7434.778444793335"
"577468","0.7358958552631625","0.666053598423805","2400","1176.350597911663"
"577626","0.42321426369569093","0.5211203225219531","8000","1764.364428743915"
"577862","0.4430049906460145","0.5844048421830076","10000","2588.9426164476886"
"577924","0.5150329250782724","0.5555760832008121","4000","1144.5599009377754"
"577986","0.2272406538226912","0.4980307528260757","12000","1358.0740067520546"
"578081","0.5470107388269301","0.577435976304345","5100","1610.904768119796"
"578171","0.44981948264147154","0.5285262382927545","16750","3982.168434444106"
"578186","0.6608851947307226","0.6759736103730787","9600","4288.71313079272"
"578253","0.31784664561915843","0.5374581319580215","8000","1366.6341152287691"
"578476","0.36388159011132604","0.5712868943516675","8000","1663.046268211567"
"578510","0.48946082051316586","0.5832508606359678","20000","5709.568896237819"
"578649","0.2500140295020603","0.4983296646102192","10000","1245.8940746961116"
"578705","0.7340480337811608","0.5956659230142041","10000","4372.473995790168"
"578726","0.622922295926893","0.6275829398008463","23450","9167.435264727103"
"578933","0.5668536488225788","0.6121168596630636","11500","3990.2777671669996"
"579002","0.2939597530810164","0.503268013620204","5800","858.0551379007389"
"579308","0.6597740645220007","0.638600632935926","14525","6119.849263757604"
"579448","0.5940357280741508","0.6016252438370476","10000","3573.8688975052914"
"579483","0.4700370109166495","0.5940039588584001","7500","2094.028839708441"
"579604","0.4766438909881888","0.5603385767925191","10000","2670.8195951317034"
"579641","0.5830578598308026","0.6171981851845411","8000","2878.898023561231"
"579702","0.25896111704994007","0.49383750843713187","9000","1150.9624154343499"
"579737","0.6787749224219386","0.6838878936000228","4000","1856.8238076946338"
"579814","0.429670839994003","0.5406241132129601","12000","2787.485002142707"
"579815","0.6874678262031575","0.6135906295111467","25000","10545.595406216375"
"579829","0.6385746565618767","0.6590479894514591","3600","1515.0648366783391"
"579836","0.6186875136058068","0.6428942298067063","14000","5568.5088557088375"
"579903","0.5378069369092022","0.5624068640701647","10000","3024.6631286228535"
"580089","0.3173605945814054","0.5249811078084747","12000","1999.2997982172292"
"580245","0.42996286157219965","0.5635795595336361","7500","1817.3871010551154"
"580277","0.626601415922917","0.6469123070437407","9600","3891.41920868706"
"580355","0.5103007784260483","0.5687877205554643","12000","3483.0337987035728"
"580373","0.5368025238871129","0.5905242239716979","4000","1267.979575377945"
"580534","0.519526501086204","0.5528293749526781","6000","1723.2570652010284"
"580676","0.4163991382511497","0.5975628598063384","19000","4727.668537610786"
"580796","0.2682432278099972","0.5196206847815337","12800","1784.124540449788"
"580816","0.3900167014284742","0.5768229263699237","7200","1619.7881403680447"
"580864","0.6238220514926927","0.6338125929610463","14000","5535.40780804008"
"580898","0.43216553831243143","0.545096148147776","10000","2355.7177029631644"
"580991","0.36928237287785204","0.5368528957566399","9000","1784.252801082223"
"581004","0.5689863041086914","0.5583611062652586","5000","1588.499111059549"
"581008","0.32426544569052995","0.5648610198343794","2500","457.9122758745058"
"581114","0.6160274876954002","0.6408838994288263","18000","7106.437772452285"
"581124","0.41600299940841223","0.5250250853051799","2400","524.1888246038696"
"581291","0.44248409061525373","0.5499006035037156","11000","2676.544953171329"
"581383","0.5249981406110867","0.5607918841021794","5000","1472.0734821171611"
"581439","0.31550303358168563","0.5157283957405026","6000","976.2832401620677"
"581481","0.6959300500431882","0.659814664993729","2000","918.3697056566306"
"581616","0.5887746072896365","0.5616196354222998","14000","4629.343324086787"
"581663","0.5841209096810268","0.6008483591288232","10000","3509.680901146805"
"581709","0.6621625572921568","0.5743505893830217","7800","2966.444949375329"
"581838","0.5357201687010171","0.618329181303273","12800","4240.018090503056"
"581853","0.6236708675590839","0.6634191795136744","10000","4137.552152426289"
"581960","0.37881037538980633","0.53569698499778","2800","568.1972127501501"
"581993","0.23305038723579607","0.4809940202304024","9000","1008.8625840551784"
"582014","0.5699858829357122","0.6261533128175313","10000","3568.9854885942173"
"582088","0.4553845867362103","0.57530205753232","8050","2108.9687022286685"
"582208","0.7262891421826339","0.6943024119984597","12000","6051.171638708339"
"582335","0.5139512059751415","0.5553680374424796","5500","1569.876399319855"
"582418","0.49918466829318753","0.5762770090684333","14000","4027.3610666354252"
"582541","0.4927130340572835","0.5895229368741884","25000","7261.640871841045"
"582576","0.44606470694960354","0.6249046267072437","25000","6968.697479590451"
"582657","0.6212555805146129","0.6267779500586953","16000","6230.228787479581"
"582748","0.53326127986203","0.6144184582477138","20000","6552.911468320622"
"582892","0.5429553466127504","0.5881278833294673","2800","894.1161004881675"
"582908","0.5837655932555101","0.6019346388944035","12000","4216.664778902792"
"582934","0.6969397833722106","0.573808409954428","25000","9997.747723269791"
"582987","0.46173051097405526","0.5484904174360887","6000","1519.5285642428285"
"583041","0.2790136266225651","0.48350116260696513","7000","944.3238899863715"
"583078","0.5977818837540947","0.609228783708553","14000","5098.603019475207"
"583110","0.2598466101851852","0.48708227252116754","10000","1265.6667739592194"
"583133","0.82706987066468","0.706504223959224","8000","4674.626857072043"
"583228","0.6617536695885189","0.6398028125728362","7000","2963.743013231908"
"583337","0.27385259281288454","0.4962588094264059","5000","679.508808338282"
"583359","0.17951667089621626","0.49037328108231304","3000","264.090536749054"
"583536","0.5085874336731331","0.668999240576749","15000","5103.669103413055"
"583564","0.5449810613319053","0.6529601203025841","7700","2740.0519251483133"
"583585","0.5154823448007662","0.580926466333733","18000","5390.232066405649"
"583590","0.8460791186475607","0.6988704522684915","25000","14782.492407603686"
"583644","0.7087219088127501","0.6564482310906972","9100","4233.677114715705"
"583754","0.37571217584618755","0.5321780982802977","20000","3998.9158248515378"
"583839","0.7041147905329457","0.6723246781022224","12000","5680.724998704917"
"584161","0.707938176248636","0.6596057149767633","8500","3969.160568682533"
"584238","0.3920226715722176","0.5476913456369465","25000","5367.685612839465"
"584300","0.7919961578372792","0.6352053651779104","24250","12199.695059969374"
"584376","0.5681889197169527","0.6160117210318504","3600","1260.0397235018447"
"584456","0.4563936351616351","0.5637037053136948","3500","900.4477412777011"
"584517","0.634183915458076","0.6466366698426663","8000","3280.6926012767462"
"584523","0.7179061958250135","0.6701077781286457","25000","12026.863144727206"
"584817","0.44151639562335876","0.5725804151075602","9250","2338.433680016053"
"584820","0.4716703185084069","0.556021093957177","3000","786.7759394525235"
"584823","0.2419148711897483","0.5400969953816307","9000","1175.9174556094554"
"584907","0.5783593480888323","0.5575533454979469","7000","2257.26332598858"
"585008","0.3066473059667265","0.5197224353518509","15000","2390.572269766669"
"585168","0.33434443463984376","0.5072883383816611","17000","2883.353555825238"
"585173","0.33501065648714623","0.46336089694812316","9950","1544.5468408567833"
"585254","0.5740842844926117","0.6161078448805173","17000","6012.863132074785"
"585291","0.5021184178508249","0.5796193185966348","9200","2677.5453239275425"
"585340","0.5529788745602255","0.5582071044098863","3000","926.0302091043037"
"585373","0.5678280083413582","0.6280660268057412","2000","713.2669622159482"
"585403","0.32779112273146194","0.490351372514107","4500","723.297721181906"
"585408","0.4462029644683416","0.5497030280227928","12000","2943.3494481719285"
"585453","0.4476018127418241","0.5736178160476204","15000","3851.2856142588166"
"585771","0.48626445145693964","0.5613091356583323","3000","818.8340368460036"
"586130","0.25909150873466125","0.5250370881940853","4200","571.3371355518076"
"586372","0.30303714024032524","0.48846335595485774","8000","1184.1803080060172"
"586391","0.3732393498347585","0.5692356494050845","6000","1274.7668621203218"
"586401","0.3614751897095151","0.5419416091988397","5000","979.4922299831524"
"586434","0.34999274971903227","0.49578689113418795","3000","520.5654519081148"
"586526","0.4383863434430795","0.6016190691740921","8000","2109.9326710468745"
"586536","0.3723532903117964","0.5030710457158487","6000","1123.9209547973546"
"586557","0.4327061118999769","0.5618136685649564","4000","972.4008325480182"
"586570","0.5678089210834647","0.5490730520128367","5200","1621.1966017489524"
"586685","0.33940558349021477","0.5396095168698612","19600","3589.6710654297276"
"586715","0.4202588422171093","0.5599169279068276","4500","1058.895179369478"
"586853","0.43099609961238305","0.5356890948124639","1400","323.231874656684"
"586967","0.5816375054093406","0.5887679868947056","16000","5479.192690597054"
"587069","0.30308213748355695","0.50749532538217","5000","769.0638398987066"
"587091","0.3926762270731845","0.5481286715856352","5000","1076.1854935444194"
"587135","0.6937312854976125","0.6556588435706783","7000","3183.9573667871528"
"587148","0.5629865465663809","0.6078242384399469","13000","4448.5592959424"
"587231","0.532675697258023","0.5539083784661031","5600","1652.299777612357"
"587236","0.4884394609397601","0.5363615882684518","5000","1309.9008252131807"
"587328","0.3632940306285307","0.5567406187702576","5000","1011.3027170383456"
"587375","0.6431354985987345","0.6355409139206093","15000","6131.083838313398"
"587395","0.19789958426372734","0.5010736456061715","10000","991.6226615097158"
"587406","0.5006163094004646","0.5454610284845055","4000","1092.2667480067794"
"587515","0.4178123110262094","0.5299525499354318","18000","3985.572593209598"
"587541","0.6162870616865642","0.6278485224472525","10000","3869.349210832681"
"587555","0.4589584771266063","0.5016036405784006","4500","1035.9685935046093"
"587567","0.26403466681521437","0.52294481636325","14400","1988.2880690574839"
"587629","0.28788070534006127","0.5167338356281241","10800","1606.5831715959562"
"587916","0.5840265220760268","0.6696959478842623","15250","5964.582978191621"
"587967","0.4551915410119315","0.5604595276333006","8000","2040.9314884657706"
"587979","0.5001162688308836","0.5714861096328712","5000","1429.047504191344"
"588050","0.7542324612532325","0.6747256977839611","11100","5648.790263185459"
"588097","0.5898249085638962","0.6402766377477697","20500","7741.847740961131"
"588126","0.4164741638395929","0.5201160100722221","10000","2166.1488039441397"
"588136","0.3835035946113756","0.5380378578520428","5000","1031.6972626163138"
"588156","0.6168182951513638","0.5899448971226143","20000","7277.776113528354"
"588193","0.6320023940485169","0.6578505746101941","3200","1330.4420418554726"
"588455","0.5120906173783657","0.6055840251920361","18000","5582.05015203118"
"588657","0.4349110249137751","0.5197546992965587","5000","1130.2352448740867"
"588776","0.4982965294998626","0.5832807607937215","8000","2325.1742306204073"
"588849","0.4294812010820894","0.5266732158555091","4000","904.7849812935623"
"588949","0.5068157612820665","0.5830543631047727","7500","2216.2585567933183"
"589015","0.6078568487604719","0.6377763308378807","10000","3876.7671067713027"
"589144","0.5252289965403794","0.5529426523127617","2400","697.0116346046585"
"589250","0.460658464769234","0.5554131991830529","1000","255.85579164823392"
"589288","0.4137213455957698","0.5362147647927105","6000","1331.0609641101562"
"589349","0.6465799114959847","0.6274458898250745","10000","4056.939079116161"
"589400","0.5487608156698588","0.566946016786951","7300","2271.159637873328"
"589416","0.5716649037188688","0.5986236466818521","7000","2395.484905409534"
"589422","0.7138827492441373","0.6610057932831486","12000","5662.567595703312"
"589601","0.39248332804520913","0.5501706935874443","5000","1079.6641240607057"
"589749","0.7060837258233372","0.6611106074390682","13200","6161.752619641173"
"589884","0.7495198232397597","0.6603824353380058","10000","4949.697262051842"
"589888","0.45195278394113614","0.5444850867145237","4000","984.3262030202395"
"589923","0.30371846649510004","0.5238932745532994","1800","286.4089115179641"
"589931","0.4325508039892396","0.5664693980515022","9000","2205.241142062301"
"590159","0.27508128011543775","0.5306675291020204","7000","1021.8369225475606"
"590232","0.4786867245485025","0.5552189506369003","8000","2126.2075271010763"
"590275","0.3235249960585077","0.519067280383376","10000","1679.3123984013203"
"590333","0.7432940711582883","0.6965315682301201","20000","10354.55570080066"
"590467","0.6882284971508699","0.6577093427286484","5000","2263.2715625411206"
"590494","0.4737138307649519","0.5842523233482729","2900","802.6283780572378"
"590568","0.6692528838827192","0.6277486378188767","7800","3276.9561724671084"
"590854","0.25388975882825227","0.48307346688564706","14000","1717.063684054945"
"590866","0.6955887043038964","0.6449005355707077","6150","2758.800996846482"
"590994","0.4530334068777928","0.5487102175877298","8000","1988.6724740993934"
"591194","0.5439429110116574","0.6098177659716527","6000","1990.2363048554782"
"591247","0.5891160949459824","0.6313104466127903","25000","9297.878625178279"
"591361","0.5029669181194666","0.625974273154107","15000","4722.665264855916"
"591386","0.4088893235726342","0.5394491307249544","9375","2067.8905327872385"
"591431","0.2783964891990136","0.5193373665945881","1200","173.4980394837533"
"591438","0.4454123015702385","0.5420586307803916","9250","2233.316136477634"
"591643","0.4931202702930987","0.5623869024193","4800","1331.157030385458"
"591656","0.29382947384799507","0.5168967578650296","6000","911.277014383297"
"591699","0.28206994368638294","0.48991542777657865","6600","912.0567530185963"
"591736","0.3664095125771778","0.6235927868688286","3000","685.4709872497542"
"591771","0.502443183328284","0.5456069338211806","6500","1781.8871503881394"
"591851","0.659905031217815","0.680216009819642","19750","8865.339852099047"
"592052","0.41075164340822634","0.5263778001505454","8400","1816.1685903097248"
"592064","0.3950508132977455","0.5408498334346018","6400","1367.4442660498537"
"592131","0.5368662403268134","0.5828499745590003","20000","6258.249490321387"
"592219","0.4721872140092639","0.5699195857151057","2400","645.8609793315111"
"592263","0.3246786975687589","0.5056606076882971","2500","410.44306879015863"
"592359","0.2392036110415383","0.4886105720481651","13000","1519.4063719509065"
"592362","0.29650410284500184","0.504979021979424","10000","1497.283518675556"
"592552","0.5149407183705323","0.6129233143868098","19200","6059.888098874717"
"592557","0.6949037691022407","0.6562574008301935","5000","2280.178706690707"
"592639","0.6482870130210114","0.6372651940416132","2000","826.2614982949852"
"592672","0.5265727040711599","0.5651574977041806","5000","1487.9825589609034"
"592775","0.2921247966582048","0.5216993864741851","5000","762.0066359524076"
"592889","0.541772864511596","0.5925629233113917","1050","337.08623798406677"
"592900","0.44006329119405574","0.5948114483857987","5000","1308.773418082789"
"592949","0.6289649423903689","0.6128540933176886","1500","578.1956092458927"
"593031","0.5832772307131331","0.6133712193717252","10000","3577.6546623427753"
"593040","0.48451792710471664","0.5641648625732727","11200","3061.4974853043773"
"593053","0.5903893720240762","0.5810089414780438","2500","857.5537602489889"
"593147","0.45884341267451045","0.542070579855207","3600","895.4118531763702"
"593188","0.508309565776119","0.5695775352486397","1000","289.52170961806814"
"593253","0.6089543709820988","0.6202274562231168","10000","3776.902204701753"
"593362","0.3093645868341903","0.5148845245313178","5400","860.1500062743282"
"593370","0.6248875869751365","0.6212861467690175","17500","6794.095018822507"
"593562","0.3242033590772152","0.5100504730461902","11625","1922.3108911782833"
"593712","0.5891001693322497","0.5610451544517119","12500","4131.39744363177"
"594081","0.4638460320057103","0.5615007895548981","10075","2624.0328755213623"
"594289","0.6613533511622128","0.650558131712361","15050","6475.244448033663"
"594290","0.4351059358712803","0.5319347200783944","6000","1388.6877252128238"
"594400","0.5319190807938765","0.571400042393064","20700","6291.5287160267235"
"594434","0.5690957471713827","0.5913470405235626","3000","1009.5992575930284"
"594498","0.5365855986365803","0.5511858966157046","15050","4451.16413514845"
"594520","0.5793256104795834","0.6021161684859625","3500","1220.8746091071528"
"594744","0.27035247753326075","0.5494745960818991","4500","668.4831827654812"
"594789","0.26483828663412134","0.5212414882867855","25000","3451.117567012293"
"594902","0.6791764869778525","0.6679565073092066","16100","7303.931700821038"
"594903","0.49607257979676156","0.5797248975131292","14000","4026.1987567445167"
"594947","0.49053428020070877","0.5923314685708788","1200","348.6706686907737"
"595074","0.7271843147594932","0.6880626573800603","10450","5228.640487593483"
"595127","0.66113111983046","0.646717683411624","22000","9406.434097457934"
"595187","0.5068943571518896","0.6158361405580591","12000","3745.966374948937"
"595190","0.7737081197165145","0.6296741213868274","18925","9219.956830817735"
"595219","0.5633480355186419","0.5692555446920461","4000","1282.7559712414345"
"595302","0.5596648622546266","0.6450311866937527","1200","433.2015483010769"
"595405","0.5762764331964507","0.5981030075044333","5000","1723.3633392436243"
"595501","0.47928980283749956","0.5969859018902809","7200","2060.130637539069"
"595614","0.2473020467536241","0.4931579530249071","2400","292.70153077412914"
"595691","0.38740465630891896","0.5423420432696263","12000","2521.269994496957"
"595852","0.37510052463284627","0.5163459507320425","10000","1936.8163701163494"
"596236","0.33647599348107915","0.493425698176504","4000","664.1036080121372"
"596243","0.5196206828285028","0.5765933843169513","8500","2546.6837086219584"
"596274","0.3258218426903833","0.5415767122381491","10000","1764.575223396332"
"596308","0.5979744929049979","0.5979617807094431","7000","2502.9612481740915"
"596350","0.7162060628655671","0.6334930939776487","7000","3175.98116283181"
"596418","0.4509353595350265","0.6208366660907708","18550","5193.206157130934"
"596423","0.6153598998539332","0.6289291874267112","12625","4886.099747600222"
"596426","0.5709509570148363","0.592111742488602","3000","1014.2002981007689"
"596503","0.7365073602547139","0.7016788092894359","3600","1860.44978727516"
"596559","0.6525364882183597","0.5689116142370617","7000","2598.649108026233"
"596578","0.7198358933832434","0.5995141828750438","15000","6473.2774113867345"
"596621","0.38033196782282985","0.551016837653792","7000","1466.9852271786563"
"596664","0.43221610073119143","0.5240631340303818","13800","3125.8176357205957"
"596731","0.3484862671141329","0.5142594538320597","14400","2580.6579464748565"
"596804","0.4700763362557938","0.550735354668487","20000","5177.753155381951"
"596830","0.4029841183770373","0.5435244517513773","12000","2628.3806640646962"
"596843","0.6219016153775068","0.5847184531898911","12000","4363.648206957964"
"597004","0.47389655450213364","0.5711742666695249","17500","4736.856547411988"
"597047","0.44490106289539955","0.530435572185232","4500","1061.961074382326"
"597088","0.49609145993337844","0.591511151051134","10700","3139.8468462625838"
"597104","0.565524372460305","0.5726522577417852","16750","5424.467545681448"
"597110","0.7357433971659638","0.6574557648857632","10275","4970.210032368421"
"597324","0.5171493213064846","0.6410689203272169","5000","1657.6417852895054"
"597398","0.5926672540166493","0.6310537303274565","1100","411.4053696391505"
"597497","0.7285524226505876","0.6365435299977567","6000","2782.5319854145355"
"597499","0.3890178797393057","0.5447046539174374","6500","1377.3490220821095"
"597527","0.39423995676577395","0.4876662945476693","10000","1922.5753887859835"
"597540","0.6419907728819222","0.616680097664362","5600","2217.056422114481"
"597558","0.5588311131633599","0.5710195267794836","10000","3191.034777881938"
"597785","0.6960578433089172","0.6316712809104296","13750","6045.596555222053"
"597853","0.43634387540836306","0.546536890032309","22000","5246.516542307305"
"597931","0.39822523383922603","0.5833471524749699","12000","2787.6426744454984"
"598102","0.425389962151665","0.5148884728301617","3000","657.0851639086533"
"598111","0.3624591742100519","0.5585451636834895","12325","2495.194016558845"
"598134","0.5104842875166967","0.5956279177638759","15825","4811.728820281603"
"598479","0.6784437886433756","0.6231557813638307","6400","2705.7674830304018"
"598576","0.22060398150349136","0.4698989839607069","15000","1554.9238014926575"
"598617","0.289181932640764","0.47110162633427355","4000","544.936315094209"
"598629","0.3631191792624533","0.4804134762343211","8400","1465.357716453362"
"598690","0.28350359473561293","0.47993050071241916","4500","612.2790997885506"
"598886","0.600937983452673","0.6667150785861315","10500","4206.8713560619235"
"599010","0.6397341186433945","0.6061593410406418","25000","9694.520294952394"
"599020","0.5043224641614479","0.543511966098558","15000","4111.579410660871"
"599048","0.4640508509232417","0.5701950439111977","4650","1230.38765323431"
"599106","0.540713997552652","0.591061023890809","4500","1438.177360615033"
"599147","0.554561684893893","0.5819410517743014","4800","1549.0666088682278"
"599194","0.29431919715022536","0.5101110273350449","3600","540.4876848818175"
"599360","0.278616563827637","0.5164238008673062","6000","863.3053492587403"
"599406","0.6757952684746034","0.649847076279394","8000","3513.308635053353"
"599414","0.5025634850841412","0.5405894927167141","4000","1086.722157838319"
"599432","0.4685281425257659","0.6020483087926964","15000","4231.1486374413125"
"599550","0.48978996079360604","0.6051281234731264","2900","859.5184716259317"
"599611","0.6754820925775766","0.6625838910732285","4000","1790.2542130013499"
"599649","0.3180105865710352","0.48211331744879937","2350","360.2952763576609"
"599656","0.5309284371988772","0.5869007954817447","12000","3739.2278656308067"
"599736","0.22158265569531288","0.47499280670999233","12325","1297.2083150164117"
"599757","0.36954590496108164","0.5604924393554196","10875","2252.5135822641896"
"599773","0.46682077252496","0.5619800296785816","2500","655.8598789953886"
"599826","0.3275361279793062","0.5190240037865136","25000","4249.977813213786"
"599858","0.4147987590077058","0.5010238282361107","10000","2078.2406218562865"
"599877","0.6071795054896234","0.6580594374344338","6400","2557.1853043470037"
"600178","0.5284628829286878","0.6064360852642976","10000","3204.7896193075826"
"600210","0.48164135058890123","0.5451719923414218","13000","3413.5058710293383"
"600228","0.30329523372545675","0.48280310244696284","12500","1830.3984975003402"
"600312","0.4355998812074061","0.5846631900005238","11200","2852.4072204383983"
"600355","0.4989936700815788","0.6188346345378939","5025","1551.6926914448227"
"600497","0.1814273751432488","0.48556159668727394","8000","704.7533276586954"
"600524","0.5320636911793988","0.5632988678319716","25000","7492.771871396378"
"600571","0.36690800460231277","0.5305938324635131","3000","584.0373729704444"
"600667","0.3167550428243233","0.5145910218769565","10500","1711.4926623023005"
"600718","0.3783511823013398","0.5838176750617834","13675","3020.644871540018"
"600740","0.5208239528778187","0.4960609767793285","10000","2583.6043879464173"
"600784","0.33948853588749706","0.49146267455453563","12000","2002.151325934473"
"600809","0.4087687344186327","0.5266324716770907","7200","1549.9504004486457"
"600836","0.47261806964635145","0.5910291816476033","20000","5586.621418699062"
"600850","0.3096610099890741","0.5426479706217138","11200","1882.0134888939024"
"600927","0.7283387454156116","0.6558401452247893","15000","7165.1068284932335"
"601003","0.4331307678711399","0.529680172855616","5600","1284.756367972398"
"601063","0.4605148209613784","0.5377990171518114","2000","495.3288361937435"
"601083","0.19343976838035437","0.5015026813696111","9050","877.9455908626912"
"601103","0.33401006757493534","0.5249363255775387","12000","2104.0082109443033"
"601131","0.39860451828051324","0.5725913701437666","13150","3001.3232205707172"
"601149","0.4848513020897762","0.5594842678108352","12000","3255.200108961942"
"601154","0.4024354323052497","0.5417091338143495","21600","4708.86370812605"
"601194","0.2285888978924343","0.48157710869807113","20000","2201.663610550342"
"601229","0.36480876156679864","0.5618065574017039","12950","2654.127810073397"
"601252","0.4984574010727535","0.5623290703450713","10000","2802.970869518618"
"601259","0.44798004654968104","0.5331438800295228","20000","4776.756403866064"
"601463","0.444444824978921","0.5699080850953543","12000","3039.5123896113214"
"601470","0.6020146214730308","0.6489842387735927","4200","1640.9316035584393"
"601559","0.34221379448056366","0.5396537342522075","15000","2770.154281560805"
"601568","0.5562092031680796","0.5578466953931493","8000","2482.2357274765604"
"601573","0.3318666120988011","0.49998455305633394","4200","696.898354843063"
"601724","0.5811845627684034","0.5795031405416203","7000","2357.587955510188"
"601726","0.33772210631265454","0.48704154137817957","10000","1644.846952160007"
"601784","0.4569571358899468","0.5618590290382846","10000","2567.45492683241"
"601807","0.30776303242841385","0.5451879347043946","20000","3355.7738405601717"
"601985","0.4641285091910945","0.5488335484112221","7000","1783.1050763271123"
"602038","0.3625054227900497","0.508394501423473","6000","1105.7745820959155"
"602048","0.25546885482237747","0.49232486982564716","17675","2223.049629532961"
"602136","0.3486904431015556","0.4715525988104867","5000","822.1294231245935"
"602293","0.285881986825942","0.5428884445613807","11200","1738.2627041477913"
"602308","0.4230521094130656","0.5533161540075754","1600","374.5305058003671"
"602345","0.39635364669991624","0.5483795262553719","20000","4347.044500137782"
"602401","0.45077289241159635","0.5481291689457044","5000","1235.4088545040986"
"602522","0.6274420374677969","0.5856189334208953","10000","3674.419367653247"
"602589","0.4015275220418957","0.5221714409194687","3700","775.7649575877294"
"602679","0.6253814795913073","0.5806455822525828","20000","7262.499866945526"
"602680","0.3467587750682659","0.5331039473435689","4500","831.8631229421098"
"602729","0.6714794236767927","0.5559430823695125","25000","9332.6085136645"
"602792","0.3394472100845607","0.4690593073792865","7800","1241.9228113819427"
"602878","0.3849114722606344","0.5026972102855305","4800","928.7708318991229"
"602890","0.5398404757368946","0.5643452555752295","16800","5118.227708993134"
"603126","0.33540206217910185","0.539692950192363","12500","2262.676605475523"
"603127","0.7329233626973111","0.6661411162467814","12000","5858.764643406377"
"603155","0.47076676326607714","0.5862709844660084","20000","5519.937875077588"
"603227","0.3156632881779887","0.47321719531766554","5000","746.8864794816991"
"603300","0.5005689257525736","0.5603312282183067","10000","2804.8440097485795"
"603366","0.550439952752998","0.5654334550810783","2500","778.0929107494828"
"603509","0.4385219058274047","0.5436187576399419","15800","3766.541991571935"
"603590","0.42806752613638444","0.5978007564701368","2500","639.7477273615766"
"603591","0.42008910091335305","0.5940099580268973","24250","6051.274898126623"
"603733","0.5016670060654345","0.5481886898184724","16125","4434.506882830179"
"603911","0.41954840195074095","0.6009015938520318","25000","6302.682585756827"
"603944","0.5894866520482441","0.6302877538210492","20000","7430.924356539564"
"604062","0.2843115250296765","0.4784474817633865","14950","2033.6205911420134"
"604095","0.42005358595998854","0.517803192595186","6000","1305.0305272268308"
"604160","0.2355313048426787","0.45591098937713115","25000","2684.532755502808"
"604291","0.4182518797012448","0.5279976836099636","4600","1015.8457087797437"
"604303","0.7304080812251734","0.6787166216046928","22750","11278.087395163584"
"604319","0.5150651576526564","0.5827039621264354","4000","1200.5220324699196"
"604346","0.4293321846604786","0.5221129834871144","2000","448.3198156802465"
"604501","0.506800116338018","0.5984297214980584","16600","5034.518591090706"
"604521","0.5952290354753343","0.6365135781994321","3000","1136.6140896558054"
"604628","0.7899068464098201","0.6725400741343751","15250","8101.47113791659"
"604937","0.46653588641278776","0.568340614329619","20000","5303.025845813143"
"604967","0.28255102339939664","0.47406873196380234","14000","1875.2804752923726"
"604971","0.4944389658395967","0.5459979430112407","4000","1079.8506331720996"
"604975","0.44538445606908117","0.5319407332498584","12000","2843.0176096737164"
"605063","0.4621362600567325","0.5477393511190403","14000","3543.823012968766"
"605280","0.6261665621422696","0.6169208230168286","7000","2704.06633603699"
"605281","0.2031003388985042","0.48442322618447553","5000","491.9326070418687"
"605284","0.3899696384802318","0.575463082837527","10200","2289.013929803275"
"605415","0.44024270871026416","0.5543574381046502","6250","1525.3238759054614"
"605419","0.2426152958508624","0.5393909072436504","8025","1050.1874884349709"
"605493","0.6298542289319027","0.6141470826478529","2500","967.0578429798522"
"605575","0.5437968124620631","0.5406088131963803","10750","3160.2995061047236"
"605621","0.6150035083049148","0.6064205524175794","14125","5267.929587335848"
"605711","0.4483623664933507","0.6036887675585806","7000","1894.6992711361365"
"605713","0.22876163185406162","0.4648342923352049","9050","962.343073869781"
"605772","0.5401214745196112","0.5029952691426044","10325","2805.080992051772"
"605851","0.3840970638972948","0.503487052123317","24125","4665.483049644746"
"605892","0.26925722529375806","0.48360927444856655","12250","1595.1373192132698"
"605995","0.2768349356564528","0.48830241245315487","9000","1216.6125023912382"
"606011","0.2740825549001893","0.47527465377724015","1450","188.88351251052487"
"606069","0.4967573203299187","0.5181523632224107","14300","3680.7625065208063"
"606130","0.6219651077416797","0.6370490144189236","4000","1584.8890355591866"
"606136","0.3056891532716799","0.5394543959991888","13675","2255.08076438244"
"606142","0.3679742895585346","0.5002172483988003","7000","1288.4696062313153"
"606214","0.5210352776160909","0.5822003802174339","12300","3731.167321837848"
"606222","0.2484098468496293","0.5001998026434394","3000","372.76366910661477"
"606401","0.36948359482096427","0.5075807464697053","7575","1420.636398421579"
"606508","0.4497745687119935","0.6074564546589568","12650","3456.2135810551945"
"606595","0.20841186348512897","0.4725817167120677","7250","714.0643626599843"
"606604","0.4186114585240124","0.5507179804514452","4750","1095.0500709028454"
"606665","0.415619033397463","0.6134932856041296","12275","3129.8731950520855"
"606714","0.1711337434179303","0.47910029710486474","10000","819.9022731619809"
"606719","0.18793971541975552","0.455951221273057","11200","959.7430390391011"
"606728","0.6126276410038445","0.6162703146393913","12000","4530.530748938728"
"606730","0.4608139217578179","0.5189473824299865","2000","478.2763569670324"
"606998","0.3702947452268085","0.5379997216932557","2500","498.04617469124497"
"607137","0.6232921231623529","0.5383490136943868","5000","1677.743498739665"
"607179","0.41248705134181807","0.5366954389224134","5500","1217.5895548834003"
"607432","0.6084084504887074","0.6210282770574752","6500","2455.952536402366"
"607484","0.35012736875811623","0.562234091865263","6800","1338.604093834076"
"607517","0.4663215009832202","0.5207974657222616","16000","3885.7448947817957"
"607565","0.4994617520836545","0.5690296096744281","6625","1882.881483659975"
"607677","0.6527527915564597","0.5777525357299699","10000","3771.295805265611"
"607881","0.5968192745814166","0.6185520388834006","16200","5980.453222023407"
"607931","0.364801622457289","0.5422743278001578","7475","1478.7235956232892"
"608140","0.5325083494500988","0.5508534286309414","1500","440.00107510378564"
"608169","0.4426455695069049","0.5534841389304611","12525","3068.5912061711583"
"608225","0.5371213929800212","0.5997898839387108","8500","2738.359812630127"
"608230","0.7146023566201634","0.6813594942942224","18250","8885.945080989177"
"608242","0.5771883871828238","0.5907680585236096","19800","6751.492365387732"
"608268","0.45008405616634006","0.5531243601924671","5000","1244.7622779991864"
"608312","0.47428874762290496","0.5502430974448108","8000","2087.792876601979"
"608383","0.38004367284844776","0.4985073065153135","10800","2046.10911526656"
"608387","0.4912903348589992","0.5756176318248933","13000","3676.3399281699476"
"608394","0.26484459681203576","0.48652907344125573","4800","618.502062205837"
"608422","0.3270906135933257","0.5176387321710648","12550","2124.9003700950852"
"608423","0.3230582696237839","0.506200391309149","9150","1496.3198358678262"
"608447","0.6208115606339941","0.626240389286982","5000","1943.8863670264566"
"608460","0.4819793997496993","0.5653700925307386","1400","381.49543296815625"
"608512","0.49869758908661055","0.5877524071241559","4000","1172.442833650674"
"608748","0.23797336398539126","0.5074060117883674","4000","482.99646212675555"
"608771","0.29922389465052623","0.508266046177749","7550","1148.2443612122734"
"608801","0.5644009561131671","0.6024729389681555","4200","1428.1524717009343"
"608892","0.2204093046403941","0.501865892800125","16000","1769.8545992768977"
"608991","0.4173430299751901","0.5164664563609502","4800","1034.6096437354956"
"609040","0.462338608958059","0.5233684431176174","11200","2710.102505191696"
"609096","0.3429603730907955","0.5041245617798821","2500","432.2368694806554"
"609157","0.6025376167467665","0.6039653011193804","10000","3639.1181313421466"
"609166","0.41847989929576734","0.5083919076333466","7400","1574.363277887976"
"609232","0.27007893315259923","0.49685045784890824","7125","956.095496344522"
"609322","0.30287637304246695","0.48754250973942653","8025","1185.0124841075406"
"609585","0.43373553289918776","0.5926838660636436","6300","1619.5287306735513"
"609588","0.6633862294776622","0.6632666881869588","15000","6600.029811217243"
"609623","0.5009540645776411","0.6463852674430577","13225","4282.378349690128"
"609676","0.5597358966266573","0.5763534215750934","13000","4193.874089589298"
"609795","0.7279549306427051","0.6749071850011465","24000","11791.248313146552"
"609824","0.413517270779198","0.5650644877616243","4000","934.6556991737295"
"609835","0.2762157530948839","0.4801557057305285","3200","424.40502355572283"
"609877","0.31140540184036225","0.5475215947122306","6925","1180.720686857144"
"609918","0.6929995483672806","0.6621528929010237","14000","6424.2031802269685"
"609986","0.49913657974350467","0.5531984735768045","6500","1794.7903611329496"
"610027","0.3754396873289191","0.49326487883129316","13850","2564.8982845207966"
"610148","0.6607346925598951","0.6461553216364556","16300","6959.0769759346795"
"610216","0.24237711509078086","0.5026322368951832","12000","1461.9186183633653"
"610221","0.5751857902351705","0.6225926231395703","8400","3008.09401145502"
"610240","0.6576810904360781","0.6262548785420206","12000","4942.511896925157"
"610265","0.5080623926603248","0.5522021373403716","6000","1683.3188347757668"
"610326","0.42881569150458687","0.5381230471475429","9600","2215.2538231404387"
"610327","0.28894463311078733","0.4758701264597607","10500","1443.751250532145"
"610539","0.4471188952690768","0.5299608852392251","14100","3341.072910170179"
"610557","0.6872537879555792","0.6747159109171795","12000","5564.412786860769"
"610584","0.41796370429541985","0.5537628693559037","6250","1446.5798761078383"
"610713","0.4613949799246234","0.499503840175449","4000","921.8742572400944"
"610730","0.4407476797561226","0.5097136047544832","12425","2791.339476298173"
"610763","0.6361922707246079","0.6691191154352606","5700","2426.423933773797"
"610807","0.34876798486168215","0.4977687122244373","7000","1215.240534827981"
"610810","0.5722696784086087","0.5716128507693288","10000","3271.167022839918"
"610893","0.7745136123475053","0.7211006518298193","30000","16755.06812144562"
"610920","0.3083238567547856","0.513426078530871","7000","1108.1105608378648"
"611149","0.2817698951734189","0.4733992753073064","7625","1017.0961893611556"
"611270","0.6335816660714342","0.5841585422984289","25000","9252.803561982473"
"611382","0.37967154713179296","0.5501483537549536","17225","3597.8835298165714"
"611566","0.5665420950658053","0.6650815274188615","14350","5407.032385744974"
"611638","0.41119993955848666","0.5311485207667787","19375","4231.659642945156"
"611655","0.24643038286318153","0.500139252287941","10025","1235.576311947882"
"611663","0.2519025455439057","0.5063591165532481","7000","892.8720529338848"
"611671","0.3477006821143679","0.5259741769704639","6175","1129.2937571617965"
"611701","0.540598241702264","0.6541921637973812","25000","8841.378337106593"
"611783","0.6187977121388537","0.6179753703282106","3500","1338.4061086104016"
"611873","0.4096510894139165","0.5400652386597323","3800","840.7055908118754"
"611963","0.2222833656933575","0.5256472723910282","5000","584.213224373054"
"612014","0.43979908278514246","0.5205154837522773","10000","2289.222323297163"
"612022","0.436881267512086","0.5710235692803923","8650","2157.9111812841666"
"612154","0.25760519824721684","0.5050295028043909","11750","1528.6541459897667"
"612223","0.3831142863930318","0.5909291479643971","16500","3735.491080715168"
"612241","0.699843707700504","0.7715679210652587","10000","5399.769546210804"
"612248","0.3340534249779923","0.5859141298848524","9350","1830.0439141201787"
"612326","0.5578879211896345","0.5178339158920954","12500","3611.1660857316137"
"612473","0.6344629536891722","0.6308112653741293","5200","2081.1771689783063"
"612577","0.6554487223408128","0.5901384356383584","25000","9670.1370910842"
"612578","0.35924898508397374","0.5095854696166087","5000","915.3403138665341"
"612580","0.3572357250699526","0.5139453770391345","5600","1028.158036712382"
"612590","0.6445225186590682","0.5987491253843058","10000","3859.0729433760703"
"612679","0.31281888022069826","0.48668759508049336","4000","608.9802740415382"
"612693","0.49071697289070304","0.5272127007301772","10000","2587.1222057184473"
"612712","0.3835476046079894","0.5793514882900562","11050","2455.408074934958"
"612772","0.5171991764416874","0.5674126926830425","4000","1173.8615094329195"
"612808","0.3776312484565886","0.5040710469916572","12000","2284.2357454353505"
"612854","0.627275081864017","0.5905655221672756","11275","4176.790333871457"
"612910","0.36323470224228305","0.5406913246306337","11650","2288.034979378808"
"613254","0.5691154600404571","0.5974154034631504","6500","2209.9892241517095"
"613347","0.5404982347489666","0.6072946720921915","3300","1083.1976041863306"
"613409","0.4814567299857331","0.5462578248813424","4200","1104.5979256052594"
"613827","0.5366782752042005","0.6409321419712536","14000","4815.640990664926"
"613908","0.27404654528733274","0.4808430108798397","5000","658.8668297858972"
"613950","0.3953713495398514","0.5086288751542363","2650","532.9078046793676"
"614000","0.3031624327994934","0.5284474255234116","16225","2599.332730656774"
"614157","0.727141022771244","0.5856223781743095","6000","2554.980330140374"
"614206","0.48802094079358493","0.5720832932914476","9000","2512.6976430394616"
"614304","0.3992623049235613","0.5229422361082653","1500","313.1866837957008"
"614359","0.3797933430040964","0.5406380386443645","3500","718.6575481817238"
"614650","0.3467826980717884","0.48692523591908976","7300","1232.6579036202274"
"614758","0.6896215515137122","0.6474210375567547","12000","5357.706004830078"
"614768","0.37296159261562245","0.5047953819252269","12500","2353.36611984805"
"614879","0.3490188962705272","0.4918908991311089","6000","1030.075312201541"
"614919","0.4536401984342995","0.613643920061568","12475","3472.7100320675204"
"614920","0.3981058855171231","0.5033730438280738","3500","701.3851997551873"
"614950","0.34137830302509864","0.5960530122083163","8000","1627.8365265653874"
"615036","0.2550536990250385","0.5017537343987741","6000","767.8448757482043"
"615067","0.6971248258342531","0.6579509536157838","15000","6880.10915920326"
"615302","0.4603722079681849","0.5099527826721474","7000","1643.3766196280749"
"615313","0.5783387855501253","0.643854540222958","4500","1675.647237885659"
"615325","0.2608719869396552","0.5017079374537825","11550","1511.6818621554398"
"615402","0.5257523028719926","0.5653711420717853","5600","1664.5730075610138"
"615476","0.5115759015232819","0.5602128053054468","15250","4370.518406515067"
"615553","0.3504703031050289","0.523532946891007","4875","894.4784090890062"
"615709","0.21909848295820733","0.4906382799954177","3000","322.49430848466056"
"615756","0.4806709746807811","0.6530987635488267","17025","5344.583667524013"
"615933","0.6851057710972865","0.6638562827377391","11350","5162.113594979973"
"616001","0.5017308709522769","0.5302925625068127","9250","2461.0933805260347"
"616214","0.6122184678424593","0.6393794950579591","20000","7828.79869668538"
"616269","0.17772097821113264","0.4903448618490064","4000","348.5782740344324"
"616311","0.26111134376808254","0.49777359187251","12300","1598.6842770329831"
"616392","0.7688567606645266","0.6975257380727096","25000","13407.434486367914"
"616408","0.33896115734892895","0.4841132823203039","6000","984.5735907796739"
"616455","0.3684095702984862","0.4948266773484314","6250","1139.3680223385206"
"616464","0.3359529951585616","0.516909798281066","1800","312.5833109267976"
"616492","0.23782031615712085","0.4554448544646961","13225","1432.4531694902716"
"616722","0.22205697941376557","0.5152384518652546","9400","1075.4755664108188"
"616854","0.474007558363051","0.5582771908858917","5000","1323.1380407080223"
"616870","0.4149494057893197","0.5430290951401047","9600","2163.164163405105"
"616906","0.4145121460302974","0.522637768464016","10000","2166.3970300250494"
"616921","0.5913954916794057","0.6306684266539908","9600","3580.554856970056"
"616927","0.38673930119205546","0.5576208303290556","9650","2081.0600409278695"
"616945","0.42617437297399163","0.6138181430655919","15000","3923.903433615578"
"617056","0.6523952779525188","0.6400267987306935","9500","3966.72938192223"
"617149","0.32518586393658344","0.5233137439902931","1600","272.2787711189944"
"617168","0.4700117253777024","0.5336319675029199","8400","2106.831566807061"
"617174","0.3060020633519952","0.5199376984989997","4200","668.2284359317623"
"617175","0.43002418110415686","0.6165343633543426","13225","3506.273955475216"
"617181","0.3610273413459437","0.5474871616859773","10900","2154.470395009325"
"617318","0.5735419425765047","0.5458312482308704","13775","4312.361751263494"
"617463","0.22645092872600914","0.472232578104192","10000","1069.3750588637192"
"617538","0.40369918371348146","0.5583280486488787","16925","3814.8370739148945"
"617670","0.20731783264297188","0.46491614450956276","7500","722.8905558033695"
"617833","0.306717493342224","0.477387562680944","12100","1771.719710596861"
"617995","0.3250983771776682","0.5198169330992206","5000","844.9582069001457"
"618005","0.4523925269610525","0.5166969776166662","12000","2804.998216525704"
"618031","0.45490055871317103","0.5437427114953619","5000","1236.7443162772734"
"618048","0.5152802973601999","0.583806904151233","16750","5038.805269130749"
"618067","0.2744817118496886","0.4786456792074286","3600","472.96614743392297"
"618078","0.5975200995708485","0.6264738021257786","13300","4978.59815870882"
"618122","0.3412777552259706","0.4952685681676625","5500","929.6327984803225"
"618139","0.4818353674902144","0.5289355636340697","5500","1401.7292392524612"
"618169","0.37788255887225075","0.536185671724159","1000","202.61521366176183"
"618187","0.7253594945385892","0.6787895242905033","20000","9847.328524748977"
"618225","0.4948584191858256","0.5837567662187904","7600","2195.464823952457"
"618238","0.27328155210326244","0.49071627404473833","7925","1062.7718622302123"
"618247","0.28552301486018794","0.545130788165","5975","929.9931321266381"
"618290","0.33597375773495064","0.5614912909861884","5000","943.2316948403917"
"618625","0.29084813890635874","0.47840539075172667","6725","935.7388104760632"
"618729","0.2843094196787367","0.5165614550777682","6500","954.6113688901665"
"618734","0.5564588643135637","0.6123478388855735","1400","477.0449361875839"
"618760","0.4424116719594623","0.5849393816699523","6050","1565.6432595292029"
"618909","0.24220704357544653","0.47788314074652877","3600","416.68798570115666"
"619053","0.4313269538307086","0.5081038698358977","7000","1534.1122608413884"
"619085","0.564430331867013","0.6215393587540219","25000","8770.391663248574"
"619119","0.29817964901897986","0.4952524429440369","17000","2510.46139341837"
"619209","0.4938037424994284","0.5263897250475031","14650","3808.0216179409363"
"619318","0.2829423783120789","0.4815616365879188","6000","817.5251685602566"
"619362","0.24219885829964094","0.47700142837238274","3150","363.9169842811305"
"619376","0.2434815040039544","0.48525318362195397","10525","1243.5305915695687"
"619390","0.3404856746199447","0.49633809126250095","7000","1182.9720689016183"
"619431","0.5172188806422834","0.6014651043740558","5000","1555.4455401487164"
"619463","0.3037906390694045","0.5247440468388714","25000","3985.3082334261576"
"619513","0.3627624544038568","0.49779971558722647","7000","1264.0813263957489"
"619525","0.8445538876905881","0.6490516986706493","14000","7674.2278959426785"
"619668","0.35783881135049633","0.5104693228768459","6000","1095.9944143748594"
"619737","0.705918264585516","0.6386872174926318","14000","6312.0536105949095"
"619805","0.44222494964778325","0.5238833622774561","5000","1158.371467522297"
"619807","0.4711506406247219","0.527416501851505","5600","1391.5586872509639"
"619871","0.5719283534893931","0.5858713005844459","16000","5361.222532799223"
"620285","0.6144981983463318","0.6180354470481134","10000","3797.8166872523543"
"620324","0.6057421907667817","0.5394484648685619","4350","1421.4351228813807"
"620347","0.2888693899457402","0.49684009199847623","6000","861.1313656571115"
"620368","0.2955505662448332","0.4690693886077588","1000","138.63372341114083"
"620390","0.7864346848575996","0.6792652914280661","14100","7532.1887741250075"
"620397","0.3992732859955136","0.5080126865886084","2500","507.0897367541067"
"620448","0.42643285523269026","0.5648434893814496","2500","602.1695548413182"
"620471","0.23176486766736426","0.5148980222264757","1750","208.8367259711368"
"620509","0.6207664501799193","0.6319588218405169","6000","2353.79300696293"
"620516","0.7708378244808038","0.6869319993111076","25000","13237.82919788058"
"620545","0.2853173317401012","0.4891492787673412","10775","1503.7888148613092"
"620611","0.40523134067058875","0.5254210109647487","2000","425.83412137948244"
"620695","0.4566015598564698","0.5968910558039062","18000","4905.744968599896"
"620840","0.2049282335248518","0.4846523727870698","5000","496.59477314441085"
"620894","0.47133156149829025","0.5845755352844676","10000","2755.2889985932698"
"620956","0.2460800491554802","0.4606369095796375","7500","850.1516501413926"
"621058","0.17655182246212364","0.4553064763655439","12000","964.6222581737352"
"621063","0.7556794857137858","0.6671991856348695","6000","3025.132424815289"
"621107","0.7103737292210988","0.6319098536094025","15800","7092.496115993104"
"621124","0.23486167058943186","0.4967943869722875","6750","787.5762277304078"
"621149","0.6028627405553997","0.603085749412396","12700","4617.439681544434"
"621176","0.46926393940187694","0.47237585654420133","4600","1019.6771944732319"
"621250","0.32901356134729987","0.5171518969013215","5000","850.7499367850771"
"621266","0.303943285511035","0.47512746509400583","9375","1353.860651036266"
"621444","0.34315636435972374","0.5184777860994609","1200","213.50274249500342"
"621583","0.6399462190177496","0.6379816089395863","10000","4082.7391844374883"
"621768","0.7116258655415821","0.6297054731026677","24000","10754.752855990977"
"621823","0.5120980457745309","0.5402294721583732","9000","2489.8541126589835"
"621874","0.475089395708432","0.5906447808162154","9650","2707.8775447644402"
"621890","0.5712993244034513","0.5899142590831634","9600","3235.3691296336683"
"621893","0.35512579655513876","0.5049618734159289","8050","1443.5661495907955"
"621974","0.4303877605150608","0.5781170282721934","17000","4229.846382932754"
"621987","0.3308579468903332","0.5251468834434609","5000","868.745098359803"
"622143","0.3806911305096614","0.6043255558168555","8000","1840.4910323183858"
"622192","0.3011752454263049","0.4854630246465732","8075","1180.6412731661235"
"622261","0.5591427605997372","0.6228182861806185","12000","4178.932030644338"
"622530","0.5544983277951909","0.6152242415755441","21150","7215.128198602685"
"622591","0.24105122319131078","0.48620200717315776","15000","1757.993828207402"
"622632","0.7358353309942769","0.6833528497926518","7200","3620.4132269740194"
"622741","0.40986229357068826","0.519461624408416","10000","2129.0773280198882"
"622808","0.652167343457237","0.6701097117639565","20500","8958.985246192884"
"622849","0.5981588565148295","0.6533915503272899","25000","9770.798565005583"
"622887","0.6921755900043705","0.6469604379405827","3000","1343.430668523026"
"622947","0.3623581033826969","0.5067440255371793","6950","1276.1784877594484"
"622951","0.5724384748838136","0.6585787737960453","20000","7539.916577253205"
"622981","0.46536550695104184","0.5474106717966846","3500","891.6111567687607"
"623067","0.21485913828432857","0.5109239683129624","6000","658.6601013631962"
"623096","0.3349992418193881","0.5069429401221804","4000","679.3020023464876"
"623131","0.6152881774222732","0.5810817661027093","19425","6945.073490013809"
"623199","0.5494169962776808","0.6167266847649989","7500","2541.3009200090837"
"623235","0.4471611412669646","0.5331222050729919","5500","1311.153435103599"
"623428","0.665617171162942","0.6273501267793782","17750","7411.956546701948"
"623471","0.581787724237838","0.6117517853177749","12000","4270.916147741552"
"623480","0.42709295604494146","0.5185333796752443","9250","2048.523073884635"
"623521","0.24739330418281358","0.47003626372759055","6000","697.702946215878"
"623549","0.3991556249575239","0.5608643019162156","5000","1119.360704738662"
"623638","0.4205678510819062","0.5342303145952726","2000","449.360190784289"
"623753","0.4294438428888826","0.5101506979827282","6000","1314.4864571648911"
"623756","0.3667005085314792","0.5383097739342463","11200","2210.8628399105214"
"623868","0.5163845418503565","0.5466417134149574","11500","3246.1893034878813"
"623871","0.20450375614577343","0.5076465443497346","6500","674.8015632406274"
"623893","0.6743799120514096","0.6239925923226992","10000","4208.08069531313"
"623973","0.6922875879162993","0.6372355373157452","3600","1588.1409110263112"
"624023","0.5290746383571379","0.5392913951977263","4800","1369.561919440096"
"624230","0.4050114070758426","0.5574665930921279","8500","1919.1327987611608"
"624353","0.21530351258348435","0.45279244043135924","8825","860.3298605582568"
"624413","0.3107479245557633","0.4906334695360189","2600","396.40466417736906"
"624521","0.7085268471825884","0.642400043918232","15000","6827.365166210119"
"624576","0.46781772045154435","0.5123741943387115","5000","1198.4886380686628"
"624579","0.309306701059068","0.5138682401987124","12050","1915.2618263664542"
"624760","0.26689473858669066","0.48622218006768114","8000","1038.1611331537167"
"624831","0.6782370782128433","0.624604409416974","6400","2711.231165963693"
"624834","0.29257412163363494","0.520212322352659","4500","684.9029847389515"
"624911","0.44842836529612007","0.6166137834538402","6300","1741.9947988795466"
"625065","0.24986181419879339","0.5027336114598704","3000","376.8417966542235"
"625124","0.5005701060491977","0.5560938962875515","5000","1391.819903189856"
"625162","0.45457876003591136","0.5373538372559701","5000","1221.348205201789"
"625244","0.47013107995782677","0.5824967890859654","7200","1971.7188805796495"
"625310","0.4710242137610655","0.6059768044335895","24625","7028.707541194696"
"625366","0.23877410016501988","0.49270153128664945","6050","711.7484069365275"
"625448","0.41739037502162735","0.532643089681304","3500","778.1203463416522"
"625471","0.26265397795995404","0.46464739633857943","6000","732.2489219823797"
"625518","0.5564220247185928","0.6238141254971524","8000","2776.831350057471"
"625613","0.39314200882910866","0.507188964069483","3600","717.8302374848322"
"625718","0.7036829296723679","0.6390860416098809","16000","7195.423009164126"
"625995","0.5253469638537124","0.607365267443906","5000","1595.38749600927"
"626093","0.4780059464955769","0.537685305657442","1800","462.63019220558846"
"626123","0.6332686707597994","0.6218212642360457","8000","3150.239403623509"
"626149","0.3208146118964368","0.535615984951078","5000","859.167171688039"
"626163","0.678425603674057","0.6428256449551113","10025","4371.996496764261"
"626211","0.41770437165270835","0.5145133001197914","7100","1525.8926286078415"
"626307","0.3679402529503205","0.47771184522246507","6700","1177.6550950290716"
"626424","0.6278711089710622","0.5752343864056632","8000","2889.384416886498"
"626704","0.632172828425388","0.6553719564786349","5000","2071.5417169888947"
"626883","0.5329251348035008","0.5955720702350134","8400","2666.120736847634"
"626909","0.4436827130499785","0.4991966473339182","8300","1838.3248595268992"
"626989","0.710283366188972","0.6634025947971837","2100","989.5280391591887"
"627214","0.25189746064153706","0.4818354616180202","3000","364.1193876858663"
"627278","0.41795164341369395","0.5032217153542835","4000","841.2893717351236"
"627532","0.46524022888545136","0.5350772595755908","4000","995.7578668653919"
"627586","0.40165196533117753","0.5191738426038631","17700","3690.9313378777447"
"627603","0.3020505179531764","0.4669158229209209","4800","676.9543975382292"
"627653","0.2262491199808625","0.465065939025058","6125","644.4771515546436"
"627803","0.31406261090309406","0.5070645335700562","12425","1978.6813905189401"
"627810","0.3941959493332473","0.5137791406702845","15000","3037.9448415621423"
"627881","0.4432225950429468","0.5780236296412866","4800","1229.7270390036203"
"627962","0.44114703235217334","0.5745231281533103","18000","4562.085114045364"
"628087","0.6125006947677331","0.6177210831077827","4000","1513.4183703047738"
"628220","0.21587739619369373","0.5176845098697627","10325","1153.8846652180891"
"628299","0.5360783225985692","0.6406305543917769","17675","6070.09260434102"
"628342","0.2628829616918087","0.478907483381951","5000","629.4830880390896"
"628354","0.3087301780165368","0.48856362666700726","15450","2330.3904824446395"
"628381","0.5310601596809352","0.5113955104335974","8500","2308.4451421633266"
"628620","0.30713785044310615","0.4997683484125355","10625","1630.9138726661047"
"628638","0.5912811028217614","0.5578918923089503","12000","3958.4512000770656"
"628655","0.6133697162887423","0.576432499021012","24000","8485.589721219092"
"628690","0.5761017822707181","0.6090821056192444","5500","1929.9130762804664"
"628731","0.40928258405359896","0.5235438506195746","12000","2571.328560563411"
"628749","0.6540406542469993","0.5510988315756457","8500","3063.7488430471835"
"628801","0.46485823859291964","0.5500472440899054","3000","767.0819790915695"
"628808","0.3974870404766343","0.5161484432105122","10000","2051.6231713836864"
"628921","0.329915076752784","0.4963119903143943","7550","1236.2431032531479"
"628923","0.6695190158148031","0.6540858671505203","14000","6130.920964461838"
"628995","0.4597692408795042","0.5240829568330659","8000","1927.6577857681975"
"629032","0.5857962894495129","0.6769983879137441","20000","7931.662872063465"
"629071","0.30797584680716206","0.4829266775180178","6400","951.8704157080372"
"629097","0.4793142352825178","0.5656745859070781","25000","6778.397039070152"
"629111","0.4894035951682799","0.569827899930499","2500","697.1895571329426"
"629288","0.4148792156823188","0.5241207963200246","8000","1739.5745992003533"
"629290","0.3917123711331756","0.5040952966177347","6925","1367.4130201128592"
"629312","0.5854676169106716","0.5089294586260686","5500","1638.7894452459345"
"629369","0.416019640091139","0.5492621910889736","3000","685.5115771575156"
"629373","0.43538523532568996","0.578386144143549","17000","4280.953387109978"
"629481","0.6042447661663977","0.6007597986931061","13000","4719.077533085345"
"629606","0.38805097396628474","0.5486411613837895","3000","638.7022110989194"
"629724","0.5871212593402775","0.5631353053651397","15000","4959.430644974287"
"629731","0.3119483555066651","0.4569530222026685","12000","1710.5489258390767"
"629815","0.20806458517004023","0.4879996527341161","16000","1624.567124947961"
"629902","0.6281684860368387","0.6333535782516868","8000","3182.8220670110127"
"629921","0.6283225205406366","0.6230144769903889","10000","3914.5402651590766"
"629932","0.42004446082417113","0.5385527949155205","9600","2171.6747363101463"
"629948","0.4394797340842501","0.5134111638870876","10000","2256.3380178098264"
"629960","0.42580726118491186","0.5953880655598094","3600","912.6740215375387"
"630035","0.4821330242249009","0.5551531675861859","3500","936.8018645872637"
"630268","0.4399185217022762","0.5204629000493708","8400","1923.2746645610293"
"630368","0.5674596279128732","0.5791107952256089","25000","8215.549909476304"
"630567","0.49845887115728105","0.5956457848664783","24000","7125.7182128193"
"630573","0.7632933137795808","0.6573798157399189","15250","7652.047674010976"
"630574","0.49747955643122854","0.5942101561351516","4000","1182.429619604185"
"630718","0.6286678669931993","0.625647360929465","4500","1769.95976348453"
"630720","0.25190012688509156","0.5086518073208312","14450","1851.470621924281"
"630756","0.5053889793050508","0.5375689491584051","25000","6792.035563031378"
"630824","0.42408592097006326","0.5017851431990288","10800","2298.240157492676"
"630837","0.37295900783802727","0.49085984440085745","5000","915.3530027763612"
"630843","0.693639007743551","0.6454968746279036","4750","2126.7736051876964"
"630863","0.35236771973672354","0.5067815627090169","10000","1785.7346365638966"
"630879","0.3760884109485787","0.5024733343149744","10000","1889.7439784655269"
"630924","0.668605102765018","0.6264053035177696","15000","6282.2667349657595"
"630965","0.19802763548317381","0.4570776253997657","3600","325.85040500464606"
"630966","0.5773903751469649","0.5761597471696618","19000","6320.712758694558"
"631137","0.6920097367414071","0.6988375200851901","7500","3627.0177622437764"
"631441","0.5362353515631317","0.5454627287466229","15000","4387.445971710457"
"631510","0.5707769442467888","0.5694829625699771","5000","1625.2387258814997"
"631535","0.5825687694519402","0.6171173669128402","7000","2516.593135348844"
"631810","0.17503092456631308","0.5011604903864134","5000","438.59291994220405"
"631931","0.35576821380386825","0.5118504022015828","4800","874.0804959650336"
"632076","0.5558833558654842","0.5736240270488164","20000","6377.360983219387"
"632194","0.5032721345827087","0.5244070859055131","5000","1319.5973675698274"
"632430","0.31577535275580326","0.4920059711991446","2275","353.4516419829201"
"632616","0.6952418578676067","0.6538083714556128","20000","9091.098937203891"
"632716","0.3277521998091908","0.5453657581754062","8000","1429.9586155407726"
"632740","0.6759303891094097","0.6168669273551566","12750","5316.228553507686"
"632848","0.42053456504377584","0.4923457281303775","20000","4140.967932609388"
"633025","0.5249149005581202","0.5803477324661306","5000","1523.1658613829475"
"633089","0.49991707512664163","0.5580016993302679","10000","2789.545774448832"
"633091","0.27260582669954003","0.4520232565389979","10000","1232.241735362318"
"633113","0.26027730799582194","0.5056727325066473","1300","171.099678806838"
"633248","0.5504567055641183","0.5966095239319348","22000","7224.969687138496"
"633367","0.3854687158856398","0.5081229665812823","4000","783.4620297603551"
"633383","0.47816996945853163","0.6124151169368574","10000","2928.3851776164015"
"633445","0.5791971867686486","0.6316963843309471","17275","6320.521179230511"
"633453","0.41696442208397677","0.5223371181917933","2500","544.4899865496275"
"633876","0.4313338022550115","0.587472329788884","10000","2533.966737274494"
"633931","0.35437195388898324","0.506324438843402","2500","448.5679517366984"
"633967","0.6695216910872687","0.6656838308575208","16750","7465.303549766742"
"633987","0.531551610208391","0.5573786832753809","4000","1185.1021463634459"
"633991","0.3812176000175862","0.4934120257785721","5000","940.4867414356131"
"634092","0.5905704297132499","0.6102309262057466","10000","3603.8434031364227"
"634210","0.5337490186426188","0.578554128905221","2700","833.7672860439516"
"634236","0.527905815527578","0.6094467285597663","7000","2252.1133058267055"
"634312","0.5561627318043432","0.5787731468532158","8400","2703.893257370599"
"634340","0.5291397845226083","0.5385978855459138","10000","2849.9356910209735"
"634355","0.6601702924821966","0.656319205102875","16000","6932.519065511165"
"634454","0.45965290934496705","0.5387418797017542","12000","2971.6112686906513"
"634508","0.39942272550292046","0.4896769007805439","2250","440.073185232573"
"634552","0.25558766662305465","0.4728866276747884","6950","840.0047287252785"
"634562","0.4639141876087567","0.5278166597450272","13200","3232.1736072381605"
"634613","0.5630675084691266","0.598565250639561","7000","2359.2285103367108"
"634629","0.22072855580940032","0.48917688691422384","20000","2159.5061556782994"
"634978","0.501513286300671","0.5252449117392649","10000","2634.1730179906463"
"634996","0.3402191999071126","0.5846183986915162","11200","2227.662123162616"
"635021","0.42612359699769153","0.5554513274022181","5100","1207.1236797078557"
"635126","0.4174308487192735","0.5775002816236333","13000","3133.8636250190457"
"635146","0.5628146187855302","0.5943507955321555","24000","8028.223593895361"
"635483","0.40630577363625453","0.49423690242755886","4800","963.8942736019937"
"635489","0.36727610449712234","0.5067407540591502","12800","2382.2562578019715"
"635502","0.2177882480429485","0.4106242720528481","5000","447.14570407150427"
"635605","0.3417774733839315","0.500737184813317","12000","2053.688278258539"
"635735","0.45058094492907874","0.5390341612274141","2000","485.7570434298033"
"635771","0.4472911338125646","0.5718968478402409","4500","1151.119752724319"
"635800","0.5430101136238259","0.6055252318852336","8000","2630.4505997447536"
"635927","0.5073164648059787","0.5767845168184894","12000","3511.3473843261672"
"636109","0.49876508464344094","0.5740981718094711","8200","2347.9890107008036"
"636112","0.3028578108459665","0.49839282613956293","12000","1811.3059231915493"
"636359","0.22852332170179757","0.46330559348211686","20000","2117.522663711121"
"636364","0.4003190098072853","0.5168268426913031","10000","2068.9560990800805"
"636495","0.3296942900735338","0.4859371692249597","15000","2403.160650419486"
"636590","0.48561047543180047","0.5769366150755048","3000","840.4993918224885"
"636674","0.44240539726265593","0.6161718094662595","10000","2725.977341489701"
"636676","0.2598785100886848","0.48598970642131833","6000","757.7896849392572"
"636801","0.5787707308216672","0.6418953353097064","12700","4718.1799505683675"
"636820","0.5424629107872103","0.6036653771094246","14500","4748.258125319444"
"636935","0.4950105128708343","0.5301920550993485","10000","2624.506411147702"
"636959","0.4207551628683063","0.5281723039466334","12000","2666.7746852351315"
"637027","0.4039855663072709","0.47241450336653107","12000","2290.1836880915544"
"637035","0.685696043030944","0.6596190783385284","10000","4522.981919244472"
"637124","0.43297736983863355","0.5604936660833993","6300","1528.8907621176227"
"637535","0.56489998900072","0.6086842628585403","4000","1375.382933574803"
"637616","0.26709443355022455","0.5124302337050773","3500","479.0354205191338"
"637840","0.31658110170767284","0.4640174588766363","6000","881.3949500565618"
"637878","0.6209828895805205","0.647018384539432","12000","4821.448152516202"
"637885","0.5322999351637604","0.6047983119343399","25000","8048.352555745021"
"637929","0.578443466141509","0.6213279365292345","6250","2246.2692826032617"
"637978","0.2615346633111093","0.4699621742302344","23000","2826.962177144009"
"637998","0.2769946919830303","0.4744063729215217","11000","1445.4885185640187"
"638083","0.3436273998312469","0.49796621848776634","5000","855.5741843137488"
"638117","0.29237289473100925","0.5270867163486502","5000","770.5293451655862"
"638181","0.5995353184350936","0.6182588691828321","3500","1297.3380980379754"
"638227","0.6208203253050398","0.6505598710608045","22000","8885.377397212216"
"638244","0.3302450370238249","0.5287599191006687","8400","1466.8108481049658"
"638258","0.27632497609221807","0.4992360313411476","12000","1655.4166130965973"
"638301","0.7315886200488768","0.6906205163213154","20000","10105.002210259077"
"638348","0.2720311954547072","0.458462142639771","9500","1184.8020449637222"
"638399","0.2557699824765427","0.4619724107247072","19000","2245.0148325183864"
"638407","0.6375225185317812","0.6258534261599431","16000","6383.930439635697"
"638508","0.19899765755121324","0.46700224303804827","18000","1672.7823438432117"
"638614","0.2671518645863351","0.4816389385042386","12800","1646.985478128519"
"638683","0.21982937534270974","0.4993061840259031","14400","1580.5751981639955"
"638695","0.3222173857830418","0.4852147681952848","17000","2657.8587805705583"
"638708","0.39728137658219564","0.5228729760298158","5000","1038.638478473773"
"638786","0.2529741569062689","0.4938207568603743","13000","1624.0105651843944"
"638799","0.29083001991907376","0.5051686034234695","4500","661.1318774826223"
"638840","0.39385119410290614","0.5527585072395697","3000","653.1137943805331"
"638927","0.2545355236414071","0.475748008868692","1775","214.94321419178002"
"638959","0.22980707109444198","0.5014853687309194","8000","921.9590702781509"
"639472","0.4274978678684572","0.566113371979493","10000","2420.1225949305604"
"639489","0.6706944234512098","0.6374481708804232","14650","6263.357475023069"
"639644","0.35001788154638935","0.5255302116078049","6000","1103.6698281335375"
"640033","0.31969784925678235","0.5006284193941632","5000","800.249144785682"
"640084","0.45791958076430994","0.529787344083277","8700","2110.619986922607"
"640141","0.493632905597128","0.5935292549399828","1200","351.5826848075067"
"640194","0.2782456984127294","0.4761753930374374","10000","1324.937548026577"
"640319","0.4143239031976955","0.5163778546548782","3500","748.816908929115"
"640341","0.27450276421997466","0.46525960846362313","9000","1149.4354374285092"
"640420","0.5111992426353992","0.6170779018200597","15000","4731.746340861836"
"640548","0.3473370550556325","0.4770892201051116","20000","3314.215294201959"
"640570","0.2667668495123394","0.48594510491517307","20000","2592.6808934832798"
"640618","0.5579767802360515","0.5375076148861675","4900","1469.592164702062"
"640687","0.6222076183770666","0.594322565341812","8000","2958.3362234326196"
"640983","0.34190562909923217","0.515293661256585","16000","2818.908854764469"
"641031","0.7383437473496464","0.6251587763377985","15000","6923.731104146544"
"641071","0.4558035446592493","0.5375651495479342","14400","3528.3470493488817"
"641107","0.37839994179264214","0.5145331711399624","4000","778.7972880389814"
"641272","0.3246695967433244","0.4812925287584324","4800","750.0530458923605"
"641304","0.7100124469542732","0.6619687310190943","10000","4700.060385180822"
"641351","0.43257897110983956","0.5093960754865343","4800","1057.699345062505"
"641427","0.6634320391611883","0.6473517413699952","19750","8482.109245174932"
"641435","0.2928529409017918","0.4838073440653325","5000","708.4220176970883"
"641523","0.4967692837468505","0.5458106974635849","5600","1518.3951397459823"
"641529","0.646642765551855","0.6564934974287262","22400","9509.175664668312"
"641545","0.37785542153287976","0.5254241519527981","8000","1588.2749153574432"
"641569","0.2475796608095161","0.4735244811826803","11500","1348.202850016416"
"641676","0.276832157857399","0.4992119286386296","7000","967.3854080323"
"641682","0.5534283135647735","0.6137643159437676","20000","6793.491005979922"
"641743","0.22619327221748875","0.4866763860422557","10000","1100.829242698796"
"641749","0.3667251104813115","0.5240008683040246","11000","2113.8070395320624"
"641855","0.20269746112972786","0.458355127446845","20000","1858.1484125853665"
"641876","0.4527545470040816","0.585923632186834","25000","6631.989716743403"
"641938","0.3851511414970862","0.5084660758673485","5000","979.1814476642664"
"641972","0.46472563533697553","0.5224762222897785","14000","3399.3133209291223"
"642011","0.47549602503454247","0.5961575761385223","15000","4252.058366221424"
"642049","0.4685659982494472","0.5511093007742601","7000","1807.6175576329224"
"642370","0.399600875571294","0.5165200209657935","6000","1238.4111157682053"
"642494","0.6099009826239226","0.593743666546192","11500","4164.435725012411"
"642767","0.4442056674633599","0.6139821739570263","4850","1322.76165275695"
"642771","0.315512776040882","0.47805546244334757","2700","407.24803635392215"
"642772","0.609070668157701","0.6434673200209039","4975","1949.7874259503162"
"642774","0.33682844387898125","0.5180534028490157","4725","824.4894492190673"
"642780","0.2787445193976028","0.5161027189137969","1450","208.5981662979625"
"642782","0.24419364148572187","0.46814957909577526","3950","451.5606443936511"
"642783","0.23282090842130598","0.4553639751604255","2475","262.3951795389885"
"642813","0.3655754275347246","0.5260040057428198","4750","913.3971616009432"
"642814","0.285911720904788","0.5305329411458671","7800","1183.1475723576093"
"642826","0.26192205538229585","0.5011533182436374","6800","892.589128797013"
"642828","0.23987640080589778","0.4906747491445263","3425","403.12692780960566"
"642836","0.18878771831620034","0.484733187536661","4975","455.2705705242457"
"642839","0.5063061574634218","0.5865432901129097","5400","1603.6405887763099"
"642840","0.3744001110015157","0.5145304661589567","6900","1329.2178191406676"
"642844","0.25075497844789774","0.47532829398319365","1375","163.8875371559686"
"642849","0.23600482111857057","0.47424409753827224","9450","1057.680792687247"
"642850","0.20504988176003736","0.4468646491680245","6325","579.5568624771233"
"642858","0.2747872055317109","0.4792320625969499","6275","826.3349164958917"
"642861","0.5991055961861682","0.5819491908019107","5575","1943.7182692478102"
"642864","0.44062542567398644","0.5917517091096572","8400","2190.2231292459146"
"642869","0.674887240602883","0.6943457006871622","9100","4264.305991047231"
"642870","0.2842889505923458","0.4754496692315685","5625","760.3036173299281"
"642872","0.47358141599947434","0.6114241278103818","7475","2164.4543040795143"
"642983","0.5370695812424388","0.5747113442652781","15000","4629.89971499748"
"642985","0.2740331910183609","0.48643022781651946","20000","2665.960550726981"
"643005","0.7515353690516643","0.6656800247701563","3000","1500.8462492578813"
"643182","0.3186992020617857","0.5127065915875822","6000","980.3950897846819"
"643213","0.7255795944559966","0.6399983072782602","25000","11609.242806187109"
"643253","0.3311562744613241","0.5293951859386956","10000","1753.125374932184"
"643359","0.5288741337051932","0.5976638649150524","18200","5752.819050229997"
"643367","0.48410293279917205","0.5210487755438286","6250","1576.5077523261557"
"643393","0.2414542679069147","0.48334013849076346","5000","583.5226964465703"
"643535","0.6977160258554531","0.6876361671099022","24000","11514.594570009533"
"643539","0.24449696602608773","0.4725536533268366","20000","2310.758690459104"
"643596","0.7759463843495134","0.7399621720712476","6000","3445.025831844582"
"643628","0.3501461953310213","0.5279393551810491","7200","1330.9628873915306"
"643677","0.4838664678919681","0.5950896034225933","20000","5758.878089746446"
"643694","0.6279899833616178","0.670093586741301","20000","8416.24120776793"
"643774","0.2726858826479439","0.4930648221684444","10000","1344.5181623565375"
"643789","0.48986843322622375","0.6142914967151385","25000","7523.050326000921"
"643800","0.6876446801559897","0.6284946455056706","18000","7779.257990792981"
"643806","0.5110677994608438","0.5832328842639235","25000","7451.788668349109"
"643822","0.7745639064671135","0.6679578703167","10000","5173.760573879566"
"643848","0.6423322981964497","0.63479685745186","15000","6116.257865024058"
"643860","0.3585630519716879","0.5221085580557158","16800","3145.10847902151"
"643905","0.6792383561991013","0.6594879976952888","17000","7615.142239288939"
"643919","0.2756654694967754","0.469137585412168","7000","905.275229188602"
"643998","0.36669134419719884","0.5257030587685653","7000","1349.3953288789694"
"644065","0.19730140168353139","0.5018763275005264","15000","1485.3135433145535"
"644089","0.2023731420510253","0.4128898981835998","25000","2088.945650413575"
"644130","0.4995682215415259","0.5560033146913241","8000","2222.0926967323053"
"644191","0.4439481077822366","0.5313756708552982","10000","2359.032235977262"
"644291","0.24053600922029472","0.4788557173683745","7200","829.3107113863932"
"644361","0.679365594759712","0.628656037179907","18000","7687.571086764202"
"644362","0.5122299272225572","0.5739106436223881","3000","881.9226216448404"
"644453","0.42721129392555013","0.5045009672623723","5000","1077.6425550542483"
"644561","0.6028138790783655","0.6380104515448941","10000","3846.0155518831716"
"644793","0.3466829353356403","0.5094981394551301","10000","1766.3431053435195"
"644827","0.42488098583671663","0.519877998458277","23000","5080.384359494751"
"644914","0.2982673999552329","0.4864552871631224","8000","1160.7500295729656"
"644927","0.268582018373397","0.5252977585208932","3000","423.2565966916884"
"645000","0.49648455428727645","0.5652782986480214","10800","3031.040996847355"
"645126","0.46435655424389144","0.5367305794945914","5000","1246.1718122571774"
"645228","0.3950338722761312","0.47692384887492706","1000","188.40107480189883"
"645336","0.5130655457032003","0.6056775943585028","12000","3729.0276656369615"
"645340","0.5587715734370381","0.5898659052527158","16500","5438.4049499162265"
"645367","0.5779416629526422","0.6437249494311574","20000","7440.709355166972"
"645433","0.4907879740874038","0.5577548186675282","18250","4995.743274216653"
"645481","0.12112949575422238","0.3164118685015806","4500","172.47064537011502"
"645522","0.7076042029569458","0.621215983386933","5000","2197.8752039431297"
"645928","0.265226444579606","0.48630067506934466","8000","1031.838392362436"
"645980","0.32712442505867567","0.4954721667843988","20000","3241.620953838454"
"646208","0.31749762314471197","0.49519140589149213","20000","3144.4418874447415"
"646216","0.3709950041298896","0.5056040666442899","1000","187.57658279278732"
"646416","0.3413780223792635","0.5282181636364335","4900","883.5781532263582"
"646509","0.49063284006176144","0.5456246711642221","4000","1070.805528084268"
"646519","0.5304943942036061","0.6112803949590405","15000","4864.212342185059"
"646550","0.5698266731876479","0.678077056701883","25000","9659.659834632652"
"646576","0.35461592736274006","0.49872532519414825","12250","2166.485310239336"
"646629","0.32433800621494424","0.5057801496417096","24000","3937.049407629318"
"646686","0.5422358548723684","0.5498142348974921","8000","2385.03193344511"
"646690","0.3663806581711869","0.5190821787478307","15000","2852.7250544184585"
"646705","0.5270394164994806","0.561948829184226","9000","2665.5226473223865"
"646755","0.4296072572824172","0.5260631647925544","18000","4068.0099609090767"
"646801","0.4823165656566266","0.5919186139875825","25000","7137.303826168031"
"646871","0.3900169432489209","0.5112350793924422","10000","1993.9034294625967"
"646908","0.40561526241939494","0.5390181087804004","7000","1530.4378014923764"
"646950","0.3838855125051036","0.5704551258350907","12000","2627.8735001084065"
"646957","0.5446080511762265","0.6338087636953115","16000","5522.837689832272"
"646959","0.5357766261302728","0.6005847649305134","7000","2252.454953417994"
"647083","0.34743040847736895","0.49134292452127054","20000","3414.1494593778016"
"647126","0.4692262500715475","0.5283403863368754","5000","1239.5558912110237"
"647166","0.49425355802089155","0.5940424488503288","15000","4404.113909395777"
"647185","0.587399923997679","0.6011917350374842","1000","353.139979469051"
"647537","0.7185298828967432","0.6609715592339991","9000","4274.350353490348"
"647643","0.6561865784543184","0.6482506348478495","23075","9815.490421872577"
"647699","0.7309125387845683","0.6270985959862319","15000","6875.313402908025"
"647890","0.2741188037687221","0.511950742878751","14325","2010.3035338686364"
"648081","0.3860071832867856","0.49298674596539593","8000","1522.371401662565"
"648089","0.519156830214379","0.5637487006582272","4500","1317.0329481204"
"648204","0.54076064093456","0.6024627947527065","25000","8144.704175742495"
"648219","0.4230937965972986","0.6343786840481515","25000","6710.042147858264"
"648247","0.2704739871583043","0.49307391232967696","12500","1667.0458378943986"
"648333","0.36342667728024103","0.5220385935922329","10000","1897.2275148127535"
"648376","0.5627284332713027","0.5412914791398235","9000","2741.4009539951303"
"648522","0.37972101409658177","0.5183254014426042","10000","1968.1904706780351"
"648535","0.6149237452494911","0.593831371138636","6000","2190.966064723264"
"648547","0.5285329281766304","0.5735184935771027","12000","3637.4809052850733"
"648590","0.6115536822719501","0.6296865332085828","25000","9627.177951519185"
"648667","0.48673387658204614","0.5461053571484351","3600","956.9087190254903"
"648749","0.6485028792488655","0.6220300989150016","12200","4921.337383535189"
"648886","0.39747478253767143","0.5658266040342822","20000","4498.036127851109"
"648957","0.5443249759151976","0.638101133930544","20000","6946.6876871640725"
"649082","0.572854319673527","0.5930428966668813","9200","3125.490102987381"
"649145","0.4756412308982162","0.5410570474501214","12000","3088.188480423964"
"649221","0.6705183674194632","0.630812768555443","17500","7402.002085085079"
"649236","0.2727304635936074","0.44794866966214497","12000","1466.0309801171582"
"649279","0.4715061458472497","0.5583391897735174","7000","1842.822516119111"
"649348","0.5405715684508035","0.5795457503452869","10000","3132.859552531495"
"649440","0.482702099594162","0.5727970127147743","9000","2488.412886108169"
"649483","0.2505771242762682","0.533973669994199","1475","197.35734033292738"
"649498","0.372570139064083","0.5476968603139365","3250","663.1803600894061"
"649566","0.5573908792156761","0.6194243805608449","25000","8631.537502210871"
"649586","0.4728242858100802","0.560617432236559","4900","1298.860331348667"
"649673","0.6561445755255517","0.6442197540900805","10000","4227.012970926112"
"649879","0.4602540033506666","0.5009942920896666","7350","1694.7970201372516"
"649929","0.3931491924720373","0.5388638503622672","7000","1482.9772133560866"
"649984","0.4217599161139698","0.6011923778740422","5000","1267.7942343025702"
"650013","0.5926004464589547","0.654988752978051","16000","6210.346039046192"
"650110","0.34185393072698467","0.5064704963081706","20000","3462.7785992038985"
"650146","0.18568343104090557","0.448823069744179","7200","600.0408541469579"
"650515","0.45515484779030924","0.4876561648396665","8000","1775.6725398528347"
"650616","0.35166120054464545","0.5114846407872704","20000","3597.3860567879647"
"650687","0.38803081997399835","0.5135716240659706","13000","2590.6610392220555"
"650699","0.5959492385575377","0.5952812491899013","2100","744.9905550828332"
"650821","0.6145544436904213","0.5844506680431232","8400","3017.084743375388"
"650913","0.3798522565992505","0.5165892567428026","15000","2943.4139236302476"
"650922","0.40515048128378406","0.5463505112481","3600","796.875021294513"
"651216","0.6015513407176166","0.6407150264830618","25000","9635.574579970227"
"651219","0.5270209900024871","0.6176382324148889","25000","8137.707817767025"
"651340","0.5092336113378726","0.5094977750834737","10000","2594.533919743685"
"651345","0.5438401082247546","0.5909372961047847","5000","1606.87701533835"
"651455","0.35344586591522076","0.5456682367302018","7500","1446.4813682515337"
"651503","0.6609588914018962","0.645094919947778","10000","4263.8122313767835"
"651549","0.4780578371218711","0.5752097235819975","2300","632.4620875982819"
"651578","0.6143852064656761","0.6198939215675754","7200","2742.146315921609"
"651601","0.5194708363887928","0.5787869690615145","8000","2405.303607274554"
"651642","0.3272730716733514","0.5352014859284104","6800","1191.0678329947432"
"651657","0.2144005501276599","0.4778354489931039","7000","717.1372819423319"
"651668","0.3252108135316284","0.51874897108624","1500","253.0541623584769"
"651678","0.5813340592285041","0.6361616680908468","23800","8801.774187116514"
"651689","0.591120385942232","0.6660969243273063","20000","7874.86941966582"
"651704","0.5569822264139184","0.5545276403555075","5500","1698.7412185329697"
"651737","0.49769060782576047","0.5364361711480418","6000","1601.8754644703554"
"651829","0.5155464813610922","0.5706155860874246","10000","2941.788576171691"
"651929","0.25791218886399425","0.5131587433906276","11200","1482.318821116823"
"651975","0.3538844886728335","0.5134551549883921","13500","2453.001502223218"
"652229","0.6021741204092936","0.5973858563353966","7000","2518.112118086041"
"652280","0.2728357264539494","0.4901141862466098","12000","1604.6479205997605"
"652367","0.4890093864733678","0.5846089896316616","25000","7146.982083664857"
"652380","0.4534604523703616","0.5690242122481496","12000","3096.359720348815"
"652545","0.3727682695538006","0.5151720452068677","10400","1997.2138348682665"
"652738","0.5913686511313965","0.637809082654686","17500","6600.655195554964"
"652782","0.31663393654299044","0.4791871029521965","5500","834.4979431161187"
"652902","0.29671103663958254","0.47723100867191676","10000","1415.9970729959803"
"652916","0.5468530799108744","0.5825724095583106","2400","764.5956394513476"
"652958","0.3665326446435847","0.5114707222711586","12000","2249.648597901746"
"652997","0.28847328829847985","0.4659917128761331","6000","806.5569703993152"
"653074","0.563409642682295","0.5905687732471869","10000","3327.3214151451884"
"653136","0.5993285687598793","0.6285395475174871","20000","7534.034148452753"
"653281","0.23529944189161933","0.4721557129116783","1000","111.09797573405756"
"653289","0.7139582720098894","0.6495854547195126","8000","3710.2152701944115"
"653370","0.5273596817137243","0.6077367050637059","12000","3845.9500241777214"
"653507","0.45372681619307265","0.5537444990811584","7000","1758.7410998676528"
"653841","0.28576526472521735","0.4806579351055658","10000","1373.5534206771836"
"653843","0.4635075078852655","0.5129204978040763","12000","2852.910020165247"
"653891","0.7288497667802929","0.6858664793048143","21000","10497.766093158423"
"654087","0.6484483288759917","0.6402934364962026","8400","3487.6565546443194"
"654161","0.5058296479701747","0.6564508639600793","15000","4980.784641399659"
"654179","0.3307749988920554","0.5193984510142192","25000","4295.100551469091"
"654310","0.5567870752326478","0.616373663543453","9600","3294.6133379979965"
"654672","0.6978448793114442","0.6376705238543674","8000","3559.9608780769313"
"654709","0.3642928371531271","0.4980946100668646","5500","997.9876426956627"
"654915","0.7101382333334276","0.645217476445727","22000","10080.259174458462"
"654916","0.506773916548448","0.5511630847984603","5500","1536.2329132713203"
"655115","0.6080075963338789","0.637319694157897","4000","1549.9808613647433"
"655197","0.47772119986591655","0.5751419063273769","5525","1518.035085750965"
"655264","0.433748405910131","0.5976557293560187","11000","2851.554418803528"
"655306","0.6325646440561105","0.5618789215793226","10000","3554.247400314554"
"655357","0.41688713406951194","0.5732961731398846","20000","4779.995971866104"
"655533","0.6589351120064411","0.6501284627760214","15000","6425.887071568396"
"655655","0.24447014821708346","0.47458087955844097","10000","1160.208579666459"
"655691","0.37418974537958216","0.5476381307113914","20000","4098.411453820918"
"655822","0.5594877064243644","0.6244250839705724","7000","2445.507106451757"
"655887","0.3334333467799919","0.4908359680584823","14500","2373.085653471186"
"655951","0.31451761590868765","0.49423375604012","8000","1243.5617812106761"
"656039","0.32492084714852576","0.5000534260350812","16000","2599.64452490946"
"656074","0.31369602937386454","0.4910001838876199","14400","2217.957236746325"
"656099","0.5154444125436463","0.5574598275247111","4800","1379.2298559127541"
"656269","0.26352782388822216","0.48684610530825345","10750","1379.1980680286579"
"656292","0.385601865888449","0.552996129475252","6000","1279.418036128485"
"656304","0.5185436434091959","0.6251634741775474","10000","3241.7454562637618"
"656319","0.2740116858880961","0.49583698844087243","8000","1086.921033026879"
"656425","0.6498580718381408","0.684190558677071","30000","13338.802716952252"
"656652","0.48697000651826206","0.5519876022564812","20000","5376.028125376771"
"656851","0.3542842131660081","0.5244250002099804","15000","2786.932478459648"
"656864","0.29260579244692086","0.5251013413476132","6000","921.8861645997567"
"656945","0.6036834932929394","0.6350551103222444","5500","2108.54758088076"
"657003","0.5396497202441874","0.575787925706077","1200","372.86855163271855"
"657010","0.41944328928983443","0.5279350619942431","10000","2214.38818934298"
"657025","0.7952898253227325","0.7743504535515383","13800","8498.495909821426"
"657044","0.475263741428643","0.600931760765505","15000","4284.016154470743"
"657167","0.5972950627780224","0.6547286582051647","11000","4301.728145057466"
"657220","0.3002420843649408","0.5208905570670496","6500","1016.5562327688697"
"657326","0.7725155757660811","0.6248606907092729","12000","5792.575395082381"
"657350","0.42792652110048","0.4880792986514456","10000","2088.6207629307532"
"657352","0.309514500516593","0.5033174593640483","17000","2648.328884617848"
"657408","0.25422687659737797","0.4502138304323128","3000","343.36936773524525"
"657427","0.5980594350355966","0.6258735299815027","10000","3743.09569744472"
"657465","0.38396888154108855","0.5626521325933266","10000","2160.4091004856787"
"657487","0.48442747924940643","0.5571764426657537","4500","1214.6021082797513"
"657563","0.5364658538587296","0.5869752607787653","13475","4243.172185701324"
"657682","0.5539711473646007","0.6190506962537021","12000","4115.23469376622"
"657924","0.4781606151185711","0.5772409636127583","14000","3864.194519257986"
"658070","0.3575449709413473","0.5443401525699704","11500","2238.1999663776437"
"658204","0.25211548409638307","0.47708530079407896","10000","1202.8059156496774"
"658285","0.5823835994047104","0.5867665866311024","15000","5125.848550989558"
"658311","0.14903941630421202","0.48686401162346704","8000","580.495424895109"
"658339","0.35706865729486637","0.5016194027985291","14000","2507.5759328245294"
"658390","0.28737578356078497","0.4939850063014174","9000","1277.6339542783421"
"658423","0.2903045499688618","0.5290495633523296","3000","460.7564862006626"
"658485","0.4991772750481541","0.489553132247274","6700","1637.3044502614352"
"658711","0.38153938715233926","0.48755038135479123","13000","2418.2557582039526"
"658784","0.34638820633948053","0.500587591465857","12000","2080.771655083906"
"659024","0.614596973798613","0.6244014617667278","2000","767.5104976745226"
"659102","0.3662302133496028","0.5508445901584459","13600","2743.6086721563493"
"659105","0.3776398970704462","0.5380896671972017","25000","5080.103163375548"
"659193","0.40726263531210294","0.594654870642188","20000","4843.614194378303"
"659199","0.3977790480137844","0.5193469313714829","3500","723.0486478244004"
"659210","0.6314036986880751","0.6767402830201523","21000","8973.222672752918"
"659238","0.5477824714685586","0.5733850828908036","25000","7852.257445228218"
"659365","0.2923493474406509","0.5232855216188464","4500","688.4198134668467"
"659597","0.5726178194628988","0.5709035355381389","15150","4952.679495299156"
"659704","0.3668215207058403","0.5172174183404703","4000","758.9059197248004"
"659800","0.31332608731913625","0.4753447461884352","7500","1117.0343208819772"
"659863","0.3110847769212365","0.47744720990874495","13000","1930.845264219673"
"659884","0.29800245338175113","0.49800733107717887","5000","742.0370323154865"
"660157","0.5975947515424765","0.625367148344933","10050","3755.847062662074"
"660184","0.42702037982201146","0.5817899608531082","9600","2384.9872325772235"
"660199","0.28673680607983676","0.48238154879536815","4800","663.9194141444582"
"660256","0.50980296715796","0.5905421878294356","1800","541.9082872573193"
"660294","0.4071672964662447","0.5085769782087152","10000","2070.759132622148"
"660306","0.3416058158687134","0.5071353972319445","6800","1178.0347276657926"
"660366","0.2101059356813878","0.5024939919683038","9600","1013.5389154250519"
"660390","0.6672101099821277","0.6427942502555378","2400","1029.309173781304"
"660394","0.36315118707961447","0.5057482422102935","1000","183.66307452209645"
"660403","0.48628040087730295","0.54599056178012","18000","4779.08116663789"
"660413","0.6120618835811946","0.5549826951802361","4000","1358.735015067933"
"660531","0.16653667193483013","0.4855461183981883","5000","404.3061731445464"
"660576","0.5680902333704205","0.5935435159976357","4400","1483.619607881826"
"660681","0.6936542392508239","0.6429839354707285","9000","4014.0767934850414"
"660724","0.4490551332618534","0.5764797765040054","9000","2329.840825746927"
"660798","0.8560547100723364","0.6785352970278987","25000","14521.583424276612"
"660801","0.5706482865321097","0.5947879593300173","15000","5091.220947624068"
"660817","0.3059072326458754","0.5611105943087946","6000","1029.8867346797151"
"660819","0.4871428685425586","0.5377317241045716","10000","2619.5217458663674"
"660921","0.313438512576248","0.4793752830045033","10000","1502.5467567074945"
"661052","0.3054721365778953","0.474261386376907","5000","724.3681949647425"
"661158","0.16929371811306715","0.49267933996839497","5000","417.0375865037072"
"661230","0.48373939204177474","0.5582848210454974","20000","5401.287198373999"
"661459","0.28766590775043743","0.5035577923725117","6500","941.5666614096917"
"661467","0.5839535144753312","0.5796768369635862","20000","6770.086524096595"
"661496","0.654795529299292","0.6435319394034169","13550","5709.723889760046"
"661548","0.24606259666148644","0.4737862106032811","8000","932.6485219475937"
"661658","0.4607281049272932","0.5374334372942038","5600","1386.6198588990708"
"661746","0.27614904176947064","0.48060794768591","10000","1327.194242202559"
"661768","0.4177992569248199","0.5518000880397137","3600","829.9500003145533"
"662029","0.3347431828114916","0.5086319194600738","17000","2894.4381491929175"
"662126","0.6727363224463602","0.6795862818290229","20000","9143.64752045305"
"662146","0.5082508857770012","0.552120945208215","10000","2806.159594581104"
"662268","0.17821130169495758","0.469534947601263","6000","502.05860521976865"
"662361","0.30284268174985696","0.5281333312278851","7000","1119.5892004537673"
"662367","0.41218413844919044","0.5601041282378639","5500","1269.7632064675734"
"662576","0.66672403881392","0.6625886557044558","13000","5742.929199846289"
"662673","0.27832411788077727","0.5263748038507795","25000","3662.5700739108843"
"662688","0.5813582094983947","0.6106310722446493","6625","2351.8444377105516"
"662743","0.5493851606576436","0.5590612080295081","25000","7678.498289768691"
"662771","0.8224858335225342","0.6860996872242179","10000","5643.072731261609"
"662849","0.43162552005676846","0.5911067359785129","20000","5102.7350465156915"
"663249","0.33919857793355723","0.5071016399973902","18000","3096.1467927880103"
"663263","0.7180721842010978","0.617735676576299","20000","8871.57613076172"
"663508","0.5530854797123566","0.5722358934387635","4200","1329.2805272510714"
"663607","0.46580967654218475","0.5587317708282379","9600","2498.5215882560983"
"663626","0.3103399069424124","0.5266118115557938","9000","1470.8579453370025"
"663698","0.5348302476845752","0.5620867017432771","12000","3607.4516389627543"
"663867","0.5169361753876742","0.5807078516587223","14500","4352.7389898837655"
"663899","0.41466467709932675","0.5390820046536232","5000","1117.6913269487623"
"664046","0.5720715474762557","0.5926265633113461","12000","4068.2975417886837"
"664117","0.4895913903988254","0.5284941826097322","10000","2587.4620168158954"
"664211","0.27910707669989165","0.4848843063479584","6500","879.675168335817"
"664402","0.3656689977681383","0.4920888475375171","8000","1439.5330855353768"
"664424","0.28874532739216185","0.5078107061656428","15000","2199.419529075652"
"664509","0.4619387669171465","0.6497286726696548","32000","9604.31558027951"
"664618","0.30184286415213635","0.4897027856778556","10000","1478.1329141228368"
"664666","0.2643694744647813","0.5141449079116158","8775","1192.7350226317844"
"664740","0.4381910979520207","0.49167529006609395","7200","1551.2236933675679"
"664844","0.6510856037729134","0.6602855783549373","16000","6878.438951132346"
"664913","0.27242923172784006","0.4834076670022337","12000","1580.3325519931927"
"664978","0.4252840284213629","0.587844299784703","20000","5000.015837939477"
"665019","0.43115734722604326","0.5696081147335935","24000","5894.177368967133"
"665143","0.3649950950892842","0.573149069213965","7000","1464.376193126601"
"665168","0.6359279733678831","0.6239184638825038","15000","5951.508064254051"
"665272","0.35757361477187755","0.49138978717025517","10000","1757.0802246045173"
"665294","0.19737378052449794","0.47523734110571747","9000","844.1945159440127"
"665402","0.4785913152407614","0.5535410021326824","1000","264.91991625036957"
"665482","0.3662191198958634","0.5125290466110471","13000","2440.0731728225273"
"665520","0.35264658992376074","0.5106124420651018","12000","2160.788837602824"
"665860","0.365000021276494","0.5086936110643451","4800","891.231258536172"
"665941","0.4023500118159602","0.5258508667295498","5000","1057.8805122103365"
"665951","0.5057491842382464","0.5613804286377885","15000","4258.765407463179"
"666024","0.37201378402506924","0.4897703410212383","14400","2623.698977278456"
"666036","0.6730490702128091","0.6421966520479576","7200","3112.0549887935285"
"666077","0.4035398617558309","0.5231967035291462","7200","1520.1412229754583"
"666129","0.3749735971408572","0.5647548087460212","18000","3811.8265584856636"
"666295","0.4480166933852202","0.5611741898651147","10000","2514.1540495649842"
"666334","0.6541261807580603","0.6378727323174148","15000","6258.738813007486"
"666364","0.583412641989548","0.5867723256596633","5000","1711.6519637972783"
"666366","0.6562208379935308","0.6286944132880992","6400","2640.399198270513"
"666590","0.2740203408155595","0.5154953587329657","25000","3531.4053472211585"
"666595","0.5059647718858351","0.5690371840500552","14400","4145.943873923196"
"666636","0.2649786712904687","0.46614732938447306","5000","617.5954998294907"
"666953","0.5576750800588464","0.6366948156463815","10000","3550.688322886482"
"667139","0.346283713563903","0.49481203512803906","10000","1713.453490402498"
"667189","0.49004143853862414","0.5563590944029362","7200","1963.0008789498795"
"667320","0.6758673199285532","0.6076548749944503","10000","4106.940718040191"
"667593","0.4117292003763975","0.5411352503264917","8000","1782.4094712992649"
"667624","0.8238581221596678","0.7262554708211715","13700","8197.141117065144"
"667654","0.46658114406450213","0.5126232196300119","12000","2870.1639394679937"
"667685","0.41563955794269514","0.5081215487547982","15000","3167.9312385840294"
"667780","0.24074525213853204","0.5139116003167552","12000","1484.6613335420848"
"667916","0.20528432154397636","0.4753917953134941","6000","585.5428930110212"
"667962","0.2751637676857044","0.48240415154123795","12000","1592.8817266237502"
"668020","0.5346574356776961","0.5886607168241842","1500","472.0977440121191"
"668038","0.5861841494250468","0.6563634689004514","20000","7694.9972346216855"
"668111","0.3175744508041829","0.5069702009166323","7000","1127.0054819113004"
"668278","0.505641743410455","0.5280744844457154","8000","2136.1320237256696"
"668301","0.35558092319040946","0.4970833105850887","10000","1767.5334248039087"
"668438","0.3639460951079072","0.5276436934830065","20000","3840.6772370290746"
"668594","0.512754272083191","0.6318067431246597","30000","9718.848200044094"
"668646","0.36329927885547597","0.5354502032526908","25000","4863.216817618015"
"668663","0.4670388530850246","0.5037698781340632","10000","2352.8010610251545"
"668700","0.4163321507421853","0.5241515577065533","12000","2618.653744018032"
"668826","0.24661590303896042","0.4813660338896812","12000","1424.5502296798386"
"668830","0.3392880393640776","0.506902245062437","3000","515.9576066294503"
"669015","0.45298013442959817","0.62818303111321","15900","4524.415498692864"
"669149","0.6257466437259509","0.6565949071964325","30000","12325.861783971595"
"669203","0.6336022528602647","0.6349506100632898","17000","6839.204328848698"
"669219","0.4744520880787356","0.5434203726684573","4000","1031.307722068297"
"669263","0.6517183948202312","0.6496962606729781","12000","5081.028049517998"
"669409","0.30649327095859746","0.494090333806321","9000","1362.9182630159216"
"669437","0.3856065407749303","0.5127635862376018","20000","3954.4998544885852"
"669474","0.49635041046523676","0.5611588578067069","5500","1531.9228617470933"
"669514","0.4998774689579226","0.6316811359901825","18550","5857.406756146261"
"669579","0.7168812742552202","0.675046284956869","30000","14517.841228233981"
"669582","0.3484694685606393","0.47667429090510904","7000","1162.7450577975605"
"669586","0.3625535300834015","0.5337047701189591","15000","2902.448226434684"
"670022","0.6884119066116479","0.6744888314863661","30000","13929.784274153752"
"670083","0.4998857440216712","0.5842407242111165","14900","4351.598775739506"
"670105","0.6513541610816571","0.641603994389001","3000","1253.7342945356638"
"670165","0.60466866393866","0.6186577564754763","7000","2618.580713303206"
"670277","0.3223286491217172","0.507116470222171","1000","163.45816679408588"
"670337","0.41333565151921436","0.5779707293734918","10975","2621.88259013129"
"670353","0.6355089033063315","0.6506730786715278","12000","4962.102415649963"
"670357","0.4878741289814088","0.5457565104005424","2100","559.1470125099554"
"670431","0.6291404731964975","0.6364260656573628","16000","6406.422337636134"
"670547","0.5883494931178892","0.6530876336912057","10000","3842.4377824378257"
"670563","0.47211626848734667","0.58215082376069","10000","2748.42874610732"
"670585","0.23543311331320038","0.5160347923849886","6000","728.9500664947732"
"670596","0.5262572080434196","0.5814081038941487","10000","3059.702054891531"
"670599","0.3989134830908547","0.5270959461532353","10000","2102.6567980305667"
"670629","0.805801289780753","0.6945270593539539","26000","14550.920805591291"
"670653","0.4267126802078919","0.5131413664029988","5000","1094.8196389168174"
"670785","0.5040570256906596","0.4835624831236297","10000","2437.4306697888655"
"670942","0.2982929264904163","0.46777179262511115","6000","837.1981017108751"
"670997","0.29941925925811086","0.47612170821055516","12400","1767.7441139449743"
"671030","0.38897578859668247","0.5196721292410547","10000","2021.3987628325633"
"671101","0.45664830645940635","0.6480576335115795","6000","1775.6065249869205"
"671136","0.4374480946516839","0.5451643128666512","6000","1430.8865396136664"
"671193","0.2946758221357184","0.5495161642189891","20500","3319.54711309599"
"671238","0.6588577127513158","0.662408573751298","20000","8728.659956172829"
"671373","0.5642522185402732","0.6463114188403564","20000","7293.653038971655"
"671498","0.544787953497672","0.5669828932563733","5650","1745.2027929821065"
"671613","0.44363585151074036","0.5088996678615557","4000","903.0645499411769"
"671761","0.5299036009730449","0.5864005710654664","25000","7768.394355506014"
"671846","0.27262758260906617","0.47463243464056865","6000","776.387359703483"
"671932","0.4794102340497355","0.5652880816073776","9000","2439.04402358027"
"671943","0.46749624855135896","0.5337164023070635","12000","2994.124990426561"
"671962","0.6295077694078933","0.6502523423887484","16000","6549.422425750379"
"671975","0.40614982726515414","0.5141115301224892","20000","4176.126183085462"
"672051","0.6586658164330712","0.6897492854264414","25000","11357.856905488363"
"672089","0.5971982093606838","0.6291003603130038","30000","11270.928260612605"
"672300","0.2938300913607639","0.5371162077075919","7000","1104.7463306744814"
"672315","0.4491301707554285","0.5674767033637771","9600","2446.7607233424083"
"672343","0.41036881608771447","0.5316445227404494","10000","2181.703333765162"
"672419","0.444768857511616","0.562533818906343","9000","2251.7777155195845"
"672476","0.5255948796501488","0.587122615035749","14825","4574.826590810749"
"672605","0.4150426883541797","0.5386137439763301","6000","1341.2861777066755"
"672671","0.3488802193375694","0.5008312475740847","10000","1747.301155047552"
"672712","0.41837766229865736","0.6131494124837766","20000","5130.560356695153"
"672866","0.24546478069242617","0.5013134051384441","2000","246.10957010096317"
"672974","0.18125517103292343","0.49550331279170684","4000","359.2501508297639"
"673008","0.20286278193465024","0.472307866625733","11000","1053.9505652864755"
"673062","0.27743981024230935","0.49165555460140314","2000","272.8096475463813"
"673303","0.5238203523554222","0.5778064840738771","6000","1816.0007764849558"
"673432","0.28324112069830987","0.5063987457582342","13375","1918.4156830949426"
"673461","0.7163134944333454","0.6837777007641411","15600","7640.86743029938"
"673623","0.4863145354166777","0.5907088450975334","5400","1551.2596068786975"
"673721","0.36248366346534644","0.5142445077995477","20000","3728.1046620822794"
"673800","0.5266786023257144","0.5723258855245681","20000","6028.635949258127"
"674071","0.6385754382391329","0.6224104665695085","13300","5286.165284841486"
"674085","0.43335025836020624","0.5251459305743106","16000","3641.153995059015"
"674099","0.6927647888924418","0.6697490157226085","6000","2783.871212927961"
"674275","0.40606701783358756","0.5917240961384463","8875","2132.4817970055237"
"674320","0.5218995642467692","0.5660228628998626","4800","1417.954010405506"
"674426","0.6273112091273659","0.6457777235202268","35000","14178.626159914693"
"674490","0.5085895333333721","0.6283862053635504","14000","4474.269057145672"
"674492","0.4959017007310892","0.5170900327190769","12250","3141.216376541939"
"674511","0.787949777685148","0.6632054887102431","25000","13064.31543472015"
"674628","0.3551102674007618","0.5095862179452236","10000","1809.5929811827125"
"674647","0.34932392258912826","0.49872692643611316","10000","1742.1724624348265"
"674720","0.37862805316535253","0.5558469302106228","2800","589.28587492204"
"674788","0.4570082532965172","0.5498944873606033","5000","1256.5315958302654"
"674848","0.8766233689017728","0.7049746579197819","15000","9269.95889424021"
"674851","0.49453621388035274","0.5649431747454445","8000","2235.078869569269"
"675017","0.5817525847132454","0.6698922671060743","20000","7794.231157367491"
"675272","0.30565762966529353","0.48360852028658174","4000","591.2745359869464"
"675276","0.3135906490478093","0.49686600477218534","10000","1558.1253292630151"
"675281","0.19083041829718317","0.4881291863120052","3000","279.4496904209508"
"675283","0.45161386004004733","0.5554018575226242","12000","3009.926120990456"
"675301","0.2957575767568881","0.48827603720536317","10000","1444.1133755231433"
"675333","0.5007125255575325","0.5939551742171335","10000","2974.007953502252"
"675529","0.5290603407035799","0.6192780004420502","6000","1965.8125794246166"
"675607","0.5273669590059791","0.6068298251442803","30000","9600.659985614073"
"675642","0.3377170964428903","0.48993082257327597","6625","1096.159348429769"
"675652","0.23533446707475647","0.47364099289560296","2700","300.9529367491822"
"675702","0.2613115751097256","0.46630307834780865","4000","487.4015675263186"
"675737","0.3119381912836744","0.4857844456589167","7000","1060.7430493280942"
"675855","0.7350685630008967","0.6856245766062236","16000","8063.69715654456"
"675864","0.3673746902912397","0.484679488402839","12000","2136.7077233101136"
"675920","0.6263937915096569","0.6034704714621388","4525","1710.4959589918844"
"675933","0.7476428080167778","0.6617480655704769","13650","6753.353633518977"
"675966","0.45309715875006107","0.5348211845668954","8775","2126.4102916869356"
"675971","0.21977223372003563","0.4848565106805338","1800","191.8043970947338"
"676021","0.5938326473147746","0.6290464747536306","7000","2614.8383337088253"
"676203","0.2628548287487066","0.4898119980697462","10000","1287.4944887168494"
"676204","0.2695323631598524","0.47424916886400487","21000","2684.3354834207335"
"676226","0.5942628482595163","0.5781351430843219","9925","3409.8750503215047"
"676230","0.3544513063990343","0.5280399902886042","15000","2807.466965830937"
"676285","0.7283216234176353","0.6945256520462774","15875","8030.179050156142"
"676308","0.4124274337745908","0.5315611538771997","2725","597.4028470518473"
"676382","0.5490257487610704","0.5799332327173603","14000","4457.575882537076"
"676430","0.6176229822410003","0.61555034345857","10000","3801.78038846354"
"676502","0.3642997395213614","0.5328083014492068","10000","1941.0192543276503"
"676543","0.5451527671924512","0.5779705872073206","14550","4584.446955341389"
"676546","0.32018919364972265","0.5451501193189489","6000","1047.3070627367058"
"676629","0.20216762070592809","0.46460124674909287","5000","469.63664316135953"
"676756","0.6729515977581213","0.6571384741392808","35000","15477.783514212702"
"676779","0.5438972440361054","0.6503311647481432","30000","10611.399846519165"
"676800","0.661351312324467","0.647412179698905","18000","7707.00410385686"
"676812","0.4593575504487566","0.5331572413381518","10000","2449.0980438510996"
"676867","0.29336913019472577","0.540704127409717","15000","2379.3884932633027"
"676959","0.3105839717040916","0.49129738207727697","8500","1297.0072838137578"
"676980","0.6771653326003282","0.6429853456893954","19800","8621.066232323748"
"677017","0.3015537213719408","0.485375421232513","10000","1463.6676453513762"
"677032","0.2514564558171556","0.4764071483177103","12000","1437.547836503153"
"677131","0.43266800334282474","0.5407743658311088","6000","1403.8545907387688"
"677202","0.6224491730422022","0.6510227146416592","19200","7780.388166919493"
"677347","0.3692067610313694","0.5490146900598665","15000","3040.499032134667"
"677398","0.4928033653491194","0.5756754096231514","12000","3404.3373505322625"
"677569","0.4548899296640001","0.5803741173999043","31050","8197.39690180045"
"677605","0.5365203637742266","0.5597149450271515","15000","4504.476988737579"
"677677","0.26375600860439063","0.45843831580998545","3000","362.7475811080826"
"677760","0.3659804890901993","0.5058676098527498","4000","740.550701075198"
"677798","0.33910368130541735","0.498894285676612","7000","1184.2382219862297"
"677855","0.5897654212466319","0.6446129545197237","15000","5702.556459950412"
"678079","0.5052150913652766","0.5401041215003529","9000","2455.8187778150696"
"678117","0.7552026470040349","0.700134691447507","14600","7719.656154711453"
"678125","0.30899478808218406","0.490802308846082","10000","1516.5535541214176"
"678133","0.43729818857257907","0.5536807097649138","8000","1936.9885714222135"
"678349","0.25015899858683477","0.48176671870403687","6000","723.1096794208031"
"678533","0.2132870967067957","0.4936343935979756","5400","568.543571883712"
"678544","0.5204557329262456","0.6211074237162625","25000","8081.472985904489"
"678561","0.593805978448491","0.6313764469055053","10800","4049.0831752997974"
"679002","0.6460297026832403","0.6820476307830903","13000","5728.099365697907"
"679022","0.5153004771428769","0.6025456067890294","13000","4036.3965028235043"
"679067","0.47537253242654265","0.570269336362012","6000","1626.5422715496811"
"679090","0.3028471420759766","0.5438788979404944","2400","395.3092077041052"
"679105","0.18229879599732945","0.5089612551366645","15000","1391.7453603105532"
"679192","0.4206345160021988","0.5741070633812888","15000","3622.3387010824813"
"679239","0.5784454803277722","0.6579081986031249","35000","13319.740838339738"
"679352","0.43796188212309883","0.5801840228452301","1500","381.14772993457194"
"679706","0.5877500844705305","0.6649673298480897","35000","13679.211150092524"
"679760","0.22874030792704236","0.4819193877538038","5000","551.171945754084"
"679794","0.24658517993401552","0.48540834716612646","10800","1292.7006499762695"
"679874","0.28516073835788824","0.46407423316164065","8000","1058.6860078499537"
"679962","0.3881922730506314","0.5211541278622446","10400","2104.003257247467"
"680000","0.49371774286556613","0.5798239184265693","20000","5725.387125300679"
"680059","0.4199057951290073","0.5906562880339858","12000","2976.239979298305"
"680113","0.5367614933716469","0.5273600607194779","9750","2759.8990939294063"
"680191","0.6787686247651792","0.6469745320466181","9200","4040.143323053481"
"680238","0.33693552686158446","0.5140925097425596","12000","2078.5923675084427"
"680249","0.2824698651658475","0.49197959614177017","12000","1667.632922238167"
"680577","0.46265680850345214","0.5424092744934096","4000","1003.7973753591751"
"680607","0.5392288246606273","0.5681687708682472","7000","2144.610849669107"
"680710","0.4249673005923458","0.5811220224623406","13300","3284.539500767786"
"680791","0.6710465673630476","0.6499666570839621","25000","10903.947353415695"
"680891","0.6430907529324839","0.6603331402928831","21600","9172.52934574799"
"681081","0.49532819608049394","0.5824214715856451","13200","3808.065054803648"
"681106","0.3494008207046684","0.4860798374631089","6500","1103.9385118944133"
"681261","0.7799218353682182","0.6568807286461793","10000","5123.156235037407"
"681341","0.2596570244698536","0.48031175648760543","8800","1097.5036292656528"
"681450","0.41483161638529464","0.5751380804804983","7000","1670.0982169932256"
"682053","0.5417467412772563","0.5776686800543911","5000","1564.750624787002"
"682280","0.6406315384655477","0.6793391374764958","35000","15232.212687349898"
"682411","0.5538637588453325","0.659912862609863","15250","5573.902733581103"
"682634","0.5710687800393413","0.5744202391123657","4200","1377.7405537551826"
"682691","0.5809054861358073","0.5843955587557162","4375","1485.2188144263578"
"682766","0.17547236245019227","0.48241442215932595","6000","507.9023900180478"
"682866","0.6233372475015168","0.6537587116395452","16000","6520.194493496511"
"683089","0.5038623843124431","0.5664393759331092","15000","4281.112417891632"
"683109","0.43920472746449324","0.569204310480718","6400","1599.9822339603104"
"683183","0.3243347412313685","0.4851697959619749","10000","1573.57420226603"
"683184","0.5884489745260956","0.6539295048082974","35000","13468.145128088003"
"683337","0.23257455643661518","0.524405307811863","5000","609.8166592867534"
"683581","0.4692684555097829","0.5829573768369548","8000","2188.5080628504984"
"683587","0.52019407634496","0.5814815546039491","8800","2661.8526898377277"
"683592","0.2770023125415836","0.486594673413982","5075","684.0483377659049"
"683656","0.48422154493728253","0.5520068521530223","7200","1924.5139975116185"
"683723","0.4336342257767192","0.5403568239520615","14500","3397.5995884654776"
"683871","0.6034849124930792","0.636176376998074","5600","2149.9679331359425"
"683909","0.42616242626844036","0.5472178845224474","2500","583.0092534139235"
"684630","0.7669536363669451","0.672871662773771","30000","15481.841057178495"
"684661","0.6173885262878485","0.6943194863224791","35000","15003.270955174996"
"684807","0.41798478147852247","0.5078574788121629","8000","1698.213578428282"
"684988","0.7305246672985677","0.5817657967517802","35000","14874.799279122313"
"685022","0.5417718648039931","0.5414002762905336","12000","3519.785247495833"
"685078","0.3216629112181938","0.535182431912014","18000","3098.6701034697217"
"685450","0.5885859821946162","0.6333618979608915","16000","5964.606956735322"
"685510","0.37502367012004123","0.497023985517281","10000","1863.9575918638093"
"685536","0.26297155620868273","0.47203848529882525","9925","1232.0169985640082"
"685685","0.41374423979654773","0.5667451335636753","13000","3048.337947781045"
"685690","0.4187328669660684","0.49008350031091047","2000","410.4281382759072"
"685715","0.7056676545724314","0.661214063100186","35000","16330.908197737559"
"685859","0.42163873793333795","0.536638411803558","10000","2262.675426794031"
"685951","0.6555617913307301","0.6374022472091923","35000","14624.979564254183"
"686059","0.4157124762778823","0.5124811802263258","6000","1278.2689228661857"
"686089","0.23527054530117952","0.4718285641847448","8000","888.0589086753399"
"686283","0.47291075243120007","0.5388549487185825","8500","2166.0575436231347"
"686414","0.3390071459976983","0.4888529048928912","8000","1325.7970248033864"
"686750","0.5513576406856545","0.6031698573323613","3000","997.6869284144205"
"686772","0.3213569972487298","0.5007604030697907","16000","2574.765751545145"
"686899","0.6703573060708792","0.6807043670556995","13250","6046.175680924377"
"686989","0.6879716276353172","0.6637509119307845","31500","14384.21654960161"
"687022","0.6409070510898571","0.6574979877759499","12000","5056.741157315988"
"687039","0.5534034503107704","0.6232944850669627","8400","2897.4398762041496"
"687062","0.6800179091556497","0.6564534065498242","20000","8928.001459602305"
"687206","0.5366120229824647","0.585689454057644","12000","3771.4560333764125"
"687218","0.27238523605681664","0.4824853822406464","10250","1347.0744210397143"
"687361","0.4709056084187532","0.5801592475650582","8000","2185.601947635118"
"687785","0.39397380424008344","0.5834769543777468","3200","735.5988332883793"
"687915","0.2933453857487338","0.4552918256950284","8000","1068.4620498940271"
"688200","0.6303737505637224","0.6485624089324682","30800","12592.1709203568"
"688516","0.31880019476026433","0.5682641296554918","5000","905.8135760472144"
"688569","0.43220164332445266","0.5617989457421232","5000","1214.0521378384533"
"688588","0.5745546505110728","0.668729579762008","6700","2574.2853229100665"
"688799","0.6692313305066404","0.644449901059826","19000","8194.435229891662"
"688802","0.5852615929572612","0.6532629471663594","20000","7646.594261570773"
"688911","0.4795822500564396","0.5368429496980673","10000","2574.6034974313516"
"688914","0.16356942665001784","0.4580759461907139","10000","749.2721988057949"
"688988","0.4999494070393429","0.5234499875227536","10000","2616.985108767521"
"689064","0.44995628861682535","0.5692964237994604","3000","768.4755179269097"
"689107","0.5488513508507054","0.6153938104932897","1675","565.7475380256284"
"689115","0.37336327058152585","0.5461925051552927","1400","285.4995081286558"
"689195","0.565227725513641","0.5784134430369651","20000","6538.7062962859545"
"689904","0.5567555755282318","0.5689619096726495","16000","5068.363447575005"
"689934","0.23162831493165015","0.5261787649196723","5000","609.3895033558028"
"690036","0.6326922694687231","0.647592750598178","30000","12291.807812023622"
"690171","0.24124310971853058","0.47582376704393964","7000","803.5244366776597"
"690191","0.5441315892128951","0.5861558718997684","10000","3189.459261032911"
"690257","0.5033403439767996","0.6380357127679616","24000","7707.578763218598"
"690315","0.4758702798259461","0.5535582401426189","12000","3161.062975639516"
"690446","0.23378832917028403","0.4762616436826158","10800","1202.5196703840807"
"690459","0.7836821465269794","0.6595392424220323","3000","1550.6073876602284"
"690481","0.34436131665746994","0.5183537776464647","5600","999.6055404423761"
"690488","0.48154114642082757","0.5561326125304736","5500","1472.904046899638"
"690842","0.6179893524973039","0.648918600959611","7000","2807.173502213404"
"690875","0.35419486566696234","0.49219396166010315","10625","1852.2836001555838"
"690974","0.4723119681550355","0.5611392457007425","21000","5565.688412464944"
"691030","0.4356811796326572","0.5410692733505108","12000","2828.8043913160222"
"691031","0.7806555469528889","0.6848451856819096","14075","7524.891816567386"
"691241","0.5448429631672229","0.5605555241183967","4500","1374.3662975119034"
"691393","0.27847301878444364","0.47226487803823447","12000","1578.1563150380912"
"691483","0.4408523396204793","0.5079766497367536","6000","1343.6561670541234"
"691587","0.7151495420776917","0.6637663980452037","10000","4746.922356085862"
"691663","0.5291878099293654","0.6336013132308664","20000","6705.881826340242"
"691731","0.6899472417512265","0.6513611841976021","18000","8089.287343577066"
"691830","0.48199512573073067","0.5523106603924794","7500","1996.58284648722"
"692034","0.6531183694316554","0.6320904838636805","6850","2827.8848571570447"
"692154","0.3893536052834615","0.5736164140967964","12550","2802.9122169234015"
"692174","0.424475739115055","0.6201569743618436","20000","5264.831801191995"
"692246","0.46618749567002804","0.5557983640659264","15000","3886.5937116208916"
"692273","0.3550161033124464","0.5073982353530924","7200","1296.9687192671984"
"692496","0.6879664777436418","0.6388077028767551","4000","1757.9131412145125"
"692677","0.4225604209773285","0.5548961611509088","24000","5627.451730911156"
"692697","0.4289305546515608","0.593508792072857","10000","2545.7405537438844"
"692721","0.5599751054830372","0.6422123056811093","24000","8630.94968679081"
"692755","0.6637861640224152","0.6439012285031742","35000","14959.445426710494"
"692779","0.772098126089972","0.6700940319603609","27300","14124.428856192246"
"692983","0.2412756542746194","0.4704594455359464","7250","822.950476352361"
"693061","0.38195542927763304","0.5139562334382067","2000","392.61674754561125"
"693193","0.3537531365064691","0.4942972141993783","12375","2163.882474881821"
"693361","0.5291867328517549","0.5601767719599654","8000","2371.504926183493"
"693652","0.4758132748049301","0.5195944180338107","3000","741.6897648450878"
"693820","0.4521781999857263","0.5549451107419147","8000","2007.4726501292682"
"694231","0.7452406179798454","0.6896954433186746","8800","4523.103713890894"
"694714","0.7831571669654882","0.6431356194705323","29575","14896.225676943459"
"694726","0.4340801013330333","0.5925718372879956","9600","2469.346974499919"
"694727","0.7083043623164271","0.673490067798913","7000","3339.2516709912943"
"695331","0.49229244801828975","0.5182266205798323","2375","605.9077477245412"
"695720","0.6119313852876775","0.6263136920927268","4200","1609.6962219531574"
"695726","0.2730418096283149","0.5168637673860975","3600","508.0515061622705"
"695748","0.4826158493386169","0.5341172491867168","8000","2062.1875989012237"
"696115","0.36999046085316145","0.4842223847921864","7900","1415.3455401069555"
"696160","0.8531735365042257","0.6793055487459972","22250","12895.332761940097"
"696233","0.6721146238795768","0.6443184109179942","5000","2165.2791320641713"
"696335","0.5137459576203474","0.6117062613295087","10000","3142.6161900909087"
"696428","0.5753834827819826","0.5825099151959463","15600","5228.5987066635025"
"696618","0.355279496535264","0.5773661802433026","8000","1641.0109266666323"
"696636","0.2764957371346771","0.4960622817307585","15000","2057.386593777839"
"696662","0.37617369747371343","0.48786908289843384","10000","1835.2351679701349"
"696704","0.42949197651825977","0.5121452909959686","7125","1567.2313397224423"
"696757","0.33185102610485384","0.5140387005099881","15000","2558.764053327678"
"696819","0.6332820644884964","0.5614483365292613","5000","1777.7758083044134"
"696903","0.23556230576967574","0.462116476189299","7200","783.7720031902228"
"696922","0.18419953472120876","0.44873895527440083","10000","826.5750677282593"
"696973","0.5714827800062876","0.6255671889695706","8000","2860.007009864391"
"697099","0.5933000927041236","0.6166632199432415","14000","5122.128837833679"
"697165","0.43960229720092014","0.6018347299112343","4200","1111.1853051779506"
"697232","0.6281651564517499","0.6322725125198021","16000","6354.744987954279"
"697392","0.5815500054756925","0.6389104599906313","6000","2229.350289036173"
"697408","0.5216532052179572","0.5836624245442188","12000","3653.6324943453096"
"697592","0.5856598634920553","0.6023590333046583","8000","2822.220073747301"
"697648","0.6455344209683143","0.6275286030832201","8000","3240.7305074590527"
"697999","0.6856148229796644","0.6662894585125558","35000","15988.627520295582"
"698305","0.77763188187427","0.6746132648600706","29700","15580.643245907317"
"698460","0.49228655033225743","0.5276875844869797","10000","2597.735006202569"
"698496","0.4817645330625887","0.5135958887885902","10000","2474.322835451004"
"698538","0.6168481892720599","0.6711683481856303","15000","6210.134704125382"
"698574","0.5132778650636499","0.5467577715819394","17500","4911.176579829391"
"698839","0.4269034967414016","0.4580425479646849","8500","1662.0897057509537"
"698979","0.5647699028051689","0.5693774244327352","8000","2572.537861250666"
"699015","0.2949038942409298","0.49394013224151345","6000","873.9892111194129"
"699030","0.6309716208436746","0.6397204550447173","25000","10091.136310160458"
"699558","0.3744497446577786","0.49903621538246934","4000","747.4559336997994"
"699923","0.27760979881725667","0.5148437492639032","8500","1214.8681920715314"
"700028","0.28397556216317077","0.4792790520473258","4000","544.4141529526837"
"700083","0.38737409089559516","0.500987727588728","10000","1940.696655245336"
"700214","0.8328696487154459","0.7255967792982378","15000","9064.913020247734"
"700298","0.7251648881566762","0.5679770099747886","35000","14415.694471987585"
"700340","0.6022813907642219","0.6678979097344712","25000","10056.56204908485"
"700409","0.6027181762537668","0.6204064980463633","9600","3589.730621169506"
"700883","0.207985234888996","0.48898329745719715","11000","1118.7143657627405"
"700968","0.5880664471535331","0.5919491764443544","25000","8702.636227177283"
"701523","0.6297890890906839","0.632375671244681","9000","3584.3696816066763"
"701694","0.3948181064286067","0.5488041365393871","10000","2166.7780998866733"
"701949","0.3889009542512233","0.5376897391627246","14500","3032.066763446386"
"702097","0.523964589736676","0.584266921842516","8000","2449.0814239993956"
"702211","0.484846597782878","0.6313259068846595","17000","5203.635706768692"
"702373","0.20588035206779964","0.51214637507355","4800","506.1162048498713"
"702432","0.4662082476313728","0.5362215718748715","3000","749.9727580977723"
"702470","0.6192126675669102","0.6256260898044093","10000","3873.9559996724356"
"702706","0.3685132184877469","0.5299564897590778","16000","3124.735547193383"
"702870","0.29121654426372723","0.4994950533925461","3950","574.5718321369226"
"702941","0.4296675758547901","0.5012309031801496","6000","1292.1760026775314"
"703003","0.27963079275241753","0.5168091192979464","12000","1734.1889247715615"
"703017","0.5827055940967196","0.6467096130101105","16500","6217.881602742416"
"703111","0.5368770304926949","0.6205033132698765","35000","11659.689168372339"
"703159","0.19018124219156463","0.5169039416378364","2000","196.61086742879948"
"703390","0.5786934435195807","0.6244333730824697","20000","7227.109978352829"
"703415","0.2679234969837565","0.5143199786429874","6000","826.7904434798409"
"703550","0.4600297749218316","0.5721100687610728","10200","2684.5141948592336"
"703702","0.5609726396391752","0.5952932777338744","12000","4007.318896437938"
"703866","0.5487129317478796","0.5717613474910118","1500","470.5992678628669"
"703871","0.5125640525372261","0.5563994929634929","5825","1661.233957343125"
"703969","0.5633515121201","0.6843294823366768","8000","3084.1443893018572"
"704047","0.662064615933355","0.6912326005802732","18000","8237.531632028269"
"704119","0.456473839767636","0.5180280838970768","5500","1300.5644771018335"
"704148","0.32607633572961114","0.5620681624208025","6000","1099.6627609947072"
"704239","0.4733479528632145","0.5219468577355394","4000","988.24990645002"
"704395","0.5433959219468778","0.5815060828958459","14000","4423.8324764606805"
"704400","0.5127839996249963","0.6446070036296693","22000","7271.971465165139"
"704507","0.5108445008159539","0.5225777339082426","12375","3303.580024996621"
"704521","0.4694556648836057","0.5607807779162312","8000","2106.0937036048795"
"704522","0.4864463544025093","0.6029928579743096","9125","2676.5785571177207"
"704571","0.5278876541054486","0.5825936102335113","12000","3690.527690435908"
"704955","0.4966824760132217","0.5689814082270168","4000","1130.4123785747374"
"704956","0.5815323291540633","0.592784055629625","8000","2757.784740445501"
"704971","0.7036322168876343","0.6387958622997437","11500","5168.989510379091"
"705223","0.30537290218226887","0.4811864152129339","8000","1175.5303368340471"
"705233","0.18297279907913222","0.4864988491440448","6000","534.0963370599742"
"705362","0.41328230846838176","0.5466184776833424","6000","1355.446477850666"
"705416","0.6470317825162559","0.6334955084189489","25000","10247.293200708857"
"705481","0.5857048044814136","0.6336176595867872","5000","1855.5645371212504"
"705786","0.721398487479477","0.6654375126672323","10000","4800.456151502467"
"705790","0.27335226351270614","0.4736333535799475","3000","388.4062478285776"
"705879","0.3725632160407233","0.5071307171400877","3600","680.1777033506979"
"706099","0.292313849683977","0.4971302529529543","3000","435.95417410514204"
"706132","0.5036662427100123","0.6263593031979889","15000","4732.140552422887"
"706247","0.5172435836423342","0.5365527207611097","3000","832.5853562985632"
"706255","0.32118346581432133","0.5319368724937814","12000","2050.1919396238013"
"706376","0.7307184499091827","0.6795639244790566","14500","7200.263513888287"
"706431","0.49325663266820197","0.5507499327326528","18000","4889.899030715047"
"706442","0.4625611648265673","0.578058966517128","9600","2566.9212373498017"
"706448","0.3730818715992147","0.5296891001409351","24000","4742.817620310813"
"706460","0.38539995764803847","0.5473912374222965","3000","632.8936791583812"
"706463","0.3317288573047369","0.5768582904570678","35000","6697.6189532030485"
"706511","0.30246699304629554","0.5211048763984057","14400","2269.685160374217"
"706518","0.36978758905814546","0.5367164655458951","7000","1389.2976146141805"
"706523","0.33876007358059246","0.49576115008337407","5500","923.6924602435363"
"706553","0.28880249745924813","0.5055634968594506","7000","1022.0560036206806"
"706688","0.28309269003248627","0.5058380993742292","6000","859.194409636624"
"706705","0.6080980955585371","0.6354642357222565","20000","7728.49183076531"
"706707","0.39560794181229564","0.5515123852563792","10000","2181.8267961526603"
"706794","0.49784408802900515","0.5096342530549908","8000","2029.7471995240408"
"706795","0.5909450583395073","0.6192687688423442","16000","5855.261099701982"
"706797","0.26045872899467926","0.48715837010645413","15000","1903.2697484556988"
"706867","0.17698082318074382","0.4715246545833825","6000","500.7049291090975"
"706882","0.4144520222408158","0.5232475246916118","2525","547.5740117208728"
"707103","0.2991116500760662","0.5250551582892977","7000","1099.3508034380338"
"707340","0.5290398111535675","0.5860582144605637","8000","2480.3850168257086"
"707466","0.6950111910919379","0.653840177903069","8400","3817.1804229566833"
"707485","0.5121973943796803","0.5573450842186446","15000","4282.060498606698"
"707554","0.2456023379739386","0.5095348951209107","8000","1001.1436921680101"
"707798","0.223000801794065","0.47953773901857477","2250","240.60892565622436"
"707936","0.6481142677760124","0.6608587562931967","17075","7313.42721112201"
"708070","0.3609090891041016","0.5285438651842262","10000","1907.5628493520016"
"708094","0.5413797478132163","0.6617023787021442","35000","12538.129341821028"
"708098","0.5775429891124376","0.529551435621353","16000","4893.4195042806205"
"708141","0.2862422756621261","0.486199353508811","12500","1739.6351171727074"
"708178","0.22445231943154453","0.4749902291917591","9000","959.5139278447014"
"708223","0.6431831884938561","0.6524624977379488","14000","5875.14073534863"
"708328","0.6260894589470741","0.6194199156376721","2400","930.7494716223177"
"708329","0.551276923096164","0.5972774010235369","2500","823.1631196778227"
"708357","0.4336791479056765","0.5107163823619782","3500","775.2046593347435"
"708621","0.4710914626130769","0.6103315234780369","3000","862.5659102224076"
"708650","0.26719392922922336","0.4838836041593776","5000","646.4538074247113"
"708733","0.6018411871222794","0.6192842658752341","12000","4472.5293328860025"
"708847","0.7683797224046774","0.6538773527960816","17325","8704.532162197846"
"708969","0.5968853719522802","0.6534657046103888","30000","11701.323604632922"
"708991","0.5190267250943451","0.5632512601256393","10000","2923.4245694827364"
"709126","0.6856991577359295","0.655533086196674","15000","6742.477276096408"
"709150","0.48352377108976097","0.5553500186171859","2000","537.0498705531014"
"709176","0.47022128493520554","0.5394285143658923","7000","1775.555384090732"
"709237","0.49983444572061697","0.5709544813585897","12500","3567.2839590196627"
"709248","0.5159948700651092","0.5127051486848923","6600","1746.0512954106653"
"709321","0.4679461036920506","0.6235326871713245","10000","2917.7969148645557"
"709451","0.3947813606451731","0.5515010563829423","1500","326.5835061541625"
"709459","0.6230991716091732","0.6325506280184782","33000","13006.678486532806"
"709467","0.4049999936178884","0.5264682859975787","2800","597.015026913312"
"709564","0.30199439587448274","0.48348226263773303","4800","700.8428823422889"
"709590","0.5291470725039915","0.6245661784089092","16000","5287.797838241279"
"709596","0.7655672912744528","0.673790012921825","5000","2579.1579754017007"
"709661","0.4220549930445434","0.5166352493224985","4750","1035.730311157022"
"709890","0.5736994421088912","0.5657223044297944","21725","7050.948042807467"
"709979","0.4580804300545057","0.6111343678851466","10000","2799.4869406191647"
"710165","0.3349656294060007","0.48245426472258146","12000","1939.2671573089056"
"710176","0.7741942920331292","0.6891517317178135","20000","10670.746740813553"
"710371","0.5371228596102025","0.5637119766016384","4000","1211.1303554751662"
"710394","0.3760233614771453","0.5238528293803418","8000","1575.847214583277"
"710486","0.27414521546893045","0.4926295470200879","7000","945.3642331992851"
"710553","0.42750913725911777","0.5438894397587187","8000","1860.141641244758"
"710582","0.44129123487285515","0.5284776256493573","4000","932.8501761019174"
"710662","0.5032667024351394","0.5432960100017366","16000","4374.764662395879"
"710743","0.7669655328845318","0.693760999798217","16000","8513.452398475922"
"710764","0.28095790455511593","0.4826596534925759","5000","678.0352242928624"
"710786","0.5082326583460055","0.5834414257740814","2400","711.6575683448281"
"710884","0.45674678226476595","0.543315427706573","5000","1240.7878667989116"
"711132","0.5368959035821166","0.4969724007115762","4000","1067.289784541662"
"711305","0.3725140898265189","0.5279481762722626","6000","1180.0088061577949"
"711322","0.6703486151736734","0.6608923187007716","9600","4253.07120595181"
"711388","0.6397787535681666","0.6381126284392121","4500","1837.129059265256"
"711495","0.35435302690830894","0.4967681822599166","2800","492.8876653555119"
"711527","0.5768905532089825","0.6100153810338707","11575","4073.3826805494023"
"711528","0.7023204464294496","0.669030596604641","18200","8551.70438453845"
"711548","0.3876293650926027","0.5961608782703199","9000","2079.8051646327526"
"711583","0.4775879252241444","0.5458494553361231","6000","1564.1466531522497"
"711742","0.30184739389814574","0.48645665265844296","4800","704.8112296769592"
"711761","0.6835743903990841","0.6309575521702766","15000","6469.596361387426"
"711842","0.4990698478120157","0.555985696582571","2000","554.9513939582424"
"711858","0.6831518098130885","0.6466824720173552","10000","4417.823011330582"
"711860","0.3482099593419976","0.5000249766101498","4500","783.5115454893161"
"711906","0.4680167389242985","0.5258895182668691","7500","1845.938230302978"
"711995","0.4174749483229194","0.5105704087331951","12000","2557.80426001323"
"712144","0.2969924227923125","0.49782558837001367","15000","2217.7564142702827"
"712171","0.6673985019831989","0.6280640772743807","15275","6402.806846524381"
"712235","0.7308724725782307","0.6538218460794492","16000","7645.766228316006"
"712274","0.616610054271497","0.6401286512507168","3000","1184.1292871653338"
"712370","0.38836933925217776","0.5348266134062973","6500","1350.1166800100434"
"712399","0.5367727168297542","0.5981252991115104","12000","3852.688101704338"
"712456","0.2283714414977417","0.4741212605776241","4000","433.1030228913537"
"712485","0.5385458911166623","0.5713888143711122","4000","1230.876392838335"
"712502","0.6172077793118736","0.6045356159862669","26000","9701.226211503305"
"712528","0.27354378777660526","0.4980250077472541","2000","272.46329405331414"
"712665","0.6409976234805245","0.6711309846317393","2000","860.3867323861784"
"712722","0.4894916339167037","0.5508429056866313","33950","9154.040144126311"
"712904","0.30728576422772125","0.5663354965773774","5600","974.5502809003663"
"713063","0.5830708812592015","0.6250408926468202","20000","7288.862881972388"
"713117","0.6956436476343837","0.6329534049973954","8000","3522.480123479932"
"713199","0.3046724065090357","0.5005625617109755","12000","1830.091203417727"
"713232","0.49706645423049456","0.5897969336709319","3000","879.5048116074848"
"713267","0.6468231267146818","0.6475393607192339","15000","6282.651509568616"
"713395","0.3690102152212693","0.5150605550791402","5200","988.3255526650478"
"713448","0.4850152361344482","0.5468816238212518","10000","2652.4591991525494"
"713572","0.6025994903573673","0.6261718957425475","35000","13206.580283769797"
"713592","0.22291475255798177","0.4791073162080393","10375","1108.0509217278006"
"713654","0.4595364784299939","0.5917308799220481","4800","1305.225238740766"
"713803","0.30480176006316817","0.4878946799433085","5000","743.5557858608827"
"713805","0.45685547041196173","0.5547200367295136","7000","1773.9881832890185"
"713828","0.6105235466215606","0.6411244366400798","30000","11742.646946497545"
"713894","0.6344448954229515","0.6371055970964806","13800","5578.075836140901"
"714040","0.751434439347325","0.674800280339117","15000","7606.022554920632"
"714362","0.2609678427053491","0.5056785258033079","2700","356.3077517495383"
"714427","0.29321751875801105","0.4982778032980206","4200","613.6358807679992"
"714436","0.8136827891971611","0.690885850524246","17500","9837.833702749875"
"714467","0.7017034920812488","0.631676472062099","12000","5318.99503573846"
"714539","0.4185053423517776","0.5462843945214422","12000","2743.4752506075565"
"714609","0.22587185206085603","0.4824581663644172","13050","1422.1070405009323"
"714642","0.6727591993034413","0.6731687532620335","10175","4608.058796908731"
"714649","0.7631030979386717","0.6524971946673994","6200","3087.1203100113075"
"714755","0.32082607076119496","0.5042227196291996","4200","679.424734494071"
"714793","0.5018722733952565","0.6057801435439075","18000","5472.436640725542"
"714945","0.31052833557784665","0.47771424251091654","5000","741.7190430437336"
"714999","0.5830649181754675","0.5702748585007096","3600","1197.026149353273"
"715147","0.40624618958312986","0.5817997777432732","15600","3687.1215078128585"
"715206","0.42513408016984733","0.5149701343532395","4500","985.1910947244322"
"715397","0.6473833886000782","0.6412865135700481","10000","4151.582362185077"
"715504","0.4080865282768834","0.6213896117684259","6000","1521.4843762433838"
"715695","0.4242058278428642","0.5496457947223441","1500","349.74442405581146"
"715840","0.3904596174104513","0.5146696538653243","11900","2391.396822078185"
"715946","0.3996925969273051","0.5752030376259166","35000","8046.653855421195"
"715948","0.3607920831072867","0.47914793139793044","10000","1728.7278028560663"
"715986","0.1603120894941802","0.45194746156996674","4800","347.77268114818594"
"716069","0.43307018845346124","0.5148771292095302","3000","668.9338061314451"
"716140","0.3822970152752785","0.5595047291959756","4800","1026.7055424193172"
"716403","0.31361275728180793","0.4885984887593696","8600","1317.784185666533"
"716531","0.40834302238577835","0.5047729899157907","6850","1411.9256189983018"
"716662","0.5868856171788854","0.5815566164500344","5000","1706.5360688487142"
"716734","0.4769175383212815","0.5775304209454996","20000","5508.687733259621"
"716952","0.6228849063014914","0.663471601490358","35000","14464.325621480772"
"717016","0.5207850971391692","0.5936293435829666","20000","6183.06630725033"
"717212","0.6306600057725448","0.6651039927389948","5125","2149.7042504880997"
"717641","0.47985882021677106","0.6355266595218901","8000","2439.704584435838"
"717703","0.39377306066312356","0.5109950141395075","8000","1609.7285656104798"
"717819","0.3564719838263243","0.5250589884470915","8400","1572.2180815956535"
"717937","0.43712748942836355","0.5403699071650157","5000","1181.0527044084058"
"718022","0.47810526927903996","0.5088311175982808","8875","2159.064191659818"
"718089","0.5500884081137039","0.5956649759119352","2500","819.1709959212105"
"718145","0.6767434787092708","0.6768060798943724","33600","15389.609790888553"
"718297","0.4150133135105504","0.522694957735434","24375","5287.555805147838"
"718329","0.3095975363999316","0.49167790047448867","3300","502.33348007433506"
"718368","0.3949767273894791","0.55778063682093","1325","291.9112409558944"
"718570","0.47822864228854733","0.5293068731917041","4000","1012.5188292818599"
"718574","0.3808013395544009","0.5153856537465633","15000","2943.893210007179"
"718699","0.28832831905737777","0.4797210932677861","21000","2904.6607052036347"
"718723","0.20313847408508168","0.4853178464987426","12000","1183.0407214081497"
"718730","0.30319996141958616","0.47497248553737387","10000","1440.116392902967"
"718753","0.463732384756011","0.635973184449262","15000","4423.82042198296"
"718797","0.37575321330502043","0.4804390845240947","5300","956.7906079784298"
"718829","0.30264021168304944","0.4649275726523595","10000","1407.0577900479645"
"718880","0.4319852879644641","0.5065882083114954","8000","1750.709224374746"
"718964","0.3249430956070013","0.5260189283952328","2000","341.852437881249"
"719002","0.61227722439538","0.6465107835533291","15750","6234.540292507506"
"719129","0.5063555418136833","0.5459570220226193","5000","1382.241818466242"
"719149","0.5393306181408877","0.6002336876319356","18250","5907.970405476173"
"719189","0.2961481474270613","0.5042583882310036","4400","657.0748249963373"
"719204","0.7762507514351598","0.6858767049274174","26000","13842.719997386255"
"719357","0.47915463200304687","0.6039981922631822","8000","2315.268252354965"
"719367","0.4007344799195678","0.5236575405870872","3000","629.5428965493791"
"719399","0.2487747158000252","0.514156991297034","4800","613.9644450552751"
"719405","0.5852447095446308","0.6065753029428975","20000","7099.89973975525"
"719491","0.515948070000299","0.5637464690171071","4375","1272.5295741325115"
"719571","0.5867140692440636","0.6568213691121085","35000","13487.821838337779"
"719610","0.5868626505089516","0.5727895088524088","9000","3025.3389241396067"
"719629","0.37468479901235974","0.48373553296674476","7000","1268.7384566134704"
"719702","0.1629337116402293","0.4717888064521692","3000","230.61090403669706"
"719793","0.6563755834073706","0.6146860312459649","9800","3953.9560432400276"
"720266","0.4634888578680759","0.611434479541475","5000","1416.9653429191983"
"720358","0.3932596042135321","0.5018431916966113","4500","888.0959472473929"
"720386","0.5228871252632122","0.5751898586649211","13200","3970.023706147672"
"720394","0.2735535585565214","0.5019738059298723","5600","768.9736371199525"
"720542","0.5169100895771519","0.5605475699584912","1000","289.7526945994985"
"720543","0.4577687220800788","0.5373448512842595","5600","1377.4861289767505"
"720618","0.6556116919108823","0.6517732630218853","12000","5127.722060544657"
"720788","0.6101780658751706","0.6589440210953589","10000","4020.7318831197376"
"720912","0.38515918951006134","0.5059665647159376","3000","584.6330159555416"
"720941","0.4048731919842783","0.5147325541394318","5000","1042.0070610632604"
"721291","0.3051358427576796","0.5368713499471076","7200","1179.4945810936592"
"721468","0.2977770684350324","0.514199221509949","1000","153.11673677280845"
"721472","0.6445586389683713","0.6899076779518721","14125","6281.189099042144"
"721530","0.44362547748241765","0.5748023444776008","20000","5099.939290537775"
"721659","0.6962206817420962","0.6894356247146433","8000","3839.994725248935"
"721695","0.45670456550261496","0.54016960672868","15000","3700.468883081103"
"721753","0.4870910160510896","0.5839516505667298","6000","1706.6256167955557"
"721803","0.36476958826468686","0.5632102171352767","2500","513.6048975272495"
"721856","0.48049265079751213","0.5397737214633588","10000","2593.5730625676724"
"721920","0.28793218053128666","0.49821455044044716","4000","573.8080075229306"
"721950","0.605178020315413","0.6519633649075651","25000","9863.847462323387"
"721975","0.4511952046669204","0.6213884112809742","11000","3084.042185461288"
"722015","0.2264585339099563","0.47954561868325934","11200","1216.2886147994832"
"722312","0.24247730996703842","0.4798552750162883","7000","814.478113816101"
"722385","0.38306182227852514","0.506516434204214","1900","368.6515057705451"
"722471","0.41341089881001936","0.5873096154775941","21000","5098.80411630154"
"722518","0.5750129872244589","0.6733589451968037","20000","7743.802771038497"
"722589","0.7182540754136014","0.6373925557557915","6400","2929.9827251832858"
"722593","0.3418739140574093","0.4992963933588649","20000","3413.92824544686"
"722671","0.5207251442939724","0.502482205293952","3300","863.461892227594"
"722826","0.2243219530481354","0.4768248771154867","12000","1283.5474523577977"
"722833","0.2506556608919409","0.5381130220749097","3000","404.64322554823826"
"723119","0.4472851731593869","0.6127655764551063","18000","4933.457225475007"
"723120","0.4878775901018182","0.5661841413685649","5000","1381.142772223813"
"723276","0.4038186917921417","0.5358488937797337","6000","1298.31479570639"
"723368","0.5390091331626239","0.6254471481265133","7200","2427.2764210850914"
"723445","0.36266207778568493","0.5958673651838141","35000","7563.447385978523"
"723456","0.3883719106153294","0.636397287537946","20000","4943.176609430505"
"723471","0.7203174539010202","0.6167807755107632","14800","6575.313775898943"
"723487","0.7403105581425162","0.6672928181997195","27300","13486.306980125806"
"723498","0.23415772897010367","0.5285154986400702","4200","519.7751533256552"
"723522","0.3936230815792058","0.4919284696637106","6400","1239.2601609316648"
"723657","0.3573315143522293","0.5695948136047381","9600","1953.9281022005457"
"723769","0.40400268481770374","0.4510641706685042","21000","3826.853855478079"
"723887","0.35486515446199973","0.5598650780730691","9700","1927.1630918603082"
"723934","0.35349249159093554","0.5194345331565904","35000","6426.567257036414"
"724000","0.638625974524776","0.6692496936891338","21850","9338.695196642984"
"724178","0.39793413375090336","0.48958669942171296","3800","740.3283846953043"
"724242","0.3349707095333977","0.4776236298499329","5000","799.9496309037446"
"724256","0.19122146526443573","0.4420217028468359","14000","1183.3365277587416"
"724386","0.4174430595425038","0.5800465227665411","16000","3874.182322250488"
"724388","0.695593227272719","0.6371145896534991","28000","12408.832619669121"
"724509","0.771896199557156","0.6456118599160626","10200","5083.122478794005"
"724521","0.29991692912585943","0.48307143226629917","4200","608.5014621577039"
"724735","0.4100231464398215","0.5213274726668565","3000","641.2689920051537"
"724790","0.5964426027382426","0.6410346935006963","9500","3632.2338098521354"
"724819","0.32887928825347457","0.5128260101492924","7225","1218.5529894839267"
"724995","0.583914117914468","0.6359391673174789","1000","371.33385793144697"
"725253","0.6175183607037937","0.5909347140021136","15000","5473.695538103256"
"725254","0.27450267135601536","0.49097303396957015","8000","1078.1872751073174"
"725258","0.3581794345571043","0.5041944261940313","3000","541.7762234430654"
"725320","0.5346583121830222","0.5865269686953354","1000","313.5915191324723"
"725335","0.6202896891697934","0.6017220892062486","8000","2985.9360614427414"
"725502","0.6173238287143569","0.6464237786892414","24000","9577.26724877867"
"725667","0.417587662911855","0.5394744980319383","5100","1148.9172636518865"
"725699","0.2163153461996853","0.4942166994831691","5200","555.9146135211113"
"725749","0.21508620439530013","0.513351272223815","5000","552.0738833205942"
"725833","0.627486893846178","0.6202929714404978","25000","9730.642748095348"
"725888","0.4287837893651619","0.507232858947364","9975","2169.494942816005"
"725919","0.4072332207972944","0.5308598469831192","5000","1080.9188263944725"
"725985","0.6565348654579697","0.6837156988306176","14800","6643.4712762802665"
"726037","0.5936019021245222","0.5931277583195989","5600","1971.6578870316596"
"726232","0.4432734096649029","0.5504998329989922","6500","1586.1425969572488"
"726324","0.49701386769027633","0.6380235734516277","35000","11098.729737156762"
"726335","0.46251443887279486","0.5386076541108474","12000","2989.365802964052"
"726424","0.5204473864363677","0.5602426715830275","12000","3498.9220103461794"
"726513","0.6368001642073078","0.6178501537643737","8000","3147.5766349813084"
"726552","0.6291260332027466","0.6070028321326819","12000","4582.575407069603"
"726651","0.5931004222620939","0.6168796474692259","25000","9146.789484972236"
"726767","0.3000716938425365","0.4904537463971914","4000","588.6851457312923"
"726783","0.4357852230223458","0.6053181958423876","21850","5763.783640696295"
"726813","0.38182546789127625","0.5486728387313898","34000","7122.906954506821"
"726854","0.4889984714756539","0.6034602180347871","24000","7082.186981169017"
"727050","0.2904763074122412","0.46873306194990455","10000","1361.5584899724156"
"727052","0.39336717307538505","0.5346003274180295","16000","3364.707512345689"
"727077","0.5832158561839331","0.6256485450529975","10000","3648.8815187331597"
"727143","0.6974697496732861","0.6910355659645461","8000","3855.8112256690365"
"727165","0.5361449545925943","0.5161880610053112","4200","1162.356823021514"
"727224","0.23512280090580917","0.4883942828425402","10000","1148.3263172832203"
"727247","0.4434774431205776","0.6014101998420377","35000","9334.915019240387"
"727293","0.6549239836522297","0.5634573616141877","15000","5535.326098298081"
"727311","0.35844635015479875","0.5194608447786045","3000","558.5965315776577"
"727426","0.35594724752456763","0.5085773205246996","4000","724.1067895767465"
"727518","0.52985792818615","0.6094035402612877","18500","5973.599999534792"
"727521","0.4213132212050108","0.5823996867536883","8250","2024.3246764536318"
"727843","0.7596622551086627","0.6916057868681587","10500","5516.561522833899"
"728052","0.736370262486706","0.6674576464298362","12000","5897.951547603569"
"728154","0.2923075257150617","0.49425733573880426","9600","1386.9613332127526"
"728170","0.3751143370303264","0.5346676174433944","29700","5956.676218811233"
"728204","0.5048028824070601","0.6545076906808183","6500","2147.582897286226"
"728363","0.1881685495030967","0.4782595701579569","8100","728.9466177810378"
"728440","0.4035449549624023","0.5248146231089869","18225","3859.8051980556506"
"728623","0.6325296435303736","0.6437786134061513","17000","6922.553966454608"
"728670","0.5587560319568206","0.5991729464278995","8000","2678.331984015438"
"728842","0.3611728982480892","0.5296979520646833","3000","573.9376336298373"
"728847","0.6679264082684442","0.6426192176235166","15000","6438.335188673297"
"728919","0.7169792603932328","0.6803026743015711","12000","5853.154899171345"
"728966","0.6340158858178839","0.576278272363594","25000","9134.239483255094"
"729036","0.5165976159745241","0.5712791609118708","4000","1180.4858103319962"
"729112","0.4343312847148597","0.5672783116227315","16000","3942.1874860476396"
"729141","0.48760269352149355","0.5716412177336065","4800","1337.9222279751032"
"729260","0.5540338371117575","0.6154498840338888","15000","5114.700912019223"
"729348","0.3200244851585221","0.5364870552461043","9000","1545.2009428441154"
"729661","0.45456751686214514","0.5749179518788572","6000","1568.0341547102541"
"729958","0.5140759488734457","0.5658370949004379","1200","349.0598897624838"
"730003","0.6415817401375778","0.6373839398506301","5600","2290.02982468463"
"730034","0.2260949859104524","0.48350620024790153","11000","1202.5016028593225"
"730144","0.46868519374381756","0.573018582216537","3100","832.5525081973924"
"730186","0.4450270359548102","0.5392021271390086","15000","3599.392866318026"
"730412","0.4341463647367494","0.5370691603714846","4000","932.6664943499932"
"730568","0.4383434737791868","0.5224063282973848","8000","1831.9472373608473"
"730606","0.6529318227629113","0.6255831529924613","3600","1470.4673341432929"
"730637","0.7496119772784303","0.6818874979328632","4700","2402.409867352407"
"730669","0.34704492773131745","0.5267544808559822","6000","1096.844824444872"
"730742","0.5428059026723454","0.6161828448884115","7000","2341.2737973160756"
"730844","0.4133029974299327","0.5479461787129137","20000","4529.355961846497"
"730905","0.41049829303607743","0.5120023565023389","10000","2101.7609337465933"
"730930","0.46607702069006673","0.5777617116386844","8000","2154.251657834812"
"731000","0.479005122953146","0.5858033588400541","10800","3030.510347217497"
"731164","0.6070273516813293","0.6470400545500957","9600","3770.6017031547594"
"731205","0.5408513796380447","0.6590340876495409","15000","5346.5924330063135"
"731219","0.6760170415184479","0.6307525213560881","31000","13218.383055940772"
"731269","0.3634158053112898","0.5052847714188708","6000","1101.7708327003197"
"731445","0.6901861213555642","0.6690283716561606","15000","6926.311453652916"
"731544","0.34656371661761887","0.5101251828851777","15000","2651.863189813946"
"731690","0.5845244812046098","0.6106580452373951","3500","1249.3060198003332"
"731742","0.6488765854819037","0.6434594034847413","12000","5010.308887552818"
"731799","0.5793615697760952","0.6444640887889826","19000","7094.1767967570095"
"731876","0.5374578700615793","0.641720926934207","10000","3448.9796256400123"
"731888","0.2746407240017441","0.5120810046347443","12300","1729.8510636832477"
"732011","0.309842332070954","0.4713870950222775","12000","1752.668121958258"
"732037","0.572453964341169","0.6002413210608984","10000","3436.1052380269175"
"732172","0.6371259201417092","0.6321497662376323","19575","7884.007454000713"
"732184","0.35978579184070403","0.5708863490225483","9600","1971.8092524876101"
"732403","0.1786782445465761","0.4765022208492396","10250","872.6909485248423"
"732431","0.4285293589329163","0.5538327926853145","2500","593.3340290136614"
"732552","0.5858509665932092","0.6159973183548018","17500","6315.445926597245"
"732561","0.5465024503294343","0.609457162825856","35000","11657.444149930438"
"732687","0.5557447430504465","0.6063845173972731","15000","5054.925117160748"
"732697","0.1768245650460596","0.4738977177003276","5600","469.26184372861223"
"732882","0.5209387139945791","0.6150120566513773","8000","2563.068719065038"
"732925","0.6585009651810153","0.6300615059071494","12500","5186.201372040773"
"732936","0.35083944962073876","0.48565918708215816","10000","1703.8840189915977"
"732953","0.46623642628335005","0.5892558091452412","15000","4120.987839338715"
"732956","0.5187913940621066","0.6671197557638164","35000","12113.359583467885"
"732981","0.6598781889895509","0.666497938229601","30000","13194.223573326559"
"733039","0.34645084561374495","0.47584393368834466","4000","659.4261328259912"
"733144","0.23212624574299623","0.4733396812224536","7200","791.0968547761544"
"733213","0.4102045595412577","0.5995630672455015","6000","1475.6610234998782"
"733384","0.33750764623256313","0.510606086777885","35000","6031.671047514834"
"733387","0.7076497547842706","0.6333850890009275","10600","4751.0769109045095"
"733395","0.4902036233957523","0.5746184236609939","14200","3999.856473549761"
"733498","0.6386177597120855","0.6338710400418035","12000","4857.615642454393"
"733705","0.5303076928670385","0.5228989679039691","4800","1331.0272573042055"
"733788","0.4779581665942747","0.5799486512916129","14000","3880.6767172622626"
"733807","0.4888879465942728","0.59671415301846","10000","2917.263569729356"
"733889","0.4408261333004022","0.5035437791685279","9000","1997.777314065004"
"734152","0.34004336765082177","0.5317953421794089","10000","1808.3347905570731"
"734238","0.3637577764889528","0.5016438503336628","9000","1642.2916642805717"
"734373","0.5559742112828348","0.6093002878783641","3500","1185.6433644565218"
"734494","0.3148159572378032","0.5048954169585624","7000","1112.6439379635272"
"734505","0.6854807643083471","0.6445333536792319","35000","15463.532556579175"
"734508","0.2842165523951906","0.5596205573906595","12100","1924.5464481996828"
"734525","0.7713107620574804","0.6769484149389674","15250","7962.598366452721"
"734617","0.3950251377584738","0.5229708111565047","4000","826.3464668830362"
"734645","0.60685317371649","0.6844396702958361","31000","12875.985970231379"
"734759","0.5397238773283735","0.5495040377425559","7350","2179.866306456367"
"734821","0.404804408895992","0.52056958189764","6500","1369.737602280501"
"734825","0.746687792889845","0.6727147391469814","29325","14730.178692966587"
"734850","0.6624339516621003","0.6705473650485995","30000","13325.800224172579"
"734863","0.5243230633436096","0.6318622727914341","20000","6625.999249625205"
"734908","0.6653642932559434","0.6424754702796062","7000","2992.36166051809"
"735162","0.3968795053700823","0.4988679895074588","11050","2187.7948141735988"
"735251","0.5507000227350918","0.6117039460895849","12000","4042.384524224157"
"735296","0.49036105224839377","0.498962703780238","2000","489.3437529167622"
"735417","0.26956754617943357","0.4831432740166711","10000","1302.397468297717"
"735466","0.3925850470874699","0.5269825590714169","10000","2068.8547276732756"
"735514","0.39737647808767773","0.5481709506499236","1200","261.396290111089"
"735617","0.29934092867765094","0.46926170779476173","10000","1404.6923540414443"
"735694","0.4827467348818637","0.5667454490942448","7600","2079.3183144514564"
"735873","0.29740369566682034","0.49297934289678313","3000","439.84163539471183"
"735877","0.5835109393468609","0.564999018956908","6700","2208.876825486722"
"736037","0.6275108284301127","0.6214648087625293","25000","9749.397424668408"
"736236","0.41785567482629593","0.5204359455331288","15000","3262.0066983691036"
"736278","0.3614087354549935","0.502158269550904","4200","762.2344178259721"
"736324","0.578915563266522","0.5814267187418162","5400","1817.6236724445705"
"736364","0.4572155625456632","0.5555416161873927","23000","5842.052268940851"
"736365","0.4756005085320595","0.6300027105541247","4750","1423.2406452015587"
"736535","0.6412788882849789","0.6487584259687753","5000","2080.1754108538453"
"736622","0.31721721004563397","0.480996958823336","3000","457.74153995512"
"736683","0.4845027359884875","0.5523824421739401","6000","1605.7848272716585"
"736860","0.2246337547884103","0.5107323266028378","1500","172.09158032492425"
"736861","0.3787563517958814","0.5155234682911074","21000","4100.413550417091"
"736949","0.18079600079759095","0.44467401425609177","35000","2813.834920263932"
"737078","0.51043267177094","0.635685856041443","28000","9085.295237374465"
"737101","0.5761254151522078","0.6406057424033444","16000","5905.107988656242"
"737124","0.4734596895410844","0.5459170407559548","2400","620.3273103156046"
"737195","0.674478888582821","0.6680284008258555","3400","1531.9415813246599"
"737455","0.3954081864208988","0.5023910156000186","7000","1390.546642467898"
"737482","0.582258076583118","0.6348493562432024","4000","1478.5846603447908"
"737528","0.5334864054453594","0.5890495456955724","12000","3770.999097148235"
"737563","0.31204643133329446","0.4914662133013422","10000","1533.6027798157154"
"737574","0.7994644949104714","0.6726663304632287","3500","1882.2049684447288"
"737579","0.5081903349760122","0.5530101016709149","5000","1405.1719440663041"
"737771","0.28008662251013916","0.502036992239671","6200","871.805842295662"
"738050","0.4255027968628222","0.5269302136040291","10000","2242.1027964003874"
"738154","0.2755409498280158","0.4698184738389194","3000","388.3626855849739"
"738205","0.7380690318112813","0.6454248033826387","15000","7145.520896094161"
"738212","0.6314951550652244","0.6462078249377915","10200","4162.386528257211"
"738389","0.38009198152881063","0.4984879750542046","7000","1326.2989754464586"
"738488","0.48290732161725225","0.5876893254252551","25000","7094.986952103992"
"738606","0.5104309799681812","0.5657159867967073","6000","1732.5537931458598"
"738822","0.4369442134919861","0.521022854780847","6400","1457.0106975588255"
"738954","0.2664957521354472","0.5093355558171638","5000","678.6788101841056"
"739124","0.4710511243968758","0.587091522187916","20000","5531.002433009824"
"739263","0.4039743145920687","0.552714555048134","8000","1786.2598683250412"
"739289","0.6209590190239288","0.6638702158072465","11250","4637.657227127306"
"739323","0.3369824478481839","0.5751297559333846","3800","736.4728053420898"
"739326","0.42624329110478654","0.5218602112611679","5000","1112.197069722997"
"739336","0.31472194593904756","0.5090415320970184","25000","4005.1635386341945"
"739479","0.4007272197953259","0.5643839399987999","15600","3528.158511896477"
"739599","0.6533497806873058","0.6274305955853757","18825","7716.96316106812"
"739682","0.456518604836163","0.5458819462578265","4200","1046.6621109456635"
"739717","0.6201272402650869","0.6581029610435978","10000","4081.075730422483"
"739751","0.575362269635384","0.6130008918472899","15000","5290.4637663265685"
"739765","0.6419102215608432","0.5971964604158368","12200","4676.827449094751"
"739925","0.5954973311256601","0.6427839717268823","8000","3062.2091172296814"
"740012","0.2012483084883585","0.48224558510694837","1500","145.57666241812814"
"740088","0.7113278895645023","0.6599916771266574","8000","3755.763894565133"
"740129","0.27517940466865487","0.545748050342082","8500","1276.5183005338122"
"740317","0.47340207195957074","0.5041998322041819","9450","2255.6133675853557"
"740349","0.2996186009280988","0.48936009951344317","3500","513.1748592818857"
"740354","0.506001791744078","0.5525701901077963","15000","4194.022593883661"
"740421","0.5580629929392658","0.5921394858542186","9000","2974.060203419909"
"740655","0.5049071491506482","0.5394428967536457","5000","1361.8428756472533"
"740690","0.48980540614827706","0.580910433237971","9800","2788.4240927413803"
"740727","0.567459154411692","0.6419681009942254","8400","3060.0416762954883"
"740734","0.31541027153058443","0.4907610973434904","1000","154.79109096975787"
"740743","0.6521224835228536","0.333570231258394","21000","4568.101600387847"
"740858","0.4292651991217191","0.5304397289998459","7200","1639.435074416565"
"740866","0.5209854823725225","0.558521131176336","11200","3258.9916905408836"
"741085","0.29179000367361363","0.4991816913647684","3500","509.7967964499426"
"741288","0.3011455876878347","0.55164424450736","4300","714.3384898891562"
"741637","0.48388017052440124","0.5649837213142014","14000","3827.3818717823715"
"741664","0.39014835235834966","0.5180739777780715","6500","1313.8171073940307"
"741676","0.5946997232431184","0.6074625819277814","27000","9753.961392531046"
"741680","0.3056606302722612","0.4632553337031933","5000","707.9945863835237"
"741743","0.6520368218482061","0.6625327631050135","20000","8639.915144506069"
"741773","0.2727110501172487","0.5318529117204189","8000","1160.3373285055345"
"741785","0.8066022397794506","0.6937860765065952","15250","8534.043399379758"
"741809","0.3300259693151587","0.586799421383856","1500","290.488571753672"
"741854","0.27867527143969206","0.5122488705443919","1000","142.75109304363409"
"741966","0.6893457378078185","0.6605073872031508","10000","4553.179521590704"
"741967","0.6131782948230146","0.6440173723623211","20000","7897.94948443053"
"742070","0.26803121374957606","0.49229650093389415","3000","395.8524860099429"
"742086","0.4968065898847831","0.5880930567893916","13200","3856.6242802356155"
"742258","0.6252314048843106","0.6027128884938435","16000","6029.360416238186"
"742275","0.7889984307259007","0.6581817837613966","6000","3115.826367120696"
"742330","0.40386227276483755","0.538549855089298","5000","1087.499842367689"
"742398","0.6062097943688419","0.6339838765969206","20000","7686.54470929961"
"742400","0.7450120022031872","0.6683548743522241","13475","6709.639132087951"
"742429","0.32643091436436544","0.4932587798956765","4900","788.9730812440251"
"742519","0.595894177472452","0.6289416531928684","5200","1948.8698793591482"
"742570","0.6732676987796737","0.649609797827212","8000","3498.8903495028485"
"742644","0.34678620394150383","0.5043913321599939","15000","2623.7393307114367"
"742866","0.532605015191405","0.5310541154372685","14500","4101.210235688906"
"743029","0.4946911341810254","0.5718733917071641","4500","1273.0531353820506"
"743275","0.22701995434009614","0.5032641183652611","1600","182.8015954756645"
"743382","0.4139205573943211","0.6065033640185608","12000","3012.530525953122"
"743499","0.3331395723177146","0.48445419079821994","5000","806.9543096502175"
"743524","0.2665083634352342","0.5013766192660798","1050","140.3021153785581"
"743596","0.5268651258388136","0.5780123934481454","10000","3045.3457241045094"
"743600","0.41504527360849797","0.520288614154254","2000","431.88666043407716"
"743614","0.7520957696635487","0.6979535173498679","4000","2099.71155128252"
"743713","0.31703589998615245","0.4801978261816656","6000","913.4396999693902"
"744048","0.41357005611116715","0.5733444664284159","19400","4600.091201145447"
"744085","0.575667512389513","0.5961378671041548","14100","4838.798562258248"
"744315","0.369952120617548","0.5111980192853955","11200","2118.1304624493696"
"744342","0.3675456359722524","0.5989618838091116","12000","2641.7499180930995"
"744429","0.4543671568170803","0.5410611741174365","7000","1720.8829914349558"
"744436","0.4755042608441513","0.6180380328209395","16000","4702.075487521506"
"744449","0.600352098399704","0.616729979577498","7000","2591.785961697503"
"744550","0.4609100584938953","0.6205139550353419","6000","1716.0067398697065"
"744672","0.4255329248157578","0.5480846266327424","15000","3498.420813263752"
"744882","0.20380285753942984","0.4706007985595077","6000","575.4587250405916"
"745149","0.2706056609614076","0.48327027211919954","2400","313.86161138355675"
"745380","0.2734207487271312","0.46893911261888077","14400","1846.3346392275487"
"745597","0.3968942471408271","0.5054379801445278","5600","1123.390388992719"
"745633","0.445155552143804","0.5479786376482741","2000","487.87146601065393"
"745712","0.8177118158135244","0.7113826002721209","25000","14542.648945166564"
"745718","0.433005038710235","0.4793207272275446","6400","1328.309056305798"
"745770","0.429083863429895","0.5421527309855702","3600","837.4643581692852"
"745773","0.4618746854411586","0.5827149516065013","13000","3498.8367046764656"
"745820","0.7548999404696137","0.6972407201639675","4000","2105.387912579079"
"745982","0.6997110627020695","0.6670020653492026","11325","5285.476298959862"
"746008","0.4295070788174008","0.5583708178004917","4000","959.2968754014894"
"746087","0.629790379112571","0.6433405133142793","2500","1012.9241644466899"
"746185","0.16241573788607322","0.4681761075434169","12000","912.4700156075235"
"746374","0.6361318534319248","0.6404973219081365","15000","6111.611227554105"
"746415","0.4988125935157861","0.5574499441369236","1600","444.9008838242703"
"746474","0.2948945010284013","0.5002700460935958","11300","1667.0538075311567"
"746538","0.4277550049012201","0.5331528196852455","3500","798.2057544914653"
"746542","0.37925127489846255","0.5178270990275166","17400","3417.1266222069503"
"746563","0.24759591306624362","0.5163581035533956","8250","1054.74728797727"
"746593","0.25003817790260074","0.48062191373690644","20000","2403.4765514167407"
"746645","0.5946614492943394","0.5732606839588363","7000","2386.272204024981"
"746693","0.4064765048546495","0.527568197976197","3000","643.332231557491"
"746749","0.5288425705874249","0.5673633712922564","7700","2310.3534587313525"
"746758","0.29126400124438245","0.5117491143001904","4125","614.8481404904119"
"746883","0.6444696090746447","0.6116487215795411","8000","3153.512099898984"
"746928","0.6825581107010591","0.6585316467568486","10000","4494.861166472118"
"746973","0.5594162314932292","0.5664478273479396","10000","3168.8010891251174"
"747051","0.3197907763619787","0.47713425219682604","13500","2059.8722946753546"
"747063","0.531296280716904","0.5851059848007506","16500","5129.2664535723625"
"747108","0.2856286101837646","0.5058462870043372","6000","866.9050315419993"
"747165","0.6801260286454041","0.6774669623310937","18000","8293.732463316823"
"747177","0.2589491457928855","0.48552110192464265","3200","402.3208787449815"
"747207","0.3525875092936015","0.48684826376374835","10000","1716.5661672437438"
"747244","0.5737183281829645","0.5909327504165958","10000","3390.2894963757035"
"747339","0.2403122475108307","0.5058238649125311","6000","729.3340189304708"
"747349","0.6903548954842424","0.6672142628510581","24575","11319.604598507594"
"747389","0.3021591983521228","0.475842215790613","16000","2300.481639446231"
"747442","0.3380834358594951","0.5231637424411268","17000","3006.8409245473376"
"747449","0.8454217079574761","0.7462034900174538","16000","10093.706064230164"
"747464","0.36019950283069835","0.559554913583762","3500","705.429905877709"
"747645","0.3611818252656591","0.5308014288237077","3200","613.4906525317331"
"747793","0.5853531273090296","0.6441507063070603","8000","3016.4450431612636"
"747852","0.3271171963133541","0.48431077244917253","8450","1338.7029281359928"
"748051","0.8110348379854037","0.678666122830292","17725","9756.227627596905"
"748282","0.6303174959971103","0.6357102296985246","11500","4608.041721878201"
"748322","0.8580129735349956","0.7026942585661362","11100","6692.420772089125"
"748385","0.1811643591423695","0.5136492708564607","3000","279.16482293596823"
"748447","0.7157190582226969","0.6824361329997767","12000","5861.190556892871"
"748487","0.3893165320149544","0.5300901989324852","5175","1067.9796431506768"
"748854","0.23485513763203503","0.479913382063812","5000","563.5506169802599"
"748900","0.43457582689994334","0.5366150996974026","5275","1230.1297398264198"
"748916","0.708808584445131","0.6945329703894235","17500","8615.091302863488"
"749099","0.4539603358123362","0.574955304438581","10000","2610.069030800222"
"749107","0.23406219100764059","0.4800476454647986","6000","674.1660221132989"
"749183","0.6972816733342727","0.6684357299605294","8000","3728.703874426352"
"749229","0.5085547152585488","0.5726603213858893","3500","1019.301873387945"
"749325","0.38296239937477194","0.55691222738515","5000","1066.3822142028282"
"749396","0.4575129706224639","0.541325673955297","5600","1386.9156961267734"
"749427","0.321262813606624","0.47189165385107384","9450","1432.6317220982671"
"749515","0.38124589014116983","0.543996392898314","4250","881.434653437439"
"749533","0.31269043981642153","0.5165226253188884","10000","1615.1168688609591"
"749568","0.24762463454500072","0.4849032137882834","2400","288.1775546496481"
"749617","0.428973039316887","0.5173467363543403","2500","554.8195046864839"
"749625","0.43859758803143734","0.5407208355090422","5000","1185.7942712630472"
"749736","0.58578372296037","0.6344311767428715","9550","3549.1568112421223"
"749746","0.5316001987002753","0.6262615226911938","2225","740.7486685296708"
"749796","0.21853824103562303","0.5113200445582887","10200","1139.778428069053"
"749902","0.6902928775983742","0.662904149373808","21375","9781.157524522298"
"749972","0.20344764752206923","0.48589019256137567","10400","1028.073452958834"
"750109","0.7001072419972864","0.6559309851536315","9000","4132.998296608247"
"750143","0.30206334294736625","0.5005690193504002","14775","2234.032471356806"
"750212","0.5026741761125351","0.56394145032116","6000","1700.8728234953835"
"750342","0.2335914741792201","0.522332492190818","4800","585.6596009402839"
"750374","0.5153614298557254","0.6454544425084537","16000","5322.277190366189"
"750488","0.649611935465772","0.6620045251426959","5500","2365.253224757753"
"750605","0.38739394759920576","0.5261396296308646","11050","2252.247554627486"
"750670","0.2564057174534403","0.49113700045604186","14000","1763.0246895780688"
"750712","0.7293635848974449","0.6687640235205162","9000","4389.949130808266"
"750779","0.24401375297378414","0.5130767092603116","10000","1251.9777339004772"
"750934","0.5011793595367007","0.5817175809080436","10100","2944.602930770395"
"751034","0.4404776711079126","0.5581426134765115","12000","2950.1923023626114"
"751401","0.655415198242668","0.641981768951123","5000","2103.823041826395"
"751493","0.4253828625171886","0.5791072352180902","11225","2765.192243656181"
"751583","0.40050212045469524","0.510725176739831","2500","511.3662906347532"
"751652","0.32959069705330424","0.5648496207451341","20000","3723.383604633666"
"751664","0.22163244700135643","0.48690397871340424","4800","517.9858572333511"
"751733","0.6353963565940148","0.6426713496920656","12000","4900.212408980358"
"751755","0.71014086124222","0.6665453274756058","2925","1384.522638263225"
"751864","0.4935708584903358","0.5281798682653275","7200","1876.9981753226168"
"751984","0.5431398895769308","0.681992001194049","1400","518.5838843092401"
"752156","0.3038196623849154","0.4996293122013813","4800","728.6266029630297"
"752180","0.653031537169336","0.5845054480771795","12000","4580.405894900305"
"752196","0.33139359940983504","0.5013644159555899","3200","531.6766669425045"
"752220","0.45654067526185615","0.5726074277693557","7600","1986.781221176699"
"752289","0.5538573681704715","0.5907875818521403","15000","4908.180828486351"
"752319","0.45125623975206264","0.5415868092967946","2200","537.6677395376958"
"752507","0.4093420171583121","0.5415297042689544","12000","2660.050337959176"
"752547","0.5090689385029901","0.5734551119014855","2600","759.0132812464867"
"752905","0.6466505884763827","0.6711733381520886","35000","15190.51219299972"
"752928","0.620175253095915","0.6140763691281492","15275","5817.254130766231"
"752952","0.7390455436068797","0.6835696673468799","12000","6062.2693967705845"
"752965","0.6475528548773096","0.6609032353583507","13200","5649.201054472146"
"752974","0.6379378522229913","0.6225073409495537","5500","2184.16547843122"
"752994","0.21879548577800823","0.45126460587464856","35000","3455.7130529867804"
"752995","0.7343862847478553","0.6757256345185015","14350","7121.096208786037"
"753026","0.3109031818594974","0.5136422098074194","6000","958.1579841988213"
"753036","0.5990478509113106","0.6087789463251911","3500","1276.4070181665525"
"753098","0.42246613598974003","0.5272808180967565","5000","1113.7914490142286"
"753181","0.2914581175736738","0.4952121768011253","5000","721.6680442500865"
"753245","0.546749091266878","0.632640531463577","10000","3458.956356763055"
"753299","0.43816629402130247","0.5858986234764562","21825","5602.936447467797"
"753401","0.6350888686223282","0.6516999017032167","10650","4407.900312154869"
"753703","0.5476922298118474","0.6214201213354852","7000","2382.4288033292646"
"753772","0.7914600315434405","0.6520840478773283","21825","11263.848913550379"
"753784","0.1894133082035686","0.5180797751295254","5600","549.5347430756082"
"753785","0.6519432984702618","0.6851710779572908","18175","8118.639687639702"
"753848","0.6433236270024163","0.6615097459779739","10000","4255.648490799972"
"754012","0.7126478880047806","0.6605301140532777","1650","776.6968947269816"
"754052","0.27093410456146394","0.5025392244939259","11000","1497.7051627480173"
"754118","0.7883221393407094","0.6856001817000298","11150","6026.282891967135"
"754163","0.5521594930246381","0.6550299862778148","22125","8002.192681202452"
"754199","0.4864945750291727","0.5332183268707865","7500","1945.5586749657732"
"754267","0.2974480335637014","0.5023710159298241","15650","2338.568088140898"
"754469","0.5393881316991702","0.6080440386535144","12775","4189.838952951753"
"754548","0.3792419789025626","0.5344343531388487","8000","1621.4395334231035"
"754734","0.3256445284518352","0.5072940414347282","11000","1817.1728180038162"
"754853","0.4793447599359415","0.5466008749854958","12000","3144.1231824083766"
"755063","0.6287109055205573","0.6399603061190057","12000","4828.200282687517"
"755141","0.2528457469112678","0.46305861616506266","6000","702.49441000772"
"755184","0.25575526607884147","0.4881081049333781","4200","524.3121166603958"
"755215","0.7822364686919998","0.7114900428049331","20150","11214.552190654002"
"755228","0.5010503811413772","0.5865599808285562","8000","2351.168815651416"
"755248","0.3811638491347613","0.493664984976682","8000","1505.3379668541297"
"755317","0.3254941959040828","0.4870298147162141","14850","2354.1018621471726"
"755405","0.625743549181831","0.6669829904746502","6400","2671.1059437025215"
"755513","0.5915454245142111","0.5923033883594768","4200","1471.5723090949118"
"755554","0.453720591954772","0.5305374207633045","9600","2310.8712249876908"
"755647","0.4313548556430392","0.5215292444416517","10000","2249.6417194975197"
"755784","0.5875074758156686","0.600188776872543","6000","2115.692359879688"
"755920","0.7757792169114659","0.6860647352954864","15000","7983.521446471569"
"755968","0.5008822039639362","0.5425752396587441","8000","2174.130254852261"
"756040","0.29150911948631464","0.4665085918649947","5750","781.9511758723495"
"756045","0.4507095441283945","0.5827814085841908","3600","945.5945147621433"
"756112","0.49154824512623363","0.5696272855181017","8000","2239.9943405795434"
"756173","0.6422444368941784","0.6378752777922716","12000","4916.062183132982"
"756199","0.4590433904735566","0.592873450688298","15750","4286.435563079985"
"756260","0.6147472799982039","0.6433715698372955","4000","1582.0436903426075"
"756435","0.5436010072585833","0.5925301180371093","6000","1932.5998139761193"
"756653","0.3519516010179402","0.4850548077160455","5000","853.5790807855567"
"756669","0.6016302177374313","0.6338756148663766","5900","2250.016472723987"
"756847","0.4458890091356682","0.5806145278317478","8325","2155.2562239013937"
"756858","0.6230378364919612","0.6526361123111193","3000","1219.850974292533"
"756869","0.567570062939343","0.6361698599149845","12800","4621.708383130378"
"756906","0.22688751253911577","0.4742374731889524","3000","322.795681934031"
"756971","0.5383634729848814","0.62175253078472","12900","4318.002188354177"
"757023","0.47578754796937106","0.6069538836615845","3000","866.3433001134966"
"757166","0.35013778987677857","0.5260548255632865","15825","2914.833240681965"
"757196","0.4463763393878445","0.6008710692870949","3500","938.7511992335164"
"757198","0.21574433988465536","0.5299132650620415","4000","457.3031502677302"
"757305","0.63279499971414","0.6554750739864674","3000","1244.3440477676777"
"757435","0.23600006443712018","0.4987678031002861","6000","706.2554020249704"
"757733","0.567756794682998","0.6226881865161662","9000","3181.819039770486"
"757934","0.46963154796960194","0.5768938769370254","6000","1625.5653866407217"
"758033","0.5344853700890769","0.6149815419150416","29800","9795.219383446683"
"758071","0.2830937924708553","0.5188808716848382","10000","1468.9195380584408"
"758239","0.4185183959679366","0.5748742473367492","4000","962.3817915146044"
"758437","0.30766832992446524","0.5533890870335331","24000","4086.24710894476"
"758482","0.19541294827295008","0.48391313552752","12000","1134.7547102572844"
"758723","0.8385755526449575","0.6967021010211983","14000","8179.322891498562"
"758795","0.7575533359991904","0.6302048071217304","9000","4296.723785980139"
"758947","0.25506135610513037","0.49955868560213","11000","1401.5992738415332"
"758959","0.6487014593159404","0.6656741482979599","22700","9802.400065456057"
"758993","0.6295745046398266","0.6310643624678632","11200","4449.782774041393"
"759058","0.44251538259238454","0.534332918788309","25000","5911.263399732852"
"759106","0.4976430538112111","0.6073791969527228","11000","3324.838422322494"
"759192","0.638588096162598","0.6052736561533377","10000","3865.2055174033494"
"759306","0.43697994329788814","0.5482744435209185","11000","2635.4342876559735"
"759467","0.8658800070599596","0.7035326016647128","11400","6944.592880698427"
"759491","0.6231610040006631","0.6414807814102235","15000","5996.187116860871"
"759508","0.39977279852754555","0.5955275943400932","18000","4285.3631938148865"
"759589","0.44057704550857113","0.5106648359024685","2000","449.97440929405775"
"759676","0.2517813712949907","0.46425386786066075","3000","350.6714264368817"
"760011","0.3488931918335695","0.4802475604989215","6400","1072.3526672176254"
"760049","0.27439111246789116","0.50478920965556","1200","166.21160735901196"
"760328","0.57737490852677","0.6209281817289266","25000","8962.708803185815"
"760475","0.5622809945290932","0.5776845676469939","1200","389.78526386479314"
"760529","0.34329698882606074","0.5149206154647201","9000","1590.9362709615032"
"760683","0.26750522107725483","0.5473060242366219","3500","512.4252665361582"
"760715","0.5509968749562522","0.5661766419643975","10000","3119.615603956079"
"760824","0.3539021360941813","0.5246395282032664","4800","891.2210386107814"
"760863","0.32094040752442266","0.5259304351825355","8000","1350.3386255758392"
"761050","0.6298397457951603","0.6399322242349633","16000","6448.875991012494"
"761163","0.6169657638116479","0.6744488995111738","14500","6033.622266363132"
"761214","0.6115052202129788","0.6436636817664959","6000","2361.6222087703068"
"761412","0.44660267700596623","0.5541622859977633","2000","494.9807208446939"
"761413","0.37348609164940183","0.5145106914712811","4800","922.3804188933121"
"761509","0.36970866538753355","0.5016460237686824","12000","2225.5545833337897"
"761600","0.4192488174597362","0.5430628496508109","16800","3824.998086376605"
"761632","0.48860703572085695","0.5499696094044169","10000","2687.1902058764967"
"761715","0.6497233103268378","0.6593798138064325","6900","2956.059604184164"
"761722","0.6424620491355915","0.6490156195311052","6000","2501.8074290697555"
"761798","0.5308036481679299","0.5958116105953501","30000","9487.769295744656"
"761871","0.353290279335994","0.4984948416414524","12300","2166.194596768048"
"761924","0.41359361964490415","0.5263154913002795","1000","217.68072912206867"
"761951","0.3659110132211626","0.50445832219846","8800","1624.3643310706784"
"761961","0.31301077641980046","0.5040848126284775","3600","568.0223228961697"
"762019","0.7077853514091444","0.692961930762683","20650","10128.170470951212"
"762053","0.47655904467692567","0.5467444467135018","12100","3152.7277356192285"
"762065","0.664363186547801","0.6573776827336868","7000","3057.1627244645306"
"762334","0.2885310576348672","0.48453516206221137","3000","419.41032831327493"
"762357","0.5414015354082791","0.58407694993569","10000","3162.201574917671"
"762547","0.527424812854081","0.5996238226281182","6000","1897.5388945949037"
"762576","0.6909104225418521","0.6744428416123113","14000","6523.7142415016515"
"762630","0.6824077359106235","0.6310972964648641","5000","2153.3283860995175"
"762783","0.7325229406775475","0.6832003890442574","16000","8007.359328875904"
"762870","0.4711691743231544","0.5810139235513476","35000","9581.45477204807"
"762890","0.685064761805332","0.6712623738864553","14400","6621.958055165849"
"762894","0.6773985241181948","0.6760698890242003","32350","14815.288901582851"
"763107","0.3605578763598669","0.49431529031502747","8000","1425.834170625579"
"763295","0.4720663761704912","0.5307654999870512","21000","5261.687469679329"
"763315","0.28147919377361774","0.5074445161085006","8000","1142.6805862325148"
"763360","0.2888614314569242","0.48692631676772274","24000","3375.7015890137304"
"763665","0.7368411949484523","0.6851779344362969","9000","4543.80595166118"
"763844","0.4877136943093435","0.5314360486986094","6000","1555.131831599754"
"764024","0.4850772080021143","0.5528319166998519","3000","804.4984879416647"
"764047","0.507208793583962","0.5880661952427682","9000","2684.451108929356"
"764195","0.28871306951223874","0.4928460111649937","10000","1422.9108468030843"
"764332","0.42395765398300667","0.4835501884427466","12325","2526.6842028321807"
"764350","0.4500092638905514","0.5278282118388709","6000","1425.1655104216577"
"764366","0.7337032230266187","0.6539713373720509","8000","3838.5670239752158"
"764376","0.5086964781152374","0.5779949909949293","5000","1470.1200814368449"
"764483","0.6349606907297263","0.6679902591946887","8400","3562.8394735835027"
"764500","0.18076451237213187","0.49591946034485396","5000","448.2231971254416"
"764505","0.5222742509414662","0.5520237016082109","2150","619.8616953076322"
"764624","0.5228533236443438","0.5483914906768165","5000","1433.6415677932482"
"764628","0.3759381861157266","0.5175288538716564","9600","1867.7650424357896"
"764666","0.7361281659602458","0.6659210082099526","15175","7438.8337185482505"
"764749","0.3037096538326055","0.5098220971801559","13650","2113.537234683394"
"764769","0.42848913368524844","0.5830071663226098","9600","2398.19746204672"
"764775","0.40986007861110674","0.6164023193043421","8000","2021.1096243691693"
"764916","0.7187119233190776","0.6510817019622903","20500","9592.77373623111"
"764963","0.6339709886529714","0.6454166601288669","3600","1473.0315772139877"
"764985","0.5400670122425546","0.6122555804986417","16000","5290.544673419717"
"765011","0.30151028054156626","0.5089686206102961","6500","997.4852653159185"
"765045","0.42139962193333047","0.5741934376160374","2400","580.7157540671941"
"765094","0.6373730166027682","0.6654270306420272","18000","7634.2542092879685"
"765133","0.331674412310174","0.5089283451537163","9000","1519.1865880816345"
"765156","0.31153608394837695","0.5400794209427151","9000","1514.2880503944045"
"765267","0.366447610619306","0.5032933719069373","8000","1475.4452286066476"
"765295","0.6807417152684083","0.6514539445438888","11400","5055.579382149823"
"765440","0.4121222374343604","0.5280289006281917","3900","848.6885626318941"
"765508","0.406278635202859","0.5244329996997675","4400","937.4900628427969"
"765567","0.3792011823635105","0.5934326277552303","17000","3825.5160196637617"
"765763","0.4244235881420805","0.5200936395961051","7000","1545.1800608107708"
"765887","0.5147488373428624","0.5935488663908167","21000","6416.100366497784"
"766191","0.24996673074064468","0.4925000370092743","9000","1107.9776172676934"
"766212","0.6861763921999778","0.6193829650312421","10000","4250.059683352628"
"766379","0.2288422202844117","0.47263412816914246","4800","519.161487707586"
"766515","0.6034191818307623","0.583598035046956","4500","1584.694119717336"
"766639","0.3984205932385765","0.5012614425575436","3000","599.1386439342034"
"766739","0.5739270299296049","0.6130256686077895","15000","5277.4800188201825"
"766950","0.44370499673263053","0.57889842301019","5000","1284.3006144513067"
"767075","0.27912755218857","0.5191947714892283","4500","652.1470455370152"
"767163","0.4425122195022083","0.5286686429575512","12000","2807.308014916398"
"767262","0.5146683527823523","0.5807310263515737","3000","896.651642225908"
"767352","0.6069263914279883","0.5997305140944226","8675","3157.633000793933"
"767390","0.5533928425110146","0.575197522357203","6000","1909.8611514152726"
"767511","0.43905848600395736","0.5948792236709385","9450","2468.214988786623"
"767579","0.29530825644622005","0.5056911797805282","12000","1792.0173672146375"
"767588","0.7329760055825472","0.6919992355842911","26400","13390.577258909394"
"767614","0.6974990034179271","0.704322564281787","21775","10697.279842267673"
"767687","0.6251346549467287","0.6000556907016905","6500","2438.2514465115446"
"767757","0.3816090411967761","0.5082203920983339","7000","1357.5904758170636"
"767988","0.25249274630497964","0.47812172308429984","2000","241.44453385924768"
"768042","0.569386756838306","0.6226060023684098","20000","7090.07224953223"
"768047","0.3406205140851879","0.5101006257175886","4600","799.2533918886649"
"768076","0.19131363551432345","0.4962927475722506","3000","284.84270945231907"
"768080","0.3343112231349046","0.49684314956381914","25000","4152.506025921967"
"768091","0.3022436440189781","0.48962196347883735","9000","1331.8661379021373"
"768158","0.35501889374262463","0.5074807838271833","2500","450.4131661749166"
"768254","0.44913596722349547","0.5953051052473902","25000","6684.3233559592845"
"768276","0.6623173472319761","0.6331085186798002","14400","6038.1900662683865"
"768294","0.39808095128030196","0.5490963061068698","8000","1748.678239036181"
"768319","0.7628142808959166","0.6571917082154526","12500","6266.44025391412"
"768335","0.5206769808667864","0.6139990307275359","16000","5115.122585189545"
"768414","0.46468717224822575","0.5697203906123393","9600","2541.520869943705"
"768465","0.45596395347405394","0.5512990387157666","9450","2375.470023311257"
"768635","0.41471194368908293","0.584737854716643","25000","6062.44430695309"
"768644","0.35392914418073673","0.5557089459015969","4000","786.7263665461261"
"768835","0.49216792285797184","0.56726240323266","9725","2715.1067884979243"
"768911","0.6153746503540287","0.5732551439771616","10000","3527.666837885942"
"768959","0.41550288044559813","0.5219308569778938","8400","1821.6557055291366"
"769025","0.5290454060703839","0.5899433903635787","20000","6242.136810268769"
"769217","0.4033830404928732","0.5284632673725712","6300","1342.9906533637397"
"769235","0.4887423477845759","0.5963030803029578","4800","1398.905123800522"
"769341","0.18428858475566845","0.494375441807641","3000","273.32325152606546"
"769458","0.39122166438135964","0.5227955729418218","12000","2454.347450130072"
"769559","0.42599132339179335","0.5346651370253923","30000","6832.881278787042"
"769572","0.6728477074714136","0.6605167310001582","14000","6221.980354799564"
"769616","0.3012931919851295","0.5043696417975321","8000","1215.7051145405985"
"769628","0.4830781184431149","0.6577133970074308","12000","3812.723403614149"
"769692","0.23773739459993837","0.4587941439126346","7525","820.7707463470294"
"769716","0.16096247026327026","0.42887306017343607","15000","1035.4870079232664"
"769744","0.3814112472059772","0.5402645658107288","5425","1117.891676628832"
"769930","0.7862579574768808","0.6976110051253557","12000","6582.026448039072"
"770031","0.30742447751279034","0.4956163540678221","1200","182.83751843531317"
"770137","0.49215585714247645","0.5404590172429872","3500","930.9652480856098"
"770268","0.28873004779922185","0.4802911464680057","11200","1553.1542395852039"
"770293","0.6224899486239291","0.6646448773539654","16000","6619.756088915642"
"770645","0.5221215364104748","0.649446147751111","7000","2373.62874335772"
"770747","0.1788745400891133","0.4782023420934136","10000","855.3822401149619"
"770757","0.5563422419348326","0.596525175311803","8000","2654.9772272283008"
"770806","0.43477933144419145","0.5621325667748406","8875","2169.082141392681"
"770913","0.5450941085206651","0.6039051235785483","25000","8229.62812420277"
"770922","0.49811606512316164","0.592475184882015","25000","7378.035194413675"
"770980","0.7386275145360126","0.6919061004494189","4600","2350.8800630293913"
"771105","0.37155124624592517","0.49909074889034166","7000","1298.0645281801299"
"771120","0.5554231263184166","0.5675223086656693","6000","1891.2900896071887"
"771203","0.3824169791012829","0.5081463935554983","6000","1165.9428525882317"
"771280","0.5633347318285888","0.6197749992997456","16550","5778.279959056898"
"771287","0.6351378081523102","0.6015723144604301","7600","2903.8180415114757"
"771312","0.24715875879811988","0.5029566141531802","8725","1084.6059059177078"
"771315","0.5153703325122909","0.5931400176360186","15000","4585.301521731315"
"771318","0.779196745311234","0.6860230148424442","15000","8018.203505607494"
"771377","0.6462442330205236","0.5926489145648047","10000","3829.9594324337804"
"771406","0.260747354362316","0.4696894760312473","6000","734.821729481821"
"771413","0.6082337489613775","0.5701821031190757","5000","1734.0199908539907"
"771503","0.4541446437611729","0.5543958932085704","10000","2517.7592542386346"
"771558","0.26534983393207245","0.4812475937662156","15000","1915.4845362911217"
"771560","0.38419250465866506","0.49830600040571627","5000","957.2271519115695"
"771620","0.45345824664399825","0.644820559807602","24000","7017.580810808558"
"771695","0.16652729508639175","0.4922856592997144","5100","418.0928961903125"
"771795","0.22010889792251231","0.4841760710840685","8000","852.5716912541304"
"771894","0.5660976250904781","0.5849702707684421","6000","1986.901686183294"
"771900","0.3735668702521784","0.5193862693411672","4950","960.4262402941871"
"772020","0.29363044524802895","0.5269434469783028","10000","1547.2663895677017"
"772268","0.4600013668181058","0.5548581855939314","5600","1429.318933075167"
"772289","0.529324280924832","0.621469469910418","19000","6250.218725264302"
"772333","0.5799056860501447","0.5678977016544107","7000","2305.28974398941"
"772392","0.26554552296589173","0.4844371298601425","5000","643.2005549640357"
"772558","0.3322034586377677","0.49757704461844776","4400","727.3059867084316"
"772597","0.2742827170685611","0.5028769090657317","8400","1158.6157377445443"
"772603","0.19003170198703123","0.4485697870560095","12000","1022.9097611305638"
"772682","0.5721642304421377","0.6102053045710898","23000","8030.165915537441"
"772694","0.5394865685728126","0.6050793164625385","8800","2872.6030445442693"
"772701","0.4992513604886486","0.5740815950384037","5000","1433.0550867720824"
"772732","0.6630775234219393","0.6642382045297728","2000","880.8828472436746"
"773092","0.6432424357771794","0.6060976583748555","8000","3118.941872735095"
"773119","0.5006500923029156","0.5304408398337166","13000","3452.348320511822"
"773235","0.30628309829849343","0.5224077120729799","18000","2880.083747317312"
"773236","0.5298332696945708","0.660365119183274","20000","6997.66820578238"
"773362","0.35945481685911207","0.532832665113114","10000","1915.2926805478698"
"773654","0.526285547047604","0.5708349049135719","9000","2703.7994418567555"
"773677","0.7625994835429815","0.6722631481587973","21825","11188.968833320905"
"773834","0.5526900791967521","0.6500485800911695","16000","5748.406419397195"
"773883","0.5238754408497631","0.5835171531346264","3200","978.2089786937636"
"773909","0.5767772866378738","0.5925717292175462","4000","1367.1276564656364"
"774142","0.40825468059370373","0.5299794120102386","10000","2163.6657557147887"
"774230","0.46795291723418675","0.5266378470268991","2000","492.8834336843376"
"774416","0.3711603152847396","0.5274058723129866","1500","293.62819477606683"
"774884","0.552202178589347","0.5882739879519553","2950","958.2962243758133"
"774931","0.4892453314474243","0.5553706846443365","6000","1630.275088110008"
"775294","0.3829378855130754","0.5125257766453268","7000","1373.8587602565576"
"775332","0.618183770602245","0.6011192041538371","12375","4598.576435539841"
"775418","0.4735827374437178","0.5684890787395688","18000","4846.079054094161"
"775469","0.5735196790193575","0.5891499099213564","4000","1351.5562689295189"
"775502","0.4875592688685254","0.5266076594879474","12000","3081.0293452861083"
"775556","0.36170906773774214","0.4982266136779162","4800","865.0228029867421"
"775656","0.31551180582455485","0.4961979171979498","6000","939.3378054090484"
"775705","0.4189848310470755","0.5106675653922871","9000","1925.657672463979"
"775712","0.66205341271084","0.678146571314714","33000","14815.985311283028"
"776097","0.1863436922597086","0.45333837409400224","13500","1140.436077367807"
"776098","0.5688331879751423","0.5780923151685586","3000","986.5142837437857"
"776187","0.6458515797752379","0.6380398669108096","17000","7005.343952066792"
"776221","0.5783734922255099","0.591058938317508","2800","957.1879023442383"
"776422","0.7309224421073669","0.5923887828626534","6000","2597.9415350818877"
"776493","0.474169279291071","0.5078726799571308","4000","963.2704905075899"
"776547","0.6835534352489205","0.6381800589046509","15000","6543.452573574488"
"776673","0.31976039130136125","0.5143716671364118","9000","1480.281170020853"
"776677","0.32691030981600155","0.4852174604703754","10000","1586.225903305039"
"776742","0.4307044382651076","0.5262659185631415","10000","2266.6506683280872"
"776809","0.7071156926017981","0.7164411438962086","4600","2330.391168103123"
"776849","0.4252142732670573","0.592874579842979","18000","4537.777204915997"
"776948","0.20301140420514108","0.47508073315850974","4000","385.78722699726796"
"777066","0.5330690952936734","0.575803849872149","1200","368.3318847815528"
"777217","0.4489666597302163","0.5347856326992376","20000","4802.018383693741"
"777239","0.3159998741394211","0.5416006848643563","4000","684.5829930038434"
"777252","0.606060614919888","0.6137054885971753","22000","8182.739967576117"
"777293","0.38912698105982313","0.5381211009737064","8000","1675.1795157318927"
"777296","0.4816151977556872","0.5517499872447743","7200","1913.264490373847"
"777500","0.38186403346514786","0.5016117767544951","7000","1340.8324741356355"
"777581","0.5934056615323322","0.628215601230684","18000","6710.160499798065"
"777608","0.3566380503652866","0.5082449593060828","2800","507.5265759057363"
"777693","0.49901623280969576","0.5838345623886911","4000","1165.3716956292078"
"777849","0.49360910029540217","0.5285001232520246","10000","2608.72470344441"
"777898","0.4854489724467076","0.5120282800925583","14000","3479.8904340842237"
"777985","0.40447229156137554","0.5720791122308208","6000","1388.3408968703845"
"778004","0.37170778432749163","0.5188147828159453","5850","1128.1578363716533"
"778167","0.29820406607816674","0.5025072719829232","1300","194.80462526090145"
"778248","0.5104504898862802","0.5657229254006569","13600","3927.3202039850426"
"778387","0.32220392078601723","0.4908967871523943","10000","1581.6886952176044"
"778410","0.31240094595145773","0.48367872897532643","4200","634.6271083676611"
"778517","0.43165175896932395","0.5879205446959482","20000","5075.538745044182"
"778831","0.38837502424728765","0.50987319261069","15000","2970.3302031482804"
"778997","0.6437579810262183","0.6502763427059501","4800","2009.3788103495792"
"779022","0.5637485591593948","0.5878105918818111","9175","3040.3874085786188"
"779179","0.6059290063700324","0.7184579706350428","18000","7836.021436779386"
"779182","0.28081813244737275","0.5248227573527136","7000","1031.658226099688"
"779220","0.7526415167390433","0.6678686852384776","10000","5026.657002403986"
"779279","0.7258418747193711","0.6850229062710748","4800","2386.647890464843"
"779366","0.4406793761460409","0.5529488295933839","20000","4873.462905317918"
"779386","0.7462014022575933","0.7461440012849546","19100","10634.37767085806"
"779618","0.5804141524062942","0.5720824260077613","6000","1992.2684183869876"
"779779","0.3498723983259773","0.48074673155815983","12000","2018.4001434915378"
"779840","0.5233384634753523","0.5595891005621368","5000","1464.2725003287155"
"780193","0.7191793881645847","0.6732121173291429","20550","9949.49372617032"
"780216","0.5166338837507325","0.6076967706206943","8000","2511.6539419883784"
"780516","0.6674503569851244","0.7048063569712945","19700","9267.338114947748"
"780642","0.6601336855455957","0.6061282899407703","10000","4001.257019520501"
"780910","0.6234267734069086","0.6352605585976767","2400","950.492256766128"
"780993","0.4553742625048931","0.5845544763607212","3600","958.2878288401107"
"781040","0.2762122921310455","0.4824931872850005","5000","666.352745988019"
"781137","0.542398964197762","0.6242614173525443","15575","5273.675471452075"
"781216","0.5179608911161379","0.6160418723319773","7500","2393.141978684437"
"781306","0.5052151863557102","0.615446611101117","25000","7773.324357986028"
"781375","0.5339475771038702","0.6366538406206553","10000","3399.3977565327245"
"781388","0.5991018604936472","0.6073621984213354","5000","1819.359115338669"
"781514","0.6247763205156067","0.654293603391466","17425","7123.116089862026"
"781558","0.8536600074931625","0.6962418547897242","6400","3803.864492651836"
"781648","0.6374341352825126","0.5938149901596073","10000","3785.1794477018298"
"781660","0.17712089341545478","0.4406553720972485","7000","546.3449123592902"
"781758","0.5268938854008178","0.5680022530190669","3000","897.8307420289037"
"781904","0.4831714990764884","0.5674234011377471","5500","1507.895484363427"
"781952","0.22705904663898624","0.47788948773150147","6500","705.3093546402035"
"781975","0.2564953206432916","0.46746175134413","16000","1918.4280287917964"
"782260","0.444314062155026","0.5519065215397365","3000","735.6594855455121"
"782519","0.335418684040219","0.5126927099677433","5400","928.6202561097283"
"782520","0.34724758861883176","0.48994491449480304","5000","850.6609505719003"
"782543","0.208283005835052","0.46803473182465327","12000","1169.8041693556952"
"782572","0.6599671980086443","0.6541179555561181","15975","6896.34989887084"
"782593","0.6661313065034835","0.6439093163637344","12000","5147.137850149671"
"782655","0.35897491196205145","0.5026525502116451","14000","2526.1551694361633"
"782699","0.6138384720880461","0.6031990279708674","14400","5331.841483602699"
"782727","0.696186368795954","0.7042068545824898","16450","8064.764053405915"
"782787","0.3328623254702413","0.5168937757846986","21000","3613.143748804554"
"782801","0.22771815514071891","0.48052340769789303","11200","1225.5477237124321"
"782917","0.5179667671498607","0.6030724513057916","17000","5310.315295320045"
"783173","0.4796243123904399","0.5367959771644573","6000","1544.7624086487426"
"783175","0.5085911383768216","0.5667316517893558","3600","1037.6449053758097"
"783190","0.3129960685801475","0.5072118916543692","4000","635.0213120996692"
"783200","0.709592596116992","0.6845465426403924","6450","3133.0820713904413"
"783437","0.42090752947989785","0.5252169043713689","3500","773.7371238101142"
"783498","0.36151325085198116","0.5028724632950462","20600","3744.978214776556"
"783506","0.46807289715439404","0.5774700289796455","22000","5946.55752865536"
"783614","0.2612982046649116","0.5021634245041333","20000","2624.2880254262786"
"783667","0.24557999081095538","0.4840500175257084","10000","1188.7299885600628"
"784126","0.2478959318152082","0.47267895991388753","6000","703.0511473037795"
"784204","0.35390661059607376","0.48783516299495056","4800","828.7108275126054"
"784270","0.30179083755309677","0.5284790153866419","10000","1594.9012468277058"
"784434","0.45196477313661065","0.607522072704166","25000","6864.464394130547"
"784517","0.5053012925987559","0.5664501706493436","14500","4150.306049617538"
"784594","0.4483932476000104","0.5506374967726132","15000","3703.5320314231844"
"784703","0.6888609836250099","0.6920738475189426","19850","9463.342026159422"
"784755","0.5129305099667818","0.5544447749123211","7500","2132.937308581458"
"784842","0.32947074237421703","0.4913914300433804","4375","708.3085592306529"
"784893","0.3355046487685186","0.5025778832947821","6000","1011.7032972818486"
"784918","0.4354389861605248","0.5575962751951614","7500","1820.9936756839954"
"784938","0.30922191748687444","0.528616742243725","10000","1634.5988265226952"
"785046","0.3232670501832484","0.5050768495255265","3000","489.8241097858961"
"785057","0.44366099639679146","0.5144484912428398","3000","684.7221906588729"
"785069","0.6346153527023348","0.6729835558294585","15000","6406.285449683748"
"785146","0.43448492996309396","0.5505886935020438","14400","3444.803855059779"
"785275","0.2568868628015659","0.4783486397101767","13125","1612.819443119638"
"785543","0.4548035432985438","0.5288748200046618","10000","2405.3414209949974"
"785619","0.5052318888099072","0.5558779069951493","8000","2246.7779591908575"
"785669","0.4390065724468233","0.5212903831185931","4800","1098.4795408434477"
"785694","0.5548652363534148","0.5248706678053149","5000","1456.1624357338535"
"785710","0.7331722735079409","0.6782614641439452","12000","5967.3899963908925"
"785745","0.4589698426779154","0.5447383204362725","5500","1375.1015367719733"
"785759","0.4310142063794511","0.5568483355970755","3000","720.0286303232753"
"785827","0.22851973577352114","0.45215808939070007","20000","2066.5409423084584"
"785849","0.5835179270334705","0.6157388133150364","11800","4239.676704087741"
"785876","0.7191185140099542","0.6527163514244543","13550","6360.1045921710775"
"785892","0.3480156732805464","0.5172841134767346","10000","1800.2297902893636"
"785907","0.37739785817705696","0.5288273629986875","8000","1596.6265131290054"
"785965","0.5194139592014024","0.5794980768538549","11000","3310.9932949308527"
"785983","0.4016819345258781","0.5213526107545914","13625","2853.3192316405416"
"786018","0.3761066933231969","0.5485070123124495","35000","7220.40055328975"
"786035","0.6284838544433704","0.6781752024114825","25000","10655.554129987037"
"786073","0.6108688163360825","0.5866049953968183","4000","1433.35479677955"
"786221","0.43515712620007685","0.576182241697696","6000","1504.378850788125"
"786299","0.37394246708505685","0.5613930754085295","27500","5773.0395696251535"
"786333","0.43571714328522815","0.5460122221690675","7550","1796.196986599557"
"786353","0.24797902189627585","0.4671194083385442","5000","579.1790699427963"
"786433","0.28524436593625246","0.4822346863055841","8000","1100.4378186216315"
"786520","0.4517097897255431","0.5499072349204879","6000","1490.3908887269304"
"786538","0.6761975157408673","0.6469282913420581","15000","6561.769552019756"
"786542","0.2762745812605837","0.4846619696455321","2200","294.579521976848"
"786563","0.5177839828597335","0.5851504440695692","12200","3696.3746355302956"
"786569","0.44433619051760775","0.5127317873841044","7500","1708.6896687265273"
"786611","0.5091993884757583","0.5618717937115011","1525","436.30977998350244"
"786784","0.7140986275349233","0.6980332559911298","20200","10068.98471955539"
"786798","0.5968852360797416","0.6413931718697561","2000","765.6762296228273"
"786818","0.3287623358893468","0.5186766718063414","6000","1023.1281251661892"
"786870","0.7688495979747472","0.7260761623861309","19750","11025.306469605075"
"786901","0.3132436098778616","0.5484588589774481","8000","1374.4098628447107"
"786975","0.43856648408959553","0.5356382647008361","8000","1879.3039239495824"
"787038","0.21913426885403542","0.5094825688288118","9200","1027.1348299704325"
"787093","0.4797153634632352","0.5432332503861674","8000","2084.77868923452"
"787108","0.44820244030970724","0.5387757246683224","20000","4829.61189151946"
"787170","0.2931471661557974","0.48227510604366836","7000","989.6430645093164"
"787174","0.5483588261320663","0.5680420798900251","6575","2048.0525894028838"
"787212","0.49546114813159414","0.5745807678958156","12000","3416.189363471926"
"787214","0.4799380283967417","0.5398217303993358","7000","1813.5668388150227"
"787304","0.4634342790355469","0.5184696129329944","2000","480.55318254288267"
"787327","0.7051590663735026","0.6672667648402566","16000","7528.467342669165"
"787394","0.5998094519914687","0.6049628291705677","12000","4354.349076480081"
"787524","0.49629132739492265","0.562368393234023","6500","1814.1406163599104"
"787539","0.3039737731613137","0.4984052404566972","10150","1537.7465332756901"
"787625","0.3608566859955834","0.568662158661287","20000","4104.110840512133"
"787803","0.676804037698953","0.5834496064326388","16200","6397.073000725095"
"787818","0.22174448016003168","0.47836446669781457","4000","424.29871997975073"
"787837","0.38464150195936975","0.5054240304208312","18000","3499.32704737368"
"787878","0.3202849908653469","0.46995081850858883","2000","301.03638722637135"
"788059","0.6759116058361176","0.6501991163852997","19750","8679.673295166951"
"788117","0.4767275209298829","0.5829345470978687","12000","3334.811298028212"
"788120","0.28119271334021423","0.4864180225966002","10975","1501.129809416928"
"788178","0.2729522698501282","0.5006999242495285","12225","1670.7562857408343"
"788234","0.7298568426088536","0.6636876426611472","4200","2034.467262874948"
"788376","0.8100160769642101","0.6314234839574936","10050","5140.204892452144"
"788425","0.6646836037601507","0.6375493535471531","22750","9640.735693012883"
"788444","0.4527890828108738","0.542411247151808","2000","491.19578220833864"
"788452","0.2832776466713086","0.4795551748605437","3600","489.0501409807538"
"788528","0.24787262749247163","0.4917390192876847","7200","877.5982278101491"
"788544","0.556978579286912","0.598687624106406","8000","2667.6494584915426"
"788687","0.35842579161895516","0.5693979450789872","5000","1020.4345460557117"
"788784","0.25771520919277857","0.5228621939798118","24000","3233.988952812057"
"788797","0.34721525726495794","0.6005175757344233","28550","5952.9280829241025"
"788825","0.6556495762279615","0.6926024153669372","11100","5040.559729440724"
"788842","0.7796929543949168","0.653961305629593","10000","5098.890224462945"
"788929","0.47526749888969055","0.5796841617785244","32000","8816.161334862274"
"788944","0.2353724919194733","0.4898073010971759","3000","345.86149505878217"
"788986","0.3821484374705426","0.5377505434274147","3050","626.7766162551512"
"789064","0.4845771554324534","0.5528993220120844","4000","1071.6895228045914"
"789076","0.5039354389978502","0.5311916152285285","4400","1177.8196311735287"
"789237","0.48436458133393967","0.5834932015416462","12000","3391.481283311034"
"789249","0.4383759432654576","0.5394051347087349","10000","2364.6223473017285"
"789332","0.45876290777553363","0.54547232154819","9000","2252.182215100667"
"789347","0.4012631339917424","0.517850859268126","11000","2285.739046032695"
"789544","0.4602980434397642","0.5639365364138037","5000","1297.8944216773561"
"789806","0.3651987444972915","0.5816906641732719","35000","7435.144508465608"
"789842","0.4979686650610655","0.5294603799016736","5000","1318.273392911805"
"789875","0.41348758355335224","0.496532435986318","2800","574.8679919131581"
"789883","0.28628512441407217","0.47221822211431574","7300","986.8800830206985"
"789971","0.2666803451634141","0.5111750828792886","15000","2044.8052131177824"
"790332","0.44141060366811913","0.5388188193002722","12000","2854.0840835409163"
"790357","0.47410748942952896","0.5383301072658705","2650","676.3497894463999"
"790363","0.42835234025631175","0.513593045272759","8500","1869.9896544965934"
"790435","0.6442429024739829","0.5873273022159186","10000","3783.8144588179744"
"790581","0.19550439378391526","0.4887175446840389","5000","477.7321365250827"
"790585","0.6963853772202659","0.6528826010454261","16000","7274.526342553079"
"790586","0.5024552714014576","0.5861318677205728","8400","2473.8423920497025"
"790595","0.15226488036868324","0.47588009146389315","10000","724.5982519658772"
"790629","0.5197104350143711","0.6117705177269381","18000","5722.983394143013"
"790666","0.6856012596972085","0.674505933333162","16000","7399.073881063316"
"790748","0.33322368722367357","0.5196958544957755","20000","3463.499377398801"
"790795","0.4563519474952553","0.6062980835392204","12000","3320.2237342291705"
"790863","0.5618106442538245","0.5907309885704279","5000","1659.3947863472538"
"790929","0.16070460346379278","0.46641097065956794","6000","449.72634054605135"
"791012","0.441503699960501","0.5192750058064654","12000","2751.1420363267807"
"791047","0.7038539943228251","0.6503469517141878","10875","4978.023633799287"
"791105","0.20037449646112626","0.49019346025848715","8800","864.3559563569169"
"791741","0.7143163032489701","0.6883200369894208","18000","8850.208036940594"
"791821","0.27492001715531467","0.48380429198960023","5525","734.8663505011166"
"791823","0.3870977655857818","0.5164664189479423","12000","2399.075961298065"
"791975","0.47449392862881035","0.5814978588039108","15500","4276.716654453187"
"792105","0.34567354619246593","0.516264149922758","15000","2676.8828921375803"
"792191","0.6121486348023268","0.6074671012954161","19000","7065.342978161"
"792222","0.527851104379541","0.5477491057347227","17475","5052.546232477514"
"792262","0.45592567547348095","0.5512289415321271","12000","3015.8331301028043"
"792279","0.2963019286824784","0.5056224826121913","14000","2097.4368349650126"
"792286","0.24636626228300829","0.5028152820743474","1500","185.81508249515022"
"792324","0.4286248601753475","0.5051388037983919","12500","2706.4381143403507"
"792374","0.5321099143237571","0.6315871840185432","12000","4032.8856285130805"
"792538","0.32767080601822685","0.47922541503762967","7000","1099.1972460685959"
"792574","0.563212115665005","0.6146940933966357","12000","4154.437929944416"
"792650","0.19416892118046736","0.4787041141965215","4000","371.7978456727593"
"792727","0.18633202812010585","0.4777652760428074","10400","925.8389176443526"
"792784","0.6315997682207416","0.6730512932882683","20000","8501.980816830814"
"792792","0.48347636665721005","0.6042799344314047","8725","2549.052960820517"
"792984","0.4099722089862482","0.6360233796093601","4000","1043.0076396213935"
"793182","0.45103234175484874","0.5367876044645099","4100","992.6451380930739"
"793449","0.606735203115943","0.5815801425941115","9000","3175.786313505336"
"793464","0.47775060817172965","0.5559408916562715","3000","796.8032972889521"
"793469","0.6210300068880289","0.6707298173839243","7800","3249.03807625757"
"793544","0.5059652683495821","0.5857366595740031","24000","7112.69774744516"
"793642","0.6179325015808992","0.6482048535391125","18000","7209.843240317476"
"793876","0.36247973653739374","0.528524722182634","7500","1436.846265376953"
"793950","0.32763821079610667","0.5283293030632065","5000","865.5043378339149"
"793954","0.6322184128737094","0.6051224862698508","19575","7488.799486682281"
"793962","0.5989760533836648","0.5911851377616729","1500","531.1586109533475"
"793994","0.4684274852983311","0.5623421293287463","4000","1053.6660380750939"
"794040","0.5546757706736836","0.529712022537193","7200","2115.4926552187185"
"794594","0.35417397348225366","0.5468347012069387","1800","348.6143141359963"
"794612","0.4002883824411162","0.5128232550998085","6000","1231.6631475725414"
"794690","0.6502036841358922","0.6598417654994072","5750","2466.9313945280646"
"794787","0.28666135657502934","0.5140482272728506","21000","3094.5130056755115"
"794789","0.6554842016764544","0.666805611935267","16500","7211.828979510675"
"794814","0.31657660771101814","0.5409860958156995","25000","4281.588575804049"
"794846","0.5667910398896636","0.6021854105963719","3500","1194.5965327740557"
"794858","0.5295112380098785","0.5606744424632246","12000","3562.601017790406"
"795022","0.4958771137889568","0.5199700481700996","4000","1031.3649869731753"
"795166","0.2349832840257703","0.4952348076189537","3000","349.1157043745169"
"795305","0.5049431715591763","0.5692229008029388","6400","1839.5213878755221"
"795341","0.23488517061948877","0.4798943201024396","2500","281.8001481414627"
"795377","0.28450230797389975","0.49891934599687404","1800","255.49866977209075"
"795541","0.25660705001039186","0.48979175338926195","18600","2337.7227153934273"
"795609","0.43480633010701286","0.5955057013074496","16150","4181.713823974216"
"795867","0.29152663866885675","0.5300154490546571","10000","1545.1362230546888"
"796295","0.5222314412148581","0.5661499647441584","6400","1892.2323970053305"
"796306","0.40723771216905047","0.5235630420345404","1500","319.821923121622"
"796318","0.45164518872024684","0.5128017655972714","3000","694.8133505977663"
"796382","0.4407542220210495","0.5107188755124952","16000","3601.624010367601"
"796556","0.48904964899054615","0.636683163490551","12000","3736.4361314789335"
"796707","0.6574117091729603","0.6177624628642775","4800","1949.3965275576102"
"796735","0.43149408444892523","0.5490017230098118","8400","1989.8843649804098"
"796929","0.4904276264600279","0.572987155869842","4000","1124.0349233813145"
"796962","0.6464385389768172","0.6403980281666871","12000","4967.735588300495"
"797241","0.4764521933997048","0.5794078206357898","2000","552.1202540297295"
"797281","0.3718091292992328","0.5117200910062695","15000","2853.9330222294784"
"797405","0.6237934615038567","0.6084467921165768","1000","379.54513059531695"
"797529","0.4219197018456958","0.5635043907509323","9600","2282.4346035299886"
"797670","0.198473580030317","0.48689316421037754","15000","1449.5314408968397"
"797739","0.591436248118604","0.5815764810665324","5000","1719.827059780051"
"797819","0.3896227447272078","0.5237672730297591","4200","857.1008985677863"
"797948","0.6515817649836255","0.6746839963594333","24975","10979.304434123287"
"798247","0.49754591005526283","0.5791183116322163","18000","5186.48305303293"
"798356","0.32464982248558505","0.4842931254915235","4850","762.5445345257895"
"798385","0.2929727060741497","0.4830645151207866","11000","1556.7719002366723"
"798434","0.731506620133665","0.6944499824702308","5000","2539.973797643407"
"798501","0.36517158153543927","0.5020204465094447","8500","1558.2506035273411"
"798581","0.7841850883438398","0.700924240538725","9550","5249.19892302185"
"798607","0.20711658947872746","0.5001680339846696","10000","1035.93097365185"
"798625","0.41610867219844394","0.5823841923986861","15000","3635.026695125706"
"798631","0.5575362509047106","0.5504586055523717","14000","4296.60878105066"
"798645","0.42477917678673294","0.5536000515697731","4350","1022.9363176608198"
"798731","0.5644461902296238","0.5546528504784959","7400","2316.7304938091524"
"798758","0.3375041060059455","0.4774849875145495","7000","1128.0720068965065"
"798764","0.5121941154788441","0.6020819905785086","20000","6167.657052202019"
"798802","0.33056141172476217","0.4911850085957061","7925","1286.7569681360308"
"798804","0.46282683347930265","0.5478133971442881","4800","1217.0051517015863"
"798812","0.5453945524468071","0.5791051555950973","16800","5306.125392211169"
"798922","0.4814968161084715","0.5522266217452061","5000","1329.4768007032699"
"799045","0.6011300818086203","0.6659969455034619","18000","7206.314370026171"
"799050","0.39323451386173913","0.5387757221536298","2800","593.2225857084521"
"799203","0.4936168362481642","0.5500917232851358","4200","1140.4450515960991"
"799205","0.5113605710566347","0.5686853164107447","18000","5234.458466723785"
"799299","0.5374012664201395","0.6134490183549722","25000","8241.706983703838"
"799479","0.4394002797840215","0.5124586231440489","14000","3152.4424734212134"
"799552","0.3459532943560527","0.5070791769752674","7425","1302.535909921576"
"799609","0.39494744133378223","0.5061720439349499","6000","1199.4681217607956"
"799783","0.31416744363054006","0.4971622158324589","4000","624.7687296711136"
"799784","0.43091575199233956","0.5456075231585109","12675","2980.0303550051367"
"799847","0.2687173837074812","0.4901812189391238","3200","421.50468702676926"
"799994","0.2473858289444194","0.522027920749699","3200","413.25539170174704"
"800034","0.5953724543250702","0.6336040392784241","15000","5658.455879032103"
"800111","0.24158122495264778","0.5126194954572029","5000","619.1962282357966"
"800228","0.4993827843232448","0.5573471562962603","6800","1892.6411082719103"
"800250","0.5539558612150781","0.6117240855253372","14500","4913.588068036317"
"800289","0.3936956655066358","0.5499561332549101","13750","2977.086005867159"
"800325","0.6865498862013395","0.5810530137219962","3000","1196.7656413433456"
"800347","0.25408214328024814","0.5329204585313705","6000","812.4334338092592"
"800480","0.5195120977981714","0.6036581664771427","16800","5268.6097030482415"
"800482","0.7094098042375346","0.6599621605364269","2400","1123.640705064785"
"800631","0.4695269118785129","0.586876582049285","16000","4408.86958757468"
"800824","0.7639897382070555","0.6922669354525007","16400","8673.71129048641"
"800862","0.2850356366937933","0.5075132031844543","3500","506.3077215006559"
"800878","0.2453667268734362","0.5041547509888988","5375","664.9025558471312"
"800934","0.35637576038999774","0.4929987424028214","10425","1831.597457671606"
"801014","0.2826833937763765","0.4905408943220411","6000","832.0065887583207"
"801181","0.38609894630063557","0.5104894599254343","4925","970.7147546808442"
"801307","0.23586077965254748","0.4907591634869741","6500","752.3804529908533"
"801461","0.5033120962891493","0.6039550467102796","19875","6041.560377405217"
"801591","0.40086773470290493","0.5325097614542367","12000","2561.5917813761293"
"801670","0.5887884281050687","0.6118856284973029","12000","4323.254128596108"
"801761","0.43093465751253357","0.5623487438291229","12025","2914.085148978394"
"801784","0.2966327572323668","0.5142001003319719","4250","648.2465225051882"
"801985","0.6994972930936436","0.6580884593114705","9600","4419.178520683585"
"802002","0.7020087718568975","0.656603149866554","10000","4609.4117083518995"
"802007","0.5727879903907575","0.6309520092493398","10000","3614.0173341093996"
"802095","0.31150761905779056","0.5211089445145403","8000","1298.6352526035419"
"802144","0.4124996271797311","0.5574184017045499","21500","4943.599982054341"
"802377","0.7034567899138829","0.6799723804028397","25000","11958.279698707081"
"802424","0.2627947885502897","0.506510728556088","4400","585.6768711611414"
"802652","0.34626195900353973","0.5253294750442097","14000","2546.6225841155283"
"802683","0.3942908261225856","0.509851939289877","3925","789.0425236955213"
"802900","0.28716207300013097","0.49317367315022215","10000","1416.2077433090683"
"802942","0.26526944377684436","0.48929605041690544","3500","454.2835189770476"
"803050","0.5100426331089805","0.5826765490383142","14000","4160.658338512981"
"803369","0.38026162521503704","0.539375704513774","2000","410.2077639998266"
"803509","0.6849732015692744","0.6630905464560921","9800","4451.152694456221"
"803519","0.40379227490736014","0.4996096227380752","1700","342.9554604227261"
"803544","0.567343738635746","0.6211639143668516","7200","2537.3768938740286"
"803593","0.5525978322134617","0.5905664599433478","2100","685.3260656396116"
"803608","0.729246866340104","0.689942348439799","12000","6037.659546660666"
"803785","0.6973555472555713","0.6532558887748533","15175","6912.995800335226"
"803881","0.44796511954748885","0.5272625136019591","8450","1995.8495662312635"
"803964","0.670689748231835","0.6565562862069471","7000","3082.4189920731615"
"803977","0.20171730956703593","0.47438586334471766","6000","574.1510403031921"
"804002","0.4107887294991467","0.5520072421395148","1400","317.46169514194673"
"804073","0.7617835631234978","0.7081685123789541","3000","1618.4133979557196"
"804090","0.38074057608247824","0.5558051041650569","14400","3047.2927999111525"
"804186","0.8492332685798762","0.7347838423730182","14000","8736.040378213664"
"804226","0.6301994041247838","0.6601248346941624","30000","12480.308324166977"
"804512","0.573267602367484","0.5888157675127912","5000","1687.7450163911383"
"804539","0.4275367228475119","0.5021612827796231","7500","1610.1929188537708"
"804793","0.7056155537154918","0.6423080961877479","12000","5438.670995369534"
"804865","0.6533120492014628","0.5877163304487273","12000","4607.545922335466"
"804918","0.4192079504644838","0.5425900120367989","3000","682.3741406653382"
"805015","0.7757489641566404","0.683660627758164","6400","3394.2337524356753"
"805082","0.7261110878041237","0.6821029757792213","21000","10400.933208487084"
"805142","0.25464188041237334","0.4692284821813696","7200","860.293605929096"
"805295","0.5648711950778555","0.573451477927041","3250","1052.7602203813829"
"805342","0.5688998153770453","0.5882964886982488","6000","2008.0905828443863"
"805378","0.3849025865987309","0.5638312037043359","5000","1085.1004435543741"
"805524","0.48995287046047","0.5587528148419405","6000","1642.5752730580575"
"805743","0.2701917953519928","0.5137479130343134","8325","1155.597170917496"
"805829","0.5108858577654876","0.6220905737267441","25200","8008.995364428542"
"805912","0.2963132572361087","0.5549768737811007","29175","4797.741375566069"
"805919","0.5700948427641682","0.5717972937337514","5000","1629.8934413205995"
"805933","0.26582456059094206","0.49055713043643123","5000","652.0106682150889"
"806010","0.5058308574892475","0.5596315000994114","28000","7926.208684051818"
"806044","0.3173263770305693","0.5264824512295264","28000","4677.869526927493"
"806051","0.5623585141838277","0.5732991432502635","8500","2740.3970622391766"
"806075","0.6121725691386455","0.589230988141085","7800","2813.5461730461598"
"806081","0.5616821161439995","0.5905448240612419","8000","2653.587731652834"
"806146","0.530478059409017","0.5164644092867609","11200","3068.49802103337"
"806211","0.4864191672021203","0.5395848024765514","18500","4855.591219727948"
"806221","0.5039441892172563","0.544715124990916","2875","789.2048133015303"
"806476","0.6735711357739058","0.6303069339739463","18000","7642.018033253988"
"806581","0.7049582855976846","0.6823662047714617","6000","2886.2382591929295"
"806604","0.689101743029654","0.6229310879882555","9175","3938.487093921602"
"806629","0.4501762895942668","0.539346121136555","8000","1942.4066849625144"
"806777","0.37279537485964886","0.5218331417839125","6000","1167.2218902331317"
"806786","0.4701662060437669","0.5646431658481799","9500","2522.023283026112"
"806959","0.2908182173022933","0.5228118060708654","6000","912.2591845567281"
"807020","0.2440861778947736","0.509434870591481","16075","1998.8621179675656"
"807040","0.3774312628018417","0.5250266143277791","3600","713.381248981113"
"807120","0.3563874786285519","0.488935949465759","8400","1463.705462024055"
"807160","0.3902139040916075","0.536905662167734","30000","6285.241636900836"
"807322","0.554968806911833","0.569654425314573","8150","2576.544559666327"
"807491","0.2768818057432132","0.4634639087050156","2000","256.64944787810487"
"807513","0.44593064582732544","0.5191937295715833","12000","2778.2927416482466"
"807547","0.41251785067808633","0.5212232427092227","13000","2795.180593476324"
"807679","0.525467602963005","0.5837089194273696","1600","490.75220275140117"
"807743","0.28575940397197375","0.4934133137758973","3600","507.5909800431728"
"807799","0.5521567932663756","0.567950313895707","16000","5017.56198488456"
"807820","0.22015708952959012","0.47999053899404187","4800","507.23193632000397"
"807822","0.8074108382893828","0.6822668797077586","21000","11568.26313892038"
"807957","0.5509834500037265","0.5670008125854846","5000","1562.0403193663335"
"808039","0.7897930242632375","0.6620057757269386","15150","7921.1402869203075"
"808070","0.731849791585631","0.6769885614358738","10000","4954.539375927004"
"808311","0.44694785840857254","0.5335854679115519","8450","2015.1972542604858"
"808333","0.33687235552667194","0.5540573543487023","6600","1231.8675999717339"
"808443","0.3327768540608488","0.4836365501535983","6000","965.6582980137382"
"808459","0.6923374169768808","0.7029685243468391","26250","12775.649574511428"
"808496","0.5811038902686563","0.5931286859735763","3000","1034.008160547544"
"808551","0.7215029832347152","0.5960295410113684","23950","10299.388351860502"
"808650","0.6233952518851481","0.6474498943343548","16000","6457.875039385242"
"808708","0.494942101961772","0.6053344617141961","20675","6194.343937252179"
"808759","0.45332802611535195","0.6118676870129893","16800","4659.929749395722"
"808816","0.7261933707419261","0.677309127006886","15000","7377.860969631028"
"808868","0.198739811517056","0.5132334156838683","4025","410.549646996499"
"808952","0.5749168066557324","0.5984020558472609","25000","8600.784976098312"
"808985","0.40263450885311625","0.5512221444021757","4800","1065.3170754255912"
"809114","0.539177452222279","0.6176417483528608","17375","5786.196511569789"
"809149","0.3990509813107428","0.5155118897880356","28000","5760.034713923591"
"809174","0.47085550220830574","0.5522956322438445","2650","689.1363088122172"
"809298","0.5298319703685765","0.5839811425992542","11525","3565.9719105627746"
"809327","0.3455946852026842","0.531143050388227","10000","1835.6021529651273"
"809364","0.5725413717221143","0.6074616666144005","18225","6338.599156267393"
"809503","0.5525730570793852","0.6767673274959031","14000","5235.487475201993"
"809659","0.4015677565093956","0.5088829283842575","11200","2288.7309298246146"
"809739","0.4548461032340678","0.5262036208832114","35000","8376.95832632349"
"809768","0.49958856226797344","0.6053866711822141","20000","6048.885133442334"
"809779","0.5905221974964319","0.6494502121176294","16000","6136.236262787621"
"809846","0.5150822040320326","0.5849279180620599","3600","1084.6294604469865"
"809956","0.5363255683846953","0.6491948471456432","22325","7773.11393203269"
"809975","0.5830988505212739","0.513513928466336","8000","2395.4350513230734"
"810047","0.3749434027345686","0.5423224754633617","20000","4066.8046865933484"
"810142","0.5908711242888365","0.6003813389732253","12000","4256.97596113376"
"810256","0.5524257496600802","0.5905558344775954","3500","1141.8338735209695"
"810273","0.2726187017029019","0.4965181535237829","4800","649.728645050764"
"810408","0.6296306284777744","0.6502144298028741","20000","8187.898401642027"
"810435","0.23085492517918282","0.4762471974670468","4000","439.7760445522024"
"810487","0.5432843330499657","0.5597568079781698","12000","3649.2852491111726"
"810509","0.6977945607944058","0.6805683207997983","19575","9296.10627924782"
"810737","0.4301449814754872","0.5614531990484317","3000","724.5188277121221"
"810752","0.746556074780006","0.6628834310020663","8250","4082.7571313562453"
"810838","0.23806027192867818","0.46723297186777824","22425","2494.3239669547074"
"811045","0.3845060192564408","0.48818845540982964","10000","1877.1139963658404"
"811065","0.6406764877991549","0.6667002379105146","12000","5125.670002072433"
"811171","0.27213312207961626","0.4960265689055646","4000","539.9410353228449"
"811363","0.34305588543659704","0.5155909332511381","2400","424.50360991092145"
"811406","0.5443410875041215","0.6392033301878834","5000","1739.7231794536424"
"811484","0.6156620178984391","0.5930030819221871","5000","1825.4473701810357"
"811497","0.6071780926260115","0.585621762929947","10000","3555.767050160876"
"811564","0.3471548441749318","0.5103621195679696","25000","4429.36705228516"
"811633","0.7247920609283188","0.6701835707486319","25000","12143.593286080017"
"811825","0.5091533226275377","0.6322887978867117","12000","3863.1833076502903"
"811881","0.7366219163390333","0.7016106951152459","12475","6447.352139127926"
"811899","0.6798562925847653","0.5924609842492966","18200","7330.7475742018305"
"811924","0.7135911723592301","0.678993743886668","2400","1162.8574601392086"
"811942","0.25273497646039667","0.4883685072664934","5950","734.3954289685778"
"812086","0.4793746062450136","0.6345432309640415","7675","2334.6115206767404"
"812190","0.37981671212091384","0.5041330697778494","9000","1723.3034853100141"
"812247","0.48249322761916036","0.6010323562278649","14050","4074.416282512037"
"812314","0.6747331713337161","0.6476628377011424","10325","4512.020874512909"
"812337","0.7493207382039475","0.7055102643603635","32350","17101.93982246637"
"812474","0.2618377075700713","0.5203382472871698","7750","1055.892347187936"
"812571","0.8148870554665792","0.6492181706196679","14750","7803.332380321991"
"812624","0.4119495633215329","0.5274549386165842","5000","1086.424158174439"
"812803","0.5041204082080523","0.5966321143889556","3000","902.3232751673808"
"812894","0.6991204271843647","0.6317816506795932","4200","1855.1041215435134"
"812936","0.446086696481768","0.577504367029734","6600","1700.2723009277838"
"812939","0.39541611903042473","0.604026415324904","13475","3218.3929981615543"
"812943","0.4807972257252856","0.5294477318918667","10000","2545.570006601543"
"813003","0.44272074537214823","0.5410214322096333","10000","2395.2141173015602"
"813159","0.730416229662807","0.680157162539233","9000","4471.180472160536"
"813291","0.5999250412794486","0.5933054735554023","3000","1067.8164321421425"
"813303","0.17462002596753812","0.4648538934174338","15000","1217.5919840949523"
"813383","0.18029614809706795","0.47538539589827844","3250","278.5580061616927"
"813388","0.25010747143484424","0.4771539564709776","10800","1288.8695110113497"
"813696","0.7349924427785103","0.6842632876576004","12800","6437.4828198286605"
"813796","0.2224921906004953","0.5329430438035518","5775","684.7744669986296"
"813821","0.323177973800871","0.49149232415656496","13150","2088.7393389937342"
"814049","0.4939267308329943","0.5774642576289765","4000","1140.9001317743296"
"814347","0.37201541809765626","0.5203195776055369","4100","793.6243113500109"
"814378","0.4023271127554324","0.5302793497967638","3000","640.0372792726799"
"814509","0.6035050471042055","0.6060531151842729","13800","5047.434370811704"
"814512","0.6145383381712003","0.6140763815798123","2000","754.7469580924834"
"814681","0.4398843711267372","0.5182310419209554","9600","2188.4326653480307"
"814740","0.6993940953156201","0.6590052073807848","21850","10070.760065512412"
"814911","0.25638310127028774","0.5011486559556818","9000","1156.3744195021875"
"814974","0.7243625022841889","0.6706506560055266","6500","3157.662217727524"
"815057","0.4811103730999584","0.5600776622027276","7175","1933.369566470926"
"815082","0.40155252738682845","0.5078817569887841","3500","713.7942109637826"
"815086","0.7441596764053791","0.7196729186973327","10000","5355.515662955218"
"815102","0.3537767344524607","0.5219060092958391","4000","738.5528146391902"
"815115","0.31099999643269793","0.4993339501152796","3000","465.8785701137308"
"815119","0.4535128286551321","0.5276260404969745","10400","2488.565852218058"
"815142","0.5867084411031788","0.5992197470669622","12000","4218.8074041587815"
"815248","0.45149851377222816","0.5141075184987762","6000","1392.7126831279545"
"815264","0.4988692324095877","0.5751017771399959","15500","4446.959022847903"
"815363","0.39344994239057707","0.5519855679902774","6000","1303.0721395572277"
"815379","0.7528914886261086","0.6807107915560451","4000","2050.0054447139496"
"815548","0.4615836777513578","0.5839185092260488","7000","1886.6907709695486"
"815607","0.23693785473440387","0.5139091885432994","8825","1074.5720713399228"
"815843","0.3023822653406062","0.49623232996053734","10000","1500.5185606871444"
"815946","0.46510653872551266","0.5658777150301217","12000","3158.321104554743"
"815985","0.7803285807674298","0.7082843599257175","26000","14370.057763375667"
"816023","0.40308637006609205","0.5101322106250408","6500","1336.5777167251522"
"816029","0.4246275474391068","0.5114021978597403","5000","1085.777305160752"
"816092","0.37062652098050064","0.51654180913065","9600","1837.8632991270392"
"816096","0.22080453904323227","0.4908914407959884","12000","1300.6926996627164"
"816278","0.25300473102057086","0.4939947916962454","19200","2399.6739724544927"
"816334","0.4684188470361679","0.580296076612995","12000","3261.8594297600503"
"816351","0.7084784517535097","0.6620231861279569","12000","5628.3499431943255"
"816484","0.7139486338997353","0.6531810588525968","12125","5654.344911466053"
"816538","0.5329200899173769","0.581823108996688","3000","930.1956706875683"
"816541","0.4255544493745601","0.600677589294651","27000","6901.76756062593"
"816546","0.6113001248189183","0.6489457247543103","12100","4800.077290770461"
"816547","0.4129498470252675","0.5356640301682295","6000","1327.2142758894518"
"816557","0.5616222554354253","0.5780920300859349","5000","1623.3467489305326"
"816694","0.4960164572988639","0.5391259409417812","12375","3309.2648233902532"
"816712","0.3598619345836235","0.5430223255607236","8250","1612.1577829366367"
"816765","0.377049549036684","0.5251228553770537","3300","653.391208168954"
"816934","0.4139890744778313","0.5363036903061608","5000","1110.1193419444648"
"816954","0.3040428650539895","0.5067675838637641","6400","986.1060359323309"
"817184","0.8319025599697372","0.7058507123614246","4000","2348.796058279727"
"817312","0.6210635175510659","0.5939344787905984","8000","2950.968292740384"
"817326","0.5317840408778107","0.5666242041688326","3600","1084.7581522274716"
"817331","0.37698223345947535","0.5413521327372626","5000","1020.400680436718"
"817389","0.49227452616393674","0.5586362343076453","14000","3850.033425585229"
"817698","0.3497761447700808","0.5315094644571614","25000","4647.733284665906"
"817727","0.29653086232730674","0.5148104773761446","12500","1908.2149348935075"
"817747","0.23332422837758227","0.5207462197114452","5000","607.5135494735794"
"817770","0.4715516621086001","0.577532378052234","5500","1497.8499403563485"
"817816","0.4381043729008194","0.5603494970154987","14000","3436.881909933705"
"817826","0.5067367132019863","0.5857070049647247","8000","2374.3939407616326"
"817854","0.6749445077499039","0.6458192432756613","13075","5699.289877568995"
"817884","0.48212599812318735","0.5415577650634814","11000","2872.0898582485293"
"818147","0.8108018898177707","0.7305705379656996","26500","15697.221279936028"
"818370","0.6909847101476005","0.5999616105946429","4475","1855.1752406940104"
"818395","0.40244431544566417","0.4973696158277232","4200","840.6870131740964"
"818396","0.625008389351158","0.6443146937565868","24000","9664.850135522134"
"818399","0.602749923504493","0.5764165486797843","5400","1876.1491653667047"
"818698","0.2958754401134328","0.5165718966691454","10000","1528.4093727721413"
"818712","0.6353847557654337","0.640785703322246","15000","6107.182014050805"
"818797","0.47699769515784396","0.5201095688246339","9975","2474.7083789499316"
"818869","0.36954177777548114","0.488752514273736","4000","722.4578920678106"
"819005","0.6284499296135153","0.6000234196158629","2400","905.0032219777196"
"819093","0.30317227464257346","0.5086275307461249","6000","925.210592652829"
"819104","0.36760578019434065","0.503819616127537","9000","1666.863027573988"
"819389","0.5712519294244593","0.5897677774991693","2875","968.6046948252301"
"819494","0.2456975676514741","0.49315231597623693","11000","1332.8295696875787"
"819500","0.3006934404154228","0.4909178666605721","2100","309.9931428038911"
"819520","0.24925785482454188","0.5191121397994424","12000","1552.7133405574402"
"819666","0.5024711391964638","0.573935215692148","18000","5190.945869768432"
"819717","0.30758853634503924","0.4805768718695288","6500","960.829588027568"
"819751","0.37107998023579414","0.5714798061792095","13000","2756.8412973677746"
"819783","0.4920808016303053","0.6094721208667233","19000","5698.281066340971"
"819971","0.5751091300876281","0.6520351666397924","30000","11249.74132418258"
"820025","0.5454228631742801","0.5861343210610299","5500","1758.3008277880083"
"820098","0.2584432289558841","0.5360741498748445","15000","2078.1710138015305"
"820161","0.3012062704929963","0.5069683270261692","6000","916.2122342497568"
"820266","0.27359192484788997","0.4942678210415879","13200","1785.0054360486538"
"820281","0.35157173266536734","0.5366234936451926","28975","5466.471350757465"
"820385","0.3910826129202475","0.4893079743997179","10000","1913.5984115095525"
"820650","0.7180068392318467","0.6583736750225191","20000","9454.336028727479"
"820667","0.2909555048746336","0.5094703028298576","8000","1185.8655134279497"
"820887","0.2311975304717332","0.5312348767102008","4075","500.4922807531053"
"821024","0.3188945703995053","0.4841733085265309","11000","1698.4026314362275"
"821256","0.6474881820535976","0.6251971936630133","15000","6072.116915248132"
"821459","0.7443268776746603","0.6704959732420387","18825","9394.958380381988"
"821507","0.4951374845719605","0.552264749670993","7000","1914.1288527890124"
"821601","0.6039995665134271","0.6740885381104268","25000","10178.72962025919"
"821627","0.5748530288998874","0.6410689225862733","16425","6052.947765166887"
"821787","0.4267905964630242","0.5428255532344664","7800","1807.0481647944102"
"821828","0.500879422905006","0.5753702223810687","16000","4611.057679087274"
"821835","0.46485243448902314","0.5406208641070362","5400","1357.0681940048619"
"821846","0.440955397434024","0.5354333288509907","2500","590.2555408072777"
"821866","0.672363844009302","0.6703863038460384","18000","8113.383220051986"
"821943","0.5695055378549212","0.642739139811564","10000","3660.4349951879417"
"821953","0.4101375685743862","0.5535978233344583","3200","726.5640487374955"
"821954","0.1688785935052759","0.46981690722389674","4000","317.36807398788153"
"821960","0.19898017879323915","0.4804232286231613","3600","344.1409197403026"
"822099","0.5368014184387393","0.5953733694823337","3200","1022.7112615640585"
"822130","0.48620129069098594","0.5526198058301154","4600","1235.9485291376188"
"822138","0.5125285753303163","0.5800930502814022","6950","2066.334139107225"
"822173","0.6226960383789384","0.675166821307781","35000","14714.829670563955"
"822314","0.5912149834782419","0.6313446607018467","5000","1866.3021157295925"
"822317","0.30542206712502595","0.49536713327283044","10000","1512.960538299861"
"822355","0.3851232884777138","0.5497622333583976","4450","942.1817644036807"
"822555","0.365377762208449","0.570246108721422","12000","2500.2629653525087"
"822959","0.3373565716266369","0.48302284399921214","12000","1955.4111680270648"
"822992","0.23133910997458806","0.46679815956818205","2000","215.97734154455793"
"823003","0.5137273299516956","0.6492956789028499","20000","6671.218709438691"
"823054","0.27241448583359384","0.5185063607005219","15000","2118.7296547752094"
"823162","0.4353760544948435","0.5310108709903535","12375","2860.969046582424"
"823175","0.7463261746191431","0.6720073009563702","35000","17553.7823383616"
"823357","0.5913585537926094","0.5754700840847355","2250","765.6956025193361"
"823368","0.7142596234865057","0.6836902841952027","14000","6836.653109589066"
"823400","0.7431892801352973","0.7014566917294055","10800","5630.2030127426115"
"823751","0.7057214244377294","0.686625378902362","25000","12114.156011351764"
"823812","0.6143538862873843","0.6478039723782488","12000","4775.770655795791"
"823833","0.5411861442891026","0.6069652933272076","20000","6569.624136261113"
"823877","0.7695849179483505","0.675194406406517","12000","6235.433182242535"
"824069","0.30755464702076674","0.4696900934939475","8000","1155.6429673094558"
"824073","0.49740293049381645","0.5592299341147454","3400","945.75286736503"
"824140","0.55252407609596","0.5858552993483456","10000","3236.9915799836667"
"824222","0.399178117496952","0.526977180949608","2100","441.7512940161618"
"824259","0.7344476477401606","0.640550934062374","15250","7174.379683393067"
"824314","0.4556173039631548","0.5149285461667333","2400","563.0648542515695"
"824387","0.7253312907091398","0.6494094475568207","20000","9420.739855901966"
"824461","0.15436540792137576","0.4896451939385557","2000","151.1685601981326"
"824554","0.4904848464132099","0.6177530007040443","14400","4363.178193671367"
"824609","0.8117456966480427","0.7087546182903164","20000","11506.570227531809"
"824610","0.2756565022136517","0.48363247044345686","3500","466.60752305786707"
"824661","0.37760962578689616","0.5301024402818989","2400","480.41228184856396"
"824902","0.43625942727025224","0.5346081936839129","6000","1399.3671863431675"
"824949","0.44216466036930346","0.5741675956114063","9600","2437.2155511223395"
"825167","0.623461075556297","0.6443235017148741","10000","4017.1062338535503"
"825176","0.40430845585400277","0.5293945695170559","18000","3852.6966169008374"
"825273","0.5537754982828994","0.6104008691211598","16000","5408.400727198162"
"825288","0.2354813162484911","0.46125960120353937","12000","1303.4162162839625"
"825662","0.5647460970987422","0.6205119561398322","19800","6938.547767574908"
"825788","0.4679626134518585","0.5680732771551924","11000","2924.207609506764"
"825789","0.4576238580894685","0.5254850844994188","3200","769.518437558702"
"825805","0.4154767982299604","0.5437924464244454","8500","1920.4317286075595"
"825841","0.4593463049578145","0.5273923009946818","5000","1211.278523625533"
"825869","0.844697455867443","0.6744193194600764","25000","14242.00708339447"
"825928","0.7502322482507406","0.700645030696058","35000","18397.627381168448"
"825952","0.15478368761840822","0.46412090248186816","5000","359.19172393463595"
"826091","0.6865207420533488","0.5678984254976653","8000","3118.992387868685"
"826126","0.2631516723335191","0.49034979928141437","6350","819.3809476541161"
"826376","0.26157712141163625","0.46205313808620474","10000","1208.625297998027"
"826386","0.5362550858888657","0.6193430160033357","24250","8054.051674357295"
"826761","0.43476851505121394","0.5094176811344492","8400","1860.4216576483211"
"826833","0.5837137109108077","0.6107296065044416","23500","8377.544256931416"
"826898","0.330929955484487","0.5671442064457123","16000","3002.9601118778282"
"826963","0.2946045924526688","0.4835456393259481","5850","833.3603811344337"
"827024","0.7553768172874611","0.6762546781230035","3975","2030.5377480843358"
"827042","0.5127879688630048","0.5665813244344711","8400","2440.5031270406944"
"827071","0.4385748161575399","0.5156817816510844","7900","1786.703836408994"
"827145","0.48202985918369556","0.5692309449939218","2500","685.9657806460552"
"827262","0.42221821137617643","0.5614065142245096","8575","2032.584165543665"
"827374","0.17821093911947683","0.49964197744541616","5000","445.2083301203004"
"827438","0.4552421125361866","0.5140007848759313","8000","1871.9584252174154"
"827717","0.49745384580152274","0.5696248250999754","6000","1700.172359460015"
"828102","0.35165200458755075","0.4969049720429817","4500","786.3193327879591"
"828322","0.7161067141257266","0.7080762472139631","18000","9127.046785371602"
"828402","0.5456665688847686","0.5878677516788479","3400","1090.6512486564404"
"828449","0.5337123131653674","0.5451443210396725","10600","3084.0725078651008"
"828497","0.3930747172476281","0.5598705367305927","4500","990.3192881429497"
"828978","0.35955369656100966","0.5764046347887622","7000","1450.7389200723876"
"829148","0.5467503194558152","0.6216229219720864","33950","11538.672433197582"
"829338","0.7097939041002597","0.678588622925863","35000","16858.032378059852"
"829790","0.6680976428678479","0.6197910243963215","7000","2898.566457288818"
"829828","0.44012333947127347","0.528411849839926","9400","2186.1240468967685"
"829887","0.5201482073142236","0.6376958627695832","17000","5638.83811713203"
"829990","0.45826566209766073","0.527960512459137","2125","514.1356193324517"
"830288","0.55851409395264","0.5861190924160411","11000","3600.913512339977"
"830426","0.26598592344878136","0.4301083567984199","9000","1029.624916194591"
"830454","0.33209358354319485","0.5257103542714163","6800","1187.1782410991486"
"830485","0.36308188572677536","0.478507750366534","11050","1919.7993345344385"
"830671","0.4776688030454844","0.5986261055252148","14000","4003.230214172129"
"830869","0.24417648651424706","0.5032920091739708","20000","2457.8414898159276"
"830945","0.20917715906473744","0.45448416836537625","8175","777.1785061848034"
"831085","0.4570331405250275","0.5825942070667187","12000","3195.1783212886876"
"831180","0.4813826885757456","0.5804365922767872","2500","698.5303183448592"
"831193","0.667239377989483","0.642492272277436","2000","857.3922882348919"
"831232","0.7116778404981159","0.6220166575312857","22500","9960.198110678733"
"831259","0.7259443076533655","0.6375661129042212","12600","5831.752379235329"
"831264","0.4643963091399693","0.5295543634709549","11200","2754.338629110625"
"831331","0.80335561404294","0.6966896951390058","35000","19589.135224252463"
"831431","0.38862076340902063","0.5032454180654675","8500","1662.3587576808968"
"831432","0.2721077119911093","0.5037431278470356","12000","1644.8686793964202"
"831454","0.7895466718986801","0.698042457789521","8400","4629.5516348902065"
"831566","0.38583008226855775","0.5396873734175593","14000","2915.186731589983"
"831682","0.7241298432524648","0.71225299309045","15000","7736.454723640296"
"831792","0.3101042854367432","0.47735529111213343","5000","740.1496072488834"
"831880","0.6958274838797538","0.6425605439199836","14125","6315.446922042007"
"832166","0.46178713745254807","0.5431085157525639","1800","451.4409482678615"
"832200","0.30114420886525306","0.5121551233845678","15000","2313.488241718976"
"832373","0.4978869365181352","0.5257585378457621","8000","2094.1464620502443"
"832574","0.47953311203159055","0.5569523465232177","24000","6409.850207557809"
"832588","0.3313682678478841","0.5258805603286878","15000","2613.9019555648797"
"832683","0.35698789630554206","0.4879466002165165","6200","1079.9843879885605"
"832704","0.6511482070434653","0.6666626148842169","30000","13022.88499154298"
"832796","0.4164900965662912","0.5288708182438535","12000","2643.233497937712"
"832811","0.5062460863909445","0.5740133993364246","6000","1743.552221700164"
"833007","0.5749103261678123","0.582145292561227","12000","4016.176080281179"
"833135","0.5084627098641595","0.5594272258511399","10000","2844.478832280598"
"833138","0.42697380179781863","0.5175008035732458","12000","2651.511426421139"
"833208","0.633089693003535","0.6057902696970214","7550","2895.5727977959705"
"833272","0.41122003692802445","0.49812356150485704","2500","512.0959733918659"
"833366","0.22070299456447562","0.47785501832225363","2500","263.66008377845935"
"833396","0.39314378108344616","0.5370486490048143","5100","1076.8004161270972"
"833420","0.4852384688428064","0.5450931001822042","9500","2512.751342437317"
"833456","0.36480001654611227","0.5426271344883695","5425","1073.8808529455173"
"833541","0.37710183625920546","0.5333910323509843","10000","2011.4273774374944"
"833555","0.6767682609689931","0.667500344215712","14800","6685.797097835862"
"833775","0.3434105533477253","0.4832181544434818","14400","2389.5678787934785"
"834037","0.37908240846137553","0.5363534451649522","4050","823.45473090773"
"834124","0.28799099594385147","0.478132792457017","2875","395.8815748926946"
"834166","0.7843943530010326","0.6508791602379327","11000","5616.005315543574"
"834179","0.29089507424262606","0.513549079307372","5000","746.9444877617512"
"834213","0.5324242760852225","0.5991502585562627","25000","7975.053566952301"
"834252","0.668626606494509","0.6776186011130064","35000","15857.583901591102"
"834769","0.39538125574336846","0.5035742821473967","35000","6968.634121242607"
"834888","0.27227825229705505","0.5511604627655069","13000","1950.8970979813678"
"834976","0.7983179234309138","0.7202606949713894","17500","10062.447890923162"
"835139","0.25169642071003195","0.48090184729657054","30000","3631.238210321675"
"835351","0.3517412685159792","0.4800690026348313","7500","1266.450599714824"
"835597","0.25245277859690185","0.48675594489110796","8000","983.0631262905652"
"835716","0.7238720027843172","0.7060958434867081","20000","10222.460247648101"
"835750","0.38334089473833644","0.5104074056028494","17700","3463.182558344186"
"835789","0.26592073835701124","0.48332403820301684","15000","1927.8882765695782"
"835863","0.21924605328199887","0.5189947602318307","28000","3186.051479936253"
"836157","0.4366605276821368","0.6070090011453777","7750","2054.1907482965926"
"836201","0.5778998532845939","0.5908830577426583","10000","3414.7123237783444"
"836299","0.5294795097852955","0.5707300796505614","22100","6678.396409727552"
"836363","0.1804679536198588","0.4707987488365614","4500","382.3383904619585"
"836606","0.4968139625327651","0.5451210130165483","8400","2274.9193365076612"
"836641","0.5997379736026738","0.5414772502170256","7000","2273.211281579748"
"836658","0.383264837045312","0.49440092427239407","5575","1056.3871799454325"
"836691","0.43129254624091085","0.6031099939646413","13250","3446.548195724644"
"836799","0.5374901850328433","0.5692934224719213","7200","2203.125314273378"
"836804","0.22131960092039005","0.5036953560614956","10000","1114.7765518898398"
"836839","0.5533857514940642","0.644938343731242","5800","2070.018202075693"
"836842","0.5089695248394783","0.6254665418691462","12000","3820.1209034175718"
"836850","0.4552556406813786","0.549252143213542","10000","2500.5013635430137"
"836948","0.7215760491126255","0.6366801670141673","35000","16079.460581185727"
"837113","0.34203005735107017","0.5525968692231638","12000","2268.0568664690463"
"837148","0.4774348371640842","0.6070973958405284","25500","7391.160881309487"
"837247","0.8119509707987315","0.6640140427520115","20000","10782.93693272972"
"837262","0.5430867551987406","0.583064606878343","4400","1393.28052785147"
"837266","0.2367389723918828","0.4839676797903781","4200","481.2108469747231"
"837403","0.6158966645648484","0.6059442449288704","3000","1119.5971180918705"
"837418","0.3321446546066683","0.5163351124394733","4000","685.9917903300163"
"837434","0.7052630820991344","0.6547459371353497","20000","9235.362752319255"
"837459","0.3098764599493774","0.5052091002778185","10000","1565.524075283004"
"837588","0.589841104560724","0.646212787912969","12000","4573.954375246206"
"837733","0.31082241286245793","0.5046987213883504","14000","2196.2034409073426"
"837805","0.484155711402773","0.5837866769520391","7500","2119.8274041538148"
"837813","0.37823499513968906","0.5846358936396868","5000","1105.6487719464735"
"837818","0.45600733837075913","0.5446063928709821","2400","596.0268280147117"
"837872","0.57365343731732","0.623139768737392","16000","5719.460324245196"
"837909","0.40462977303190617","0.5304661239847782","10000","2146.423873490758"
"838158","0.5889392722196589","0.6090347001026207","15875","5694.115691929921"
"838191","0.3425120223361823","0.5296494656085089","4900","888.9154170147582"
"838263","0.6556165134405203","0.6459753050654893","16000","6776.193236411401"
"838307","0.2647265583503934","0.4963884822586013","12800","1682.0123457676139"
"838370","0.4513655737595197","0.5220813262396701","8500","2003.021067622047"
"838376","0.4623573826725862","0.5901513915852263","13000","3547.1910863210865"
"838454","0.4826564725260788","0.5299970751740118","17600","4502.194730046245"
"838518","0.3791748789484317","0.5206282002818338","20000","3948.1826963800836"
"838560","0.5695879752040202","0.5884183391141494","6000","2010.9360620936452"
"838593","0.6567619764950122","0.6302766566846688","16000","6623.067884526262"
"838698","0.22568767994625316","0.4774585997675134","7075","762.377404837311"
"838845","0.2569943012807361","0.5125848500836305","5000","658.6569269716674"
"838847","0.3924133786754185","0.5848796500974158","6000","1377.087597679341"
"838948","0.3322932587061326","0.4848706007952458","5600","902.2676991386942"
"838974","0.35502122887105847","0.48666579486280886","10000","1727.7668854170486"
"839162","0.41974165191155477","0.5672033161694513","4000","952.3154275947095"
"839205","0.4103728565938938","0.5275818500177439","21000","4546.610688456329"
"839379","0.29527844230621314","0.4889349729093678","12000","1732.463486276504"
"839665","0.36387248101286174","0.5466944505431601","2250","447.58589866898154"
"839696","0.3537266880504627","0.5004878615548866","3500","619.6256978704399"
"839791","0.40978036345189284","0.5490166250646833","5000","1124.8811608006877"
"839927","0.682567914772138","0.6438597486107613","3200","1406.329619247873"
"839980","0.6171391786973747","0.6392834587444328","9475","3738.1420807842755"
"840064","0.5609295899774693","0.6296898237647796","20000","7064.233093147254"
"840337","0.5312156941613323","0.5781878584842338","12000","3685.7095752042774"
"840425","0.4872813896409566","0.5683022910142993","12000","3323.077561219045"
"840478","0.30772593327591113","0.47801514405291845","5000","735.4882816185171"
"840561","0.4195151718289353","0.5244853025715325","6000","1320.1772509802854"
"840579","0.612013448731748","0.585071086280132","4200","1503.8997677236414"
"840632","0.3900759128948611","0.49679617727826864","20000","3875.7644474899575"
"840686","0.4370617774511911","0.6052877768223603","12000","3174.5778192895286"
"840762","0.29314889550481793","0.48937632115451507","9800","1405.90925472004"
"841014","0.3601818916725824","0.4941688204935829","10000","1779.906605709875"
"841135","0.4625597067632128","0.6296001354980633","22000","6407.00838918939"
"841271","0.6543348043812028","0.63460805959357","12000","4982.9536863947205"
"841309","0.6168312543954619","0.6234843434124522","7750","2980.5308797335124"
"841379","0.2233614371817465","0.5232816106988796","28000","3272.6661132614654"
"841619","0.47758864631050935","0.5351825616018645","8000","2044.776920995402"
"841621","0.2801979063371375","0.4810718478661182","12000","1617.5438948378908"
"841663","0.5021348648716711","0.5983980615982311","18000","5408.577536401759"
"841749","0.38303176757091695","0.5037564249000787","3500","675.3414984913906"
"842054","0.48998247734585976","0.5662838152957324","13600","3773.5803951127677"
"842073","0.34211676832145077","0.48723197006430713","5000","833.451135106473"
"842102","0.3484713442117081","0.505562065906499","20000","3523.4778537777174"
"842387","0.46721320727330473","0.5989797451411861","12600","3526.1257225214185"
"842395","0.26793375928625685","0.5120155436698404","12000","1646.2349931414833"
"842500","0.41640114142290785","0.543399856391789","5400","1221.8705304331597"
"842558","0.3091777357611405","0.5165531862937386","12800","2044.2463300928089"
"842873","0.6701955997407056","0.6489389577875477","20000","8698.32068019068"
"842961","0.6732625059124917","0.679357610970243","3500","1600.8510265039233"
"842971","0.28413971288535034","0.49545295697293057","6000","844.6671656549179"
"843247","0.7554356074235795","0.6830943461099247","7000","3612.236545968147"
"843264","0.39015592665170695","0.5034123407639577","12000","2356.9116995840013"
"843307","0.5656911261350068","0.5883362900045412","5175","1722.3260004205874"
"843497","0.31989477853564685","0.5107580545235462","10500","1715.5827647396302"
"843590","0.6011893732002493","0.6219901528076774","3000","1121.8016103095247"
"843770","0.5366482855077068","0.6497195789625573","25000","8716.772452776138"
"844002","0.44805245590621046","0.5622310433345388","3000","755.7269992582533"
"844165","0.5043101662865523","0.5945944979706099","12800","3838.208641851231"
"844261","0.33279987507363107","0.5390249453675802","5600","1004.5696330874483"
"844310","0.6117196140894715","0.5932410952636754","35000","12701.402484984883"
"844362","0.4041288129597904","0.4859076955775035","6000","1178.215801330582"
"844364","0.6680166762658348","0.6534926917134268","10200","4452.748962000656"
"844427","0.46644187743246934","0.6460987732986848","35000","10547.863368848888"
"844483","0.4127682631859604","0.5408700670934077","10000","2232.5399820341977"
"844485","0.5332484587708597","0.6089105433089581","20000","6494.012174976575"
"844517","0.6533595250155629","0.6149927265073396","2000","803.6227113577228"
"844853","0.30956756477581693","0.5368177157360988","4500","747.8160884502338"
"845036","0.5644446469235413","0.6479785508127635","18000","6583.464437895689"
"845166","0.7800580539665208","0.6669685266490797","14500","7543.975478844581"
"845224","0.5706735609582466","0.68093090475988","24475","9510.72224094847"
"845342","0.4023538140905977","0.48822145567328673","17000","3339.44200178718"
"845474","0.36695091114597167","0.5519420510589693","17000","3443.1058551097085"
"845489","0.5115082195506353","0.6019964687465652","30000","9237.784257129757"
"845636","0.6153253280822771","0.6084270717737543","20000","7487.611751066491"
"845715","0.2998615429079232","0.4956573126209166","13500","2006.4856479673892"
"845758","0.41794497576613343","0.5257603237719889","24000","5273.733258664281"
"845804","0.30998990761583434","0.5100625367953747","6625","1047.506831119163"
"846016","0.2759057776540317","0.49333124469115514","5000","680.5647035377227"
"846035","0.291561445719559","0.4747837092798533","5025","695.6038390256874"
"846127","0.5839702148553765","0.5888448052822172","8000","2750.9426196570294"
"846159","0.41493930827979764","0.5402597509959844","12000","2690.1000884362743"
"846260","0.1799122921774965","0.4673298388626925","24000","2017.8811803054502"
"846506","0.334523926060351","0.5033961108564805","4000","673.5921734688861"
"846511","0.5815110058581254","0.6524153950835765","5100","1934.872336425122"
"846573","0.7572266622389745","0.6686918414929003","13000","6582.56678560133"
"846659","0.5004322444635048","0.5143118472070362","3675","945.8650027910568"
"846704","0.2861277458358449","0.5399650826936468","4000","617.9959677647951"
"846710","0.6426557775821318","0.6798425012727864","8000","3495.237690310752"
"846731","0.6459959071767425","0.6608034012471145","21000","8964.40214573624"
"846890","0.34282797506808504","0.49658577472908094","7500","1276.826216984903"
"846939","0.4984333012706692","0.5853892097199656","10000","2917.7747632895057"
"847140","0.4895274647131491","0.5630847986527239","3000","826.9364217089458"
"847201","0.4393459054966966","0.511728622866734","4000","899.3035007278513"
"847272","0.665977677839224","0.631683401704083","16800","7067.5423559406445"
"847496","0.310329705989865","0.48418484214277435","6000","901.5416382414982"
"847512","0.3802312086960552","0.5026079856981968","3200","611.5431740874079"
"847728","0.3965732867154126","0.5436712111840031","20000","4312.109582235786"
"847763","0.46143871248786306","0.5525765670788804","19400","4946.616261478533"
"847785","0.4388809395959338","0.5322030411490484","6000","1401.4426245318464"
"847836","0.5149200673241894","0.5896894584966533","11200","3400.8008794979687"
"848175","0.2987996974148309","0.4947311997077687","3725","550.6501095844819"
"848389","0.586803016401251","0.6067340314875664","4000","1424.1334393207824"
"848496","0.41509188736092373","0.5761407380284654","24000","5739.63231201003"
"848504","0.49669191253115497","0.5656393347207387","2000","561.8969659305877"
"848538","0.5235623698169322","0.5575481966515043","7500","2189.334413445139"
"848639","0.5504643031095513","0.5567602205708967","1200","367.77195217881444"
"848658","0.7400325965897985","0.7003036786356679","30000","15547.42649106423"
"848702","0.344931377048287","0.5056217343808413","15000","2616.072016582902"
"848727","0.3497903857302007","0.5421146429190112","9750","1848.858278052152"
"848840","0.5865776818888258","0.6731808367079974","13950","5508.4763228997945"
"848888","0.30694474175505326","0.4774841401955427","10000","1465.6124610445452"
"849008","0.5423713259592269","0.5756347254244548","1400","437.0908770152919"
"849056","0.3801399451764197","0.5137694711323518","11500","2245.999433780059"
"849205","0.41899802113292317","0.5479285535143381","3000","688.742938934198"
"849217","0.37609160164279853","0.5162264557162073","6000","1164.8906072441616"
"849391","0.29592927123291","0.4836765864852242","8000","1145.0724780079518"
"849760","0.4010569729555269","0.5177006581848453","10000","2076.2745886869798"
"849780","0.3652846545315307","0.5153334289317901","10000","1882.433935558981"
"849818","0.6870010766933674","0.6757338343972945","18400","8541.829640919052"
"850197","0.24263534672303644","0.5295612739830805","16000","2055.844533183642"
"850240","0.3022604296283108","0.5654645211774214","16000","2734.6807857704707"
"850440","0.3835175389047032","0.5386803518272607","7500","1549.45022091833"
"850475","0.19432553322286228","0.4925624945796576","3500","335.0111429167131"
"850530","0.2893482535477886","0.515583966898329","18000","2685.299766826902"
"850602","0.5256158142200436","0.5980102061290024","3000","942.9708642191749"
"850617","0.507054901199042","0.6354921835208575","21600","6960.155608683328"
"850652","0.429372922592002","0.5299230037444137","4200","955.6452732391796"
"850687","0.3196812350834495","0.5028027090433033","11000","1768.1025013329422"
"850711","0.22224151440018836","0.4714239793843329","35000","3666.9492686028057"
"850727","0.5648178146740611","0.6455815725152452","25000","9115.899324547618"
"850828","0.4143908694987539","0.5348873899942606","8000","1773.2196049891259"
"850955","0.39863274423636963","0.5224497866256387","5200","1082.9810792750773"
"851115","0.36901966543119447","0.5105647094088969","18900","3560.9191048691723"
"851196","0.4772622904388879","0.6081156536755379","25000","7255.7667431232185"
"851328","0.6608145401156273","0.6313700699825259","14125","5893.211629440624"
"851498","0.6620772549847739","0.6302267290321497","9600","4005.6843146461306"
"851505","0.750246592611646","0.6907161316591527","14000","7254.903939348468"
"851645","0.5362884189934753","0.5402342817260033","8000","2317.7711106633124"
"851757","0.31488982926123243","0.5145758055684667","5000","810.1734377870781"
"851887","0.18034240893968378","0.4902281225680029","6000","530.4535233233532"
"851930","0.3051222809225157","0.5179819098836204","3600","568.9721585530484"
"852040","0.5553373702316211","0.6147825380248035","14000","4779.7640510342235"
"852089","0.2682644734352051","0.47744606991983324","3500","448.2863648926326"
"852134","0.497897078612923","0.5869594812987897","7500","2191.8405825211803"
"852186","0.20756530402347795","0.46423104226643663","8000","770.8660594013517"
"852265","0.3030349010198018","0.5026678371582041","1500","228.48884741861133"
"852404","0.5289512952875679","0.6112056474879262","12300","3976.5656327875267"
"852457","0.3324989696488446","0.5047363172125062","3000","503.4729162525322"
"852678","0.31096342204965943","0.48035209873677437","10000","1493.7193241192326"
"852689","0.4837860827366077","0.5548089893025142","6000","1610.453205610319"
"852755","0.20037770737160465","0.4665114722242247","1200","112.1741991202106"
"852787","0.38146222206616887","0.5143430553868418","8300","1628.480291940988"
"852831","0.4352515330824147","0.5419795985309745","12000","2830.76941391998"
"852835","0.5666833797531733","0.5934434838025374","7200","2421.32082547478"
"852973","0.37083465848430175","0.5293750007672839","14000","2748.348366675278"
"852997","0.1989527652327706","0.4606601755647569","5000","458.2480788061099"
"853087","0.6994709370339472","0.7090423895742363","16000","7935.272714116481"
"853127","0.293115275512417","0.4844336309629328","10625","1508.6957828262937"
"853130","0.5924118101429414","0.572687261817014","6000","2035.6001845129313"
"853138","0.3568644849453143","0.49928471993665857","1600","285.0831750740179"
"853183","0.4790876802905899","0.5960322531728847","18000","5139.930771917477"
"853224","0.16952569199707268","0.47209858858669096","14500","1160.4761788545015"
"853229","0.237138412167754","0.4844527385358603","12000","1378.588238240568"
"853435","0.614489621636845","0.5679959378370389","3600","1256.4993921578891"
"853474","0.5067340965116979","0.5749746163938777","4800","1398.524365226456"
"853520","0.43063323318061086","0.5406404360062216","12000","2793.812867346412"
"853617","0.39614753591380103","0.5609708597182024","14000","3111.181133155374"
"853735","0.7107146930635596","0.6654694560181359","22000","10405.096243896276"
"853805","0.4290854382904127","0.5086375250821653","9000","1964.2405984274849"
"853861","0.5773353907211607","0.5909217272917339","17000","5799.720447297137"
"853896","0.4039339590746558","0.5239876648110664","8000","1693.251295627342"
"853969","0.5765960600669942","0.5993181017946121","12000","4146.773474659237"
"853983","0.7438753679371624","0.6806128007542468","20625","10442.253887666036"
"854200","0.4657682922191766","0.5495443870900022","6500","1663.7422793780388"
"854413","0.7411498203634518","0.6867063172078116","9400","4784.15127822556"
"854636","0.7763288475630782","0.6350217177505203","20000","9859.713566375754"
"854714","0.44802310619097496","0.4978486726712458","6400","1427.5053359566432"
"854806","0.2879043922328637","0.4908013461317432","16500","2331.5137438746597"
"854835","0.24829130204428185","0.5205216441694789","16000","2067.8559483691242"
"854851","0.3019994843423417","0.5530195246398294","8000","1336.0928901798034"
"855095","0.27936206170456457","0.5446879697482719","16000","2434.642467432812"
"855151","0.3570612473881267","0.5057756105400985","7000","1264.1500927855725"
"855195","0.20739086772201432","0.4675848072017293","14000","1357.6194645887635"
"855246","0.5640909549410399","0.6492089884745956","16500","6042.5131513715305"
"855254","0.5609689414762709","0.6103930385122417","21000","7190.6422706726335"
"855255","0.6009253755800124","0.663405738782068","35000","13953.006995884241"
"855497","0.22068042783644126","0.48317863163674185","14000","1492.7929401143144"
"855530","0.4567950685119232","0.5150006637288217","3000","705.749290415079"
"855548","0.34001914757030427","0.48547882004956205","7000","1155.5046618968245"
"855628","0.3100674331764478","0.4671330921805287","12000","1738.1131061303222"
"855688","0.6673120304718576","0.5995616443141966","35000","14003.314439112328"
"855813","0.45331346540902584","0.5747272513698559","33000","8597.542865454632"
"855815","0.21742930155875406","0.48346563522425484","14400","1513.722173680355"
"855838","0.6298953910911258","0.628305228539694","12500","4947.082095695121"
"855995","0.6529120969419038","0.6786825958460069","31200","13825.346396527877"
"856057","0.2983682037866542","0.507554458917924","7000","1060.0667856187367"
"856190","0.34754627093102686","0.5521177547030688","14400","2763.165121370827"
"856382","0.5097495697002618","0.5938826096708295","4000","1210.9256189286955"
"856434","0.2857000524340625","0.49010964547018376","25000","3500.608785231782"
"856438","0.7488475806851089","0.7025623832152703","10000","5261.121409511195"
"856466","0.23189417374150423","0.47294239908608365","13000","1425.7436292240975"
"856495","0.25749857984272584","0.484158952222307","18000","2244.064367076952"
"856570","0.4105966385611043","0.5385116304597938","10000","2211.110652928509"
"856571","0.4906738744184105","0.5772651916259958","22000","6231.476859124297"
"856680","0.6249027819687945","0.5970383151933801","15000","5596.363561594578"
"856729","0.47925863147254977","0.5605739185065421","1500","402.98983353397506"
"856907","0.5911989397745412","0.6532742479201026","20000","7724.300855047508"
"856912","0.6279307324988628","0.6576265007891898","14400","5946.392021057567"
"856983","0.35334286183041363","0.49869909693269077","20000","3524.2353220487958"
"857017","0.4755583289394649","0.5065798822126495","10400","2505.446135497745"
"857235","0.2874303680971946","0.500758372947496","24000","3454.3959231372246"
"857264","0.6603587281857942","0.6383800016546977","9000","3794.0382539274724"
"857285","0.4029067213436055","0.47566944764678226","12000","2299.8050111362663"
"857376","0.7504932043905032","0.6985144270766385","8000","4193.842645517943"
"857630","0.38712656706708404","0.5304690826067933","7125","1463.1805585541522"
"857921","0.40985672692983965","0.5269825055453351","2200","475.17211471861367"
"858319","0.2224064783017432","0.4845090774778458","15000","1616.3693644061118"
"858341","0.6871287403346313","0.654130235634898","29000","13034.67885997149"
"858453","0.39044729563097846","0.5508963722969941","15600","3355.497580285937"
"858666","0.7467004364909458","0.6689477903761891","18875","9428.130583324584"
"859047","0.2951240863939337","0.49148294738080156","6000","870.2907349437412"
"859049","0.28351859315673134","0.4699854472619525","10000","1332.4961281184592"
"859156","0.6730537943331542","0.6108607430185679","20000","8222.842817956338"
"859323","0.8055447668184772","0.6624230787786727","10700","5709.6424564703975"
"859400","0.18564735490331563","0.4649491968091151","2000","172.63317710406668"
"859412","0.38541580678777765","0.5020027641119805","6900","1335.0106223454025"
"859459","0.5669783838097451","0.6124654859433458","7000","2430.7828395158585"
"859555","0.31048393980733835","0.5097808438987166","6000","949.6725891118997"
"859702","0.36281774235140996","0.5165015877022595","2000","374.7918799421051"
"859754","0.5200156252632273","0.582980071902496","7000","2122.111226244644"
"859762","0.6650845137615786","0.6401001482772417","13600","5789.801463909298"
"859802","0.441598513801293","0.5751045439670076","35000","8888.785916367033"
"859988","0.470524032712049","0.57010167042124","20000","5364.930740449548"
"859993","0.46080408249958593","0.5277204483791655","13000","3161.2845814112093"
"860033","0.37098744282515617","0.5082634780520158","10000","1885.5936800393722"
"860095","0.5794620463460365","0.6355965902185833","21000","7734.386117191093"
"860188","0.4564660875513009","0.580301751231834","15000","3973.3210497594537"
"860209","0.2523902386228968","0.46736204830919603","2000","235.9152377920876"
"860218","0.27565937171783483","0.4921547363835364","25000","3391.6766354860565"
"860287","0.71495849977861","0.6702265074427977","25000","11979.603456829002"
"860296","0.17935834234736492","0.49098286055470486","10000","880.6187199005929"
"860452","0.49273860340345466","0.5527087834239129","1000","272.34095403312136"
"860485","0.3457852452057806","0.49966902283713854","6000","1036.6690535008363"
"860504","0.5424793514316201","0.5941883139583684","7200","2320.8112165275616"
"860528","0.41985094071984663","0.5293931533762612","6000","1333.597280734016"
"860547","0.6690755719905827","0.6714543624289958","9000","4043.283404469771"
"860728","0.6464971175441043","0.6484494516484008","13800","5785.245678819697"
"860789","0.4728498324034759","0.5568485555686852","7000","1843.140223223393"
"860812","0.7373980436080394","0.6527382635721932","20000","9626.558370924882"
"860825","0.2685300278672764","0.48014093365194005","6750","870.2927434829852"
"860937","0.3571424947750458","0.5408622178083798","3000","579.494645392947"
"861125","0.6541314240093978","0.6371108914198685","15000","6251.313819845632"
"861157","0.3880501170158789","0.5755951180008436","14000","3127.0365405159437"
"861168","0.7395056243288008","0.6946953684016693","13200","6781.250944092277"
"861361","0.47253561445880843","0.5918422216576529","12250","3425.9149664523998"
"861467","0.49637585433802023","0.5420618831200856","3000","807.1992910134257"
"861498","0.7282787180931531","0.6555817263150175","18000","8594.031946427953"
"861586","0.3773490977667441","0.49230769013991954","8000","1486.1749015834275"
"861707","0.3635843102954778","0.5079388978170669","14775","2728.626519413062"
"861719","0.40885733685819525","0.6254602404085047","23225","5939.190090540404"
"861722","0.4636222938803991","0.5561441465169362","12000","3094.089899236065"
"861751","0.6050751967945238","0.5320683255340899","15000","4829.120201710083"
"861800","0.5199097557921435","0.6181383640311455","15000","4820.6424883378195"
"861830","0.6057440677507193","0.5589396964515443","26000","8802.934539253678"
"861889","0.7224995514017984","0.6679770532093369","16200","7818.332564905147"
"861890","0.26161506087730824","0.520635581356268","16000","2179.297748982605"
"861996","0.4041803564486278","0.5603301264559046","30000","6794.232907195566"
"862157","0.3443072234622139","0.4958203603809319","14400","2458.2892553106185"
"862314","0.45118975080302226","0.5500335230860686","15000","3722.5423232176754"
"862354","0.42174868283261413","0.574143759756359","7600","1840.2972456969503"
"862376","0.5936187941164214","0.6109420329671994","1500","544.0000093275357"
"862441","0.5450558369115593","0.5677433420765537","7500","2320.888668498763"
"862488","0.6281058282590727","0.6451216647400173","8000","3241.637420475203"
"862592","0.5292119939483757","0.5292342851502709","16800","4705.295806011664"
"862668","0.6312547524540835","0.6461791570119936","12300","5017.21506474731"
"862827","0.44706823392566797","0.5354272485465155","15000","3590.587716050555"
"862862","0.6714658581002593","0.5581648943262034","14000","5247.041376222586"
"862897","0.8075422414018849","0.7171202130702041","21750","12595.53079672649"
"862932","0.60430645184123","0.5900025875634213","8400","2994.9559102478042"
"863027","0.5220911336250624","0.5859266820012782","24300","7433.543152741417"
"863062","0.671732956117545","0.6634220847152813","8000","3565.1398249556823"
"863089","0.5449455858822144","0.6258165925657173","23100","7877.931361851379"
"863110","0.4027115766812429","0.5385329651505777","12000","2602.481513887368"
"863195","0.679605495358315","0.6711151456669102","5600","2554.1238296751985"
"863241","0.3378108130351659","0.4739500698985023","3200","512.3374670415576"
"863374","0.3723629866590922","0.5318280853730076","22250","4406.236347255624"
"863376","0.5209245023932869","0.573564417545735","4800","1434.1620422424357"
"863409","0.3265220937460702","0.4790491580784948","3600","563.1124827710962"
"863580","0.48917056707400375","0.613418388030839","6100","1830.4039464326672"
"863703","0.37190860952556615","0.5277223380293846","14000","2747.7027333292494"
"863733","0.2383245129258752","0.5050861911290054","12000","1444.4930458368688"
"863743","0.7328985967114419","0.6700391326619516","20000","9821.41480139392"
"864008","0.3166520547888674","0.547681251251973","20000","3468.4878715655036"
"864038","0.42205114684379597","0.5393456678949027","4000","910.5258307211071"
"864071","0.6927405736518227","0.6781641781632401","18000","8456.253152596557"
"864103","0.7272604727879192","0.6700997016663981","14000","6822.718361885276"
"864108","0.4712697447547963","0.5765171533743176","10400","2825.628953861755"
"864168","0.5073478753737068","0.5355627542490565","18000","4890.899258955891"
"864228","0.5787372059447207","0.6222390520193848","11200","4033.264372428373"
"864464","0.5488011830506039","0.6235846156634568","35000","11977.839118289143"
"864494","0.6685354716442381","0.6552523033442229","15000","6570.8911149330515"
"864508","0.19480333350592205","0.4918370681265656","22000","2107.8530090823538"
"864919","0.5494888222518073","0.579494656657482","16000","5094.813382206963"
"865019","0.46811536590393743","0.614774412184026","4200","1208.698465413194"
"865056","0.3615645401233788","0.5541420524208356","9600","1923.437916927021"
"865104","0.4570978933033013","0.5314331773153547","4800","1166.0015317551763"
"865127","0.6850157794435329","0.6687990079291518","28100","12873.67425118495"
"865203","0.7685828377258188","0.6868105668515775","30000","15836.124433525907"
"865204","0.21866812539789382","0.46254638354471445","12000","1213.7298071915748"
"865242","0.5534287102843594","0.5801067641880662","7800","2504.1723589883086"
"865353","0.3880688791391904","0.488689260948024","9000","1706.805843691131"
"865446","0.3985471548749342","0.5256415292203894","7500","1571.1970196617185"
"865537","0.20945771584521589","0.4818065597654","15000","1513.7715223155326"
"865653","0.5731128446558384","0.6787371794775202","17050","6632.330576753916"
"865751","0.499979724862753","0.5541423201367377","6000","1662.3595485406422"
"865817","0.6409554682917127","0.6614548865506206","30000","12718.893796886841"
"865845","0.5093799551138891","0.5747762814717949","10000","2927.79516456631"
"865852","0.34598488974743247","0.4686379017959208","3000","486.42489835298926"
"865863","0.3215656028319578","0.5294543977276305","3200","544.8138322474132"
"865872","0.4111191945749846","0.5496989445357908","18000","4067.852172052922"
"865936","0.4761737784704352","0.5477797316319857","4000","1043.3533783228943"
"866028","0.6662490062309472","0.723146180634739","24000","11563.090180982397"
"866058","0.6505211674572549","0.6455042999816224","15000","6298.713162340846"
"866441","0.37242836293361314","0.5795039573084207","15000","3237.3556520088837"
"866493","0.4399457219037277","0.5251891522509716","7500","1732.9104054229535"
"866520","0.49062963031995155","0.5907158229627101","2800","811.5035203641531"
"866746","0.2365347511851864","0.47161726349948835","20000","2231.0774415297997"
"866812","0.17260911963356396","0.46296978212691275","25600","2045.767846652655"
"866837","0.5040629547553755","0.5647753309139617","10000","2846.8232207343653"
"866870","0.6877315564769484","0.580456900362385","12000","4790.382330648095"
"866954","0.376526175888072","0.532524916663317","30000","6015.2871130905905"
"867207","0.280371614717427","0.5030630215717392","6000","846.2675499761781"
"867278","0.40045311729000166","0.5305907471283046","16000","3399.627499084169"
"867295","0.6904404559691073","0.6849631120728927","20000","9458.524868432536"
"867325","0.3070004829853611","0.49996544897203354","5000","767.4481715520361"
"867370","0.5946556421494464","0.6304403304273173","2500","937.2372488179138"
"867387","0.3303593806883506","0.505813262453545","14000","2339.4021857935013"
"867431","0.31536997940724676","0.49398172353309894","4800","747.7776286953105"
"867565","0.3807762436282822","0.5194468763557432","7200","1424.1098184709294"
"867618","0.6823594157659196","0.6725747376994955","4000","1835.7508203021775"
"867657","0.6110176802100619","0.6506222313094665","26575","10564.670317881904"
"867707","0.645385336066142","0.677076113290616","9200","4020.169953249477"
"867771","0.5972154626471355","0.6040328919985353","1200","432.885339658791"
"867869","0.24368316145658908","0.45752851671117195","1400","156.08879357221113"
"867879","0.5008641246211005","0.5927735316606212","11200","3325.268755578059"
"867893","0.6002691809919349","0.6690155091566851","14300","5742.728302059115"
"867909","0.7421357352862065","0.6249346524342811","19225","8916.29234401554"
"867974","0.41735258380478957","0.5017697948444261","14000","2931.8088849492856"
"868012","0.8246532537715796","0.7196460258884252","4800","2848.600496700846"
"868024","0.4469479235896182","0.5295237358287008","2000","473.3390684401107"
"868135","0.46617718120957363","0.5684333518369645","11300","2994.3944316129855"
"868280","0.28259541710568437","0.49134603187198866","2400","333.24512836821003"
"868293","0.35136683545442593","0.550046512671612","5000","966.3405125508355"
"868355","0.19198967925212307","0.46815418766320405","7000","629.1654063099775"
"868396","0.6499378750185543","0.6335093041442099","4000","1646.966763759883"
"868411","0.16262222865070597","0.4696869831583813","11000","840.1969836638682"
"868443","0.19942839312252802","0.4952133588693643","3200","316.03073411880683"
"868458","0.5764477026784718","0.5990025570850147","5200","1795.526969236972"
"868543","0.6816715060775936","0.6659688647495129","15000","6809.579985518785"
"868596","0.4082714393078154","0.5067555727813365","15000","3103.40740615039"
"868624","0.38918413221459436","0.5851147220885966","25000","5692.934134050851"
"868669","0.49850901624548793","0.5498153103080181","1325","363.16645353232406"
"868685","0.39639572450760874","0.5820624181125514","20000","4614.5410787275105"
"868702","0.2694449398231442","0.5177955628490098","3700","516.2143588084074"
"868836","0.4101548119022149","0.4984081298844032","9000","1839.820434869449"
"868847","0.37840011288369746","0.5173127666351329","9000","1761.7608836182092"
"868932","0.534048703067145","0.627104358775515","27875","9335.456512084409"
"868937","0.37412287794222576","0.5518359985864495","4800","990.9814653277656"
"868972","0.4589007399237065","0.5971114425447849","16000","4384.238124811417"
"869079","0.6396497639969442","0.6411346325466132","15150","6213.039488440436"
"869113","0.7291050462963812","0.6938509656626157","15000","7588.353606633453"
"869138","0.562176607685433","0.5870361560914883","4800","1584.0863751370043"
"869148","0.4257643843152529","0.527420496751121","10000","2245.5686307448586"
"869178","0.23748000691709836","0.5067725161305897","6000","722.0900438165268"
"869186","0.8226789159443817","0.7104334274835564","26500","15488.152952279828"
"869408","0.4093072987697749","0.519958815324773","6000","1276.9376290326904"
"869501","0.3970197523292387","0.5282560784564257","7800","1635.8791599944432"
"869729","0.4401774249987058","0.5590823595557628","10125","2491.7162630884945"
"869785","0.37378215046176033","0.5335394642215612","15000","2991.4129243942584"
"869878","0.2632952318086679","0.4976093803981384","8000","1048.1454172967635"
"869981","0.6425899932265549","0.6171654118587221","12575","4987.047796661449"
"870061","0.4468110318876941","0.5644497389118409","25000","6305.059257298479"
"870112","0.514369673282256","0.5840306687787726","30000","9012.229928596642"
"870510","0.6304458536132689","0.572879152679191","10000","3611.692864280788"
"870692","0.3989722680025042","0.5485073312526796","6500","1422.4548907782357"
"870710","0.5813026126990168","0.5364864027837203","2200","686.0940847544821"
"870750","0.3306889052019131","0.47721139655588685","2000","315.6170285538844"
"870854","0.6890904589726109","0.673588200697536","20000","9283.264047544004"
"871158","0.6257008351053097","0.6698960966213815","10000","4191.545470897857"
"871175","0.3385823767753402","0.4885543761710849","12800","2117.323543910394"
"871228","0.8090230773877292","0.7322164548462029","19200","11373.696184581278"
"871242","0.388507101447897","0.5513379093151285","12000","2570.3843167963687"
"871322","0.1960703423969724","0.4602992768074829","8000","722.0082944697757"
"871365","0.2603767229969808","0.5492150667325587","2800","400.4078940298969"
"871396","0.519870923697006","0.6530826109367515","21775","7393.018825814529"
"871420","0.3749389851577697","0.5979542222822267","15000","3362.9452390995225"
"871431","0.41912434667624854","0.5453790842777544","10500","2400.1073500824473"
"871686","0.3805681664391216","0.5404388200628619","20500","4216.3131218888375"
"871812","0.8055081426298066","0.642929712162586","22550","11678.309417340299"
"871855","0.22907166712839877","0.4804298349555961","24000","2641.2687175559972"
"871927","0.6393172825586344","0.6303430140926781","6000","2417.9350970973"
"872153","0.39570588557950115","0.5292929267887416","1000","209.44432632590508"
"872160","0.49443124456671317","0.5951217790577531","16025","4715.305000259708"
"872386","0.5078960934702863","0.6236128806248997","10000","3167.3054590713855"
"872504","0.37840209056701224","0.5594106816889887","13000","2751.8682286761996"
"872616","0.2118267239219842","0.4727826983509205","32000","3204.736323797478"
"872669","0.5686012882220497","0.6521196699694324","15000","5561.941266293357"
"872714","0.6967096423822206","0.6558773519126292","10800","4935.125613214574"
"872762","0.21624287961968858","0.47233123407480443","1000","102.13826619065688"
"872814","0.4925129315824981","0.512709579341062","5375","1357.274026597865"
"872987","0.6834429472240717","0.662365568675843","16300","7378.831945247732"
"873017","0.5589565345297514","0.5977147783458345","10000","3340.965811414061"
"873299","0.20115805341384752","0.5083980767087204","2000","204.53673494014024"
"873468","0.6829873477495452","0.6442636175341256","12600","5544.301132328614"
"873510","0.492642198534157","0.5627570797533485","7000","1940.665195072461"
"873728","0.15923878844344108","0.4799819679818982","16500","1261.1238264262438"
"873865","0.5153547521695127","0.5832198404410082","4000","1202.2604653232738"
"873919","0.4225840542368279","0.5319547302338641","12000","2697.5470388722124"
"873954","0.2893831151150039","0.47525669881399374","3600","495.1125503354401"
"874306","0.3504360504972862","0.5253913348715948","9500","1749.1026114000388"
"874308","0.3352529463618119","0.48333533165203835","10000","1620.3959401710938"
"874404","0.28605509637061566","0.4727210967676534","12000","1622.6913467075306"
"874408","0.38687719321759495","0.4867930343293541","5000","941.6456139960844"
"874549","0.25173358312672633","0.47014548472489515","1500","177.52711119097415"
"874615","0.45781428645766375","0.5776622776486398","9000","2380.1583910969875"
"874642","0.5790823927959841","0.6648939157464729","15000","5775.425395289385"
"874671","0.6633634089206859","0.630547250832525","2300","962.0485397350104"
"874752","0.3114009314831644","0.49133766653440186","12000","1836.0360843789258"
"874779","0.22213537687162888","0.4900151645750254","18000","1959.2946586023575"
"874821","0.31783673281143576","0.5498793472451037","13600","2376.897230296615"
"874845","0.3819680528090561","0.5047116973309586","9250","1783.2496344000042"
"874908","0.5429689057231781","0.6396285445656417","25000","8682.46027280289"
"874923","0.5270983660509504","0.5888955510286977","10000","3104.0588272190066"
"874928","0.3020399235695498","0.4793466021488845","9600","1389.9053863331758"
"875114","0.4253320613239576","0.5358441391202059","4200","957.2291074095066"
"875150","0.4814699867187767","0.5932747134731379","2750","785.5209131453688"
"875161","0.4990665222619335","0.5449211919784018","12200","3317.8134750873587"
"875206","0.26680003196324287","0.471595925969634","8000","1006.5744649794676"
"875270","0.3123514643616888","0.5060714659083614","8000","1264.5773075851453"
"875302","0.44693240720497174","0.5763025039067085","17625","4539.640676781022"
"875350","0.31016366460337863","0.4908873645355955","4000","609.0216955674196"
"875547","0.7061553149815945","0.6493944880572691","30000","13757.201077841764"
"875718","0.409503186938869","0.5070943328095863","5000","1038.2837268208252"
"875752","0.32674872925842346","0.5120843203955924","6000","1003.9374057745391"
"876000","0.37422294311867865","0.5180903550523499","13000","2520.4568670981907"
"876026","0.5585344486414145","0.6162431282632923","6400","2202.83530159103"
"876159","0.5431653074901073","0.589402106451204","18000","5762.569974945933"
"876212","0.5251548612069146","0.594137433841471","2800","873.6396524991802"
"876308","0.4956642120353302","0.6149695760695538","7000","2133.7288724375153"
"876324","0.6815596450573023","0.666781242842795","20000","9089.023744056045"
"876343","0.5701782170019754","0.6503932100671741","10000","3708.400408662925"
"876428","0.5688893742801862","0.5986553808141951","5000","1702.84342500427"
"876446","0.5019684843891294","0.5601443012121134","7000","1968.2235014305681"
"876593","0.31930022873927044","0.5198366759199887","7000","1161.887786698201"
"876597","0.25489824525607074","0.47247882087605375","5200","626.25691628221"
"876601","0.460039289985658","0.5545748824635643","16000","4082.0197627586863"
"876617","0.40543014110973663","0.6298500717597539","14500","3702.722950337254"
"876750","0.45651043981172146","0.5403258478420842","8400","2071.9808796962616"
"876767","0.31747229119533105","0.4766466194769832","14600","2209.3025778876577"
"876843","0.6538449792313739","0.612953482901605","4200","1683.2615406499124"
"876979","0.30332278990310046","0.48147492660926","3000","438.1269540225338"
"877081","0.11984557234241011","0.37894129317665803","30000","1362.4330849478881"
"877124","0.5086942775575538","0.5440242841641205","6250","1729.637751291454"
"877151","0.20833429364508627","0.4719461056924115","24000","2359.741405631467"
"877227","0.30193445519846296","0.46539649955835316","4800","674.4923450180307"
"877360","0.4529741296193035","0.5369447010420914","1600","389.15529377318154"
"877441","0.6949750571408606","0.6870553336673723","10400","4965.8577256539165"
"877506","0.3484095037810466","0.5016804809410091","8000","1398.3219793703506"
"877531","0.09467391883749676","0.31454970821440115","30000","893.3896063754551"
"877604","0.43628679064013487","0.5558590800069365","3850","933.6788001479565"
"877645","0.5020893792309411","0.5653754408791628","2000","567.7380082868771"
"877672","0.2752986590562595","0.5145232599343715","6000","849.8853810791263"
"877712","0.6754778724878906","0.7166036803957313","25000","12101.248236267524"
"877788","0.4610895163853269","0.556705750564313","7000","1796.838297076407"
"877992","0.4597043438304579","0.5189248060474111","5600","1335.8911297836873"
"878093","0.35013273241374465","0.48238982470131414","10000","1689.004674112584"
"878273","0.3914212306344891","0.5336259008344666","4000","835.490027212259"
"878288","0.5757982086576869","0.5763866664616268","10000","3318.8241004278043"
"878571","0.6353059807225826","0.5897107727270953","20000","7492.935616201185"
"878599","0.28564368153262076","0.4949267870143912","9600","1357.178011506259"
"878663","0.19154857911063305","0.48267886188019665","8000","739.6516012791135"
"878776","0.3874195721745044","0.508813378397716","6000","1182.745568253044"
"879029","0.6546809055936229","0.5988353449639877","6000","2352.2763956549584"
"879033","0.26433477802092986","0.49376786347800383","7500","978.9001393974521"
"879158","0.29400987884575613","0.5041909487773165","3200","474.3587832484661"
"879175","0.3537006202581141","0.5573249498548065","15000","2956.892706734511"
"879277","0.6315082287416138","0.7001595147526435","17000","7516.660414966505"
"879328","0.3355983355095735","0.5374514411304813","9000","1623.3102815454995"
"879370","0.41182680693252816","0.5596391442973195","16000","3687.59042928668"
"879452","0.5832990067108799","0.5926852685609506","2000","691.425456887547"
"879545","0.4709496787244849","0.5528684034734688","8000","2082.985575941992"
"879575","0.5678219485648515","0.6314124573147787","15000","5377.947777908981"
"879824","0.5117168712247078","0.6202062357324638","27000","8568.989850502889"
"879841","0.5808010896897796","0.5853301008500318","2600","883.8969370450104"
"879929","0.7358065751726801","0.6826942660579527","22700","11402.91210641752"
"880198","0.520643332443407","0.6110412609891808","20000","6362.691167636573"
"880210","0.7181734128544959","0.6642555608384191","13500","6440.184222321213"
"880291","0.37619628134365213","0.517133116412394","6825","1327.7597652910267"
"880448","0.2075851963042723","0.48822769866768345","13000","1317.5349546984842"
"880511","0.5873029154038178","0.6303246625302714","21600","7996.13665822705"
"880539","0.33527470912182955","0.5179008595424243","8000","1389.1124802962545"
"880686","0.3422078884187322","0.49984799028355675","8800","1505.2569425104896"
"880729","0.21963293568583742","0.4734370360706876","14000","1455.7531253244954"
"880744","0.24587345647913328","0.44570467710579537","12800","1402.7129539701496"
"880784","0.5116868695578498","0.5996834055301041","9000","2761.6511205134057"
"880906","0.5216865081069972","0.6628669764151788","2500","864.5218956636947"
"881055","0.6336086103062011","0.6451512070340265","20000","8175.467194523955"
"881286","0.562563224961973","0.6449753262463793","31700","11502.008965863823"
"881355","0.33313022990346064","0.5029417653391814","5000","837.7255295774694"
"881395","0.1976381539586166","0.49290145320941214","6000","584.4967997749659"
"881454","0.5264567187743349","0.5722216566194424","9400","2831.749396101566"
"881539","0.45605713131998526","0.6663190820450341","20000","6077.591382024483"
"881725","0.5887852464217691","0.6422916147666212","19600","7412.16780283002"
"881875","0.726545968371171","0.6893744615914986","35000","17530.17825185725"
"881918","0.44151928809402785","0.5439086208436059","12800","3073.8706824073397"
"881955","0.7134934552777292","0.6732701716110177","30000","14411.21583234524"
"881975","0.4350814389666975","0.5524280725881189","7200","1730.5286453801134"
"882006","0.39304487658937526","0.5188534348174964","10000","2039.3268425581632"
"882226","0.6465183371284343","0.5577712665807805","7000","2524.2654623747876"
"882241","0.6731499462893946","0.7358879981087062","35000","17337.703824066"
"882293","0.4353870858345117","0.5220944949297098","13000","2955.071608809939"
"882328","0.49232048005339024","0.5904106342047406","15000","4360.0687029045675"
"882404","0.20117955156483036","0.4604325234490896","12000","1111.555303120213"
"882462","0.5613466000872398","0.5716756718859752","8500","2727.7196555091355"
"882466","0.38546402868183527","0.5058104716328972","5325","1038.2245269225282"
"882593","0.226247367370373","0.474232566162116","4500","482.8224132696374"
"882692","0.6173340150378182","0.5996462498349115","5600","2073.019351272557"
"882697","0.641683996539334","0.6737632015289983","19850","8582.009817983546"
"882698","0.4654735868950516","0.521694516115857","15000","3642.525265198894"
"882709","0.38543437623315235","0.5839074409648909","5000","1125.2900014309948"
"882747","0.6656619992966206","0.5852434136854269","17000","6622.763114093347"
"882784","0.22783053492385852","0.5052515237615286","11500","1323.7848366913622"
"883026","0.27814843219633634","0.49789902108477546","4050","560.8838200326246"
"883161","0.5903556270932486","0.629851907318891","6800","2528.4890005036336"
"883165","0.4388701020452722","0.5808742553585637","13000","3314.068468420897"
"883173","0.5329833267761888","0.5889528606831331","4750","1491.034761255935"
"883253","0.5709893565773623","0.6382529611277419","25000","9110.89119019814"
"883269","0.6479537050417525","0.6495255539483488","15000","6312.93733800194"
"883270","0.4322847443940284","0.5499356225033624","2400","570.5490720168885"
"883300","0.43733047456400975","0.6011233973730453","14725","3871.0490749929677"
"883303","0.47544874732582787","0.5345848756847468","12800","3253.346681390672"
"883418","0.45668346116554515","0.5908279389535628","8000","2158.5707849169476"
"883528","0.19120622156917289","0.48538192979037065","10625","986.0854761399347"
"883607","0.19986024781255896","0.47660054385412737","10000","952.5350280228627"
"883622","0.665490604839098","0.6006978893684879","4000","1599.0352068856184"
"883712","0.441076961987257","0.5189938263053605","10000","2289.1622019691054"
"883717","0.7115893915208149","0.668541907105258","20000","9514.546577663914"
"883890","0.6356785323987861","0.6602010463054894","14000","5875.458850850631"
"884032","0.5835558808048313","0.6091264048284737","14400","5118.613857952708"
"884223","0.4975807525492907","0.5904846411971633","22275","6544.702219822325"
"884469","0.4863023085832454","0.5462815806257585","24000","6375.791851075455"
"884477","0.3758949249116872","0.49892955408975503","12000","2250.5410472494805"
"884507","0.7623894158904325","0.8098175097761214","2000","1234.7925965121237"
"884532","0.21789862947564276","0.5022133428589901","6800","744.1348739708142"
"884670","0.5388433668086552","0.6719513505082627","12600","4562.1642532976375"
"884733","0.39962633889085997","0.5462731045865531","28000","6112.5433829731055"
"884755","0.03066640654172914","0.03456945849605849","12025","12.747955844714934"
"884813","0.44272845117950954","0.5691725407016889","7700","1940.314355970491"
"884856","0.4813780407103436","0.5066402737411277","8600","2097.4153199387238"
"884952","0.5771329462249097","0.6045744561963591","21075","7353.485567239244"
"885002","0.6001091993455007","0.579990701211745","5950","2070.9436442254937"
"885035","0.6384213599333699","0.6463741149290084","12000","4951.908497744471"
"885195","0.22647913693504806","0.49307038125752295","9000","1005.0313895589501"
"885196","0.3184944582644632","0.5110243526286972","12000","1953.1010922050991"
"885250","0.6141774913150795","0.6602950917609907","19500","7907.9984682157965"
"885280","0.3777715067313029","0.5007361072132417","5000","945.8191684835676"
"885551","0.35290066144348975","0.5243995613985935","2000","370.1219041564791"
"885569","0.26836335421861457","0.47745709916715773","3700","474.0883579235561"
"885701","0.5232001893687979","0.5805735894727707","35000","10631.467418413671"
"885916","0.4877049446120896","0.6075959927558422","29700","8800.928828807413"
"885922","0.6187903365844548","0.6079625475714422","12000","4514.416193309704"
"885931","0.4089924585664416","0.5176646031233909","10000","2117.209187442569"
"885944","0.4135015743976804","0.5695289894893093","2675","629.9655329656896"
"885951","0.4275613756844304","0.5932728868693945","6000","1521.9634299969105"
"885986","0.669115121556888","0.6829092560431851","12000","5483.338918435917"
"886071","0.43561347061014377","0.5719852360728166","17000","4235.796054998515"
"886112","0.4494146912407776","0.5167262788317987","10000","2322.2438105718875"
"886277","0.3616758279041338","0.5213737929625814","20000","3771.3659643452006"
"886292","0.710768585867529","0.6034474799321563","25500","10937.243554895922"
"886563","0.2999399947178316","0.5033421850720988","12250","1849.4125410643924"
"886822","0.5172576244142015","0.5880739945943966","26000","7908.8296930153565"
"886900","0.24446220215179038","0.48234863090622654","8000","943.3280681298983"
"886928","0.42836942854186066","0.5138277075761547","12000","2641.29697756046"
"887151","0.43072327925690745","0.5211857528134325","8400","1885.6894270517657"
"887185","0.6861963286587598","0.6831016001285048","18000","8437.352581963876"
"887346","0.37050209236268217","0.5895294826973001","15000","3276.32860273259"
"887442","0.5710474203345027","0.5833234147804081","5000","1665.5266561553258"
"887637","0.4920075330844329","0.5485115640575563","8400","2266.9233006020345"
"887650","0.23783577537118383","0.46967752891649023","13000","1452.179550435576"
"887833","0.7582680498449905","0.707392772872246","32000","17164.586827528903"
"887905","0.23093898122753964","0.4804460547085963","4000","443.814889636776"
"887932","0.6758532068309324","0.7321451413490455","20000","9896.452832928773"
"888097","0.5310394421323179","0.6087914296268381","29300","9472.46325210439"
"888117","0.5440369830715746","0.5748249344983221","3500","1094.5410810557391"
"888130","0.2289518607451131","0.47987228129431825","11200","1230.5176992901688"
"888388","0.7483565450420011","0.6709118374976876","20000","10041.625294751"
"888458","0.272255079786371","0.48953947528637637","5000","666.3980445133528"
"888866","0.37704685417278516","0.5065597340066793","10000","1909.9675415782124"
"889368","0.5209897068821131","0.5721520636664742","9600","2861.6192250392883"
"889444","0.7723915139221893","0.6737534695796128","19000","9887.627785199571"
"889543","0.28139853840107476","0.5557689899967301","35000","5473.740351580248"
"889614","0.2899750379139746","0.4921573978326494","4500","642.2101204327452"
"889691","0.42988499286970117","0.612886357133361","12000","3161.6477671945445"
"889700","0.41444862706702945","0.5719423471585217","15000","3555.6108081201546"
"889750","0.3486105864847927","0.4963726204669877","24000","4152.97800806376"
"889798","0.27472814054146","0.5123874894387304","5600","788.2966683771724"
"889931","0.35108712824162147","0.49213442879278707","21200","3662.9797422502356"
"889977","0.28577207903235335","0.4878690876392959","6000","836.5161808217939"
"889991","0.7243542769414391","0.6237554927009601","24000","10843.67901368772"
"890232","0.26520189091217605","0.5055247698787805","15000","2010.9918731219286"
"890368","0.739571406680745","0.6729425481835428","12000","5972.268803705133"
"890389","0.2323415715439261","0.47706854559718004","3000","332.5285668546719"
"890401","0.7597222052849133","0.6581576907750489","21725","10862.869591366883"
"890406","0.23726977709877406","0.4861174026323713","6000","692.0458065985064"
"890539","0.5246152831664737","0.572834924963293","4000","1202.0718254690546"
"890605","0.48290194683842347","0.5863016643933251","5000","1415.6310758507234"
"890643","0.5810692390250013","0.6079660297869165","12000","4239.244299376018"
"890697","0.5562733824360637","0.6389613179295905","17950","6380.097265590447"
"890704","0.46430684496076646","0.5432784315158588","6000","1513.4873668341734"
"890708","0.1630523252845797","0.47179651778989834","14000","1076.985270015347"
"890713","0.3021258510565118","0.494263713354101","4000","597.3193801738382"
"890826","0.312271078867589","0.5007128483802451","14000","2189.013979131877"
"890935","0.7522834111666528","0.6694337116845589","18200","9165.590546403446"
"890942","0.7779007646139323","0.6871081941166927","18000","9621.035812365722"
"891031","0.34227720790931226","0.4794741570914469","7400","1214.4367605790924"
"891046","0.6722241991396816","0.6737017488579957","12000","5434.543423020828"
"891246","0.6030199106154592","0.7637178820811287","30000","13816.112669639702"
"891256","0.7464954176382185","0.6758393130899434","5000","2522.55475140702"
"891287","0.6697016254638328","0.6600554768534803","5000","2210.2011287254054"
"891299","0.4776602123752952","0.6182912803004467","17000","5020.663452387777"
"891347","0.49945156021591675","0.5545435886597782","5500","1523.3221331012285"
"891438","0.4781553462681839","0.5927354931370238","15000","4251.294674495645"
"891490","0.4071009806598681","0.5190230655655256","4200","887.4381557026293"
"891543","0.5524811080799278","0.6094229445421427","8400","2828.2351749957934"
"891636","0.56138819356761","0.593424869510188","18950","6313.035508960344"
"891701","0.6444086069179048","0.6844989255572488","35000","15438.394966930226"
"891773","0.4935655967300778","0.5831270885683355","25000","7195.2867359675865"
"891795","0.31582042821158063","0.49116945098535403","4800","744.5824624062791"
"891799","0.5222057080019838","0.5848931656034639","20125","6146.870311695754"
"891851","0.3106074213675908","0.48873335938362145","3500","531.3147297306334"
"892056","0.5392349358223105","0.6243251605892538","20000","6733.158758052"
"892112","0.37918278445899944","0.5251671061451387","15000","2987.014884215829"
"892139","0.5520085482584236","0.6199452812471109","12025","4115.136513778056"
"892182","0.2602667447472663","0.49196306690379155","1200","153.64995115071767"
"892205","0.32601777399667","0.5257775717109975","17000","2914.018170292097"
"892235","0.7184556056759102","0.6745747544279782","12000","5815.824165194777"
"892301","0.4668237198119922","0.5448160306691321","10000","2543.3304605016865"
"892349","0.730332753874412","0.6456391083810263","35000","16503.59858115272"
"892429","0.484714969224847","0.5545041110566952","3000","806.3293293776915"
"892505","0.670945506314654","0.5834655226742499","4400","1722.4837103224029"
"892547","0.29174982806285743","0.47133088647907734","12000","1650.1284610918199"
"892563","0.29153903657395364","0.4926337101427596","8000","1148.9756579109799"
"892585","0.41231066103439884","0.5281751006702108","2350","511.7647285132252"
"892628","0.3167432274206804","0.4996668698375064","6100","965.423191623877"
"892658","0.5565108742762388","0.6186970795910183","8000","2754.4932214028263"
"892665","0.4209779728363441","0.522621584286334","12000","2640.146101360553"
"892672","0.3342179452196199","0.5318822831348937","1000","177.76460376806426"
"892696","0.49462709493900625","0.49610196892203406","6000","1472.3128540885614"
"892726","0.28288224479746094","0.5100027438636061","14000","2019.7900945180195"
"892859","0.5370655397890326","0.5640522382110091","5000","1514.665098920038"
"892904","0.33121459340326975","0.5253674594690607","6000","1044.0562168521226"
"892927","0.28269334053728457","0.493539194608497","5000","697.601218049785"
"892957","0.48387551437726894","0.5427259907995313","14000","3676.5654514965063"
"893034","0.6934970715047823","0.6520748872593407","11000","4974.332271877803"
"893112","0.2638499065959127","0.481471951196306","7200","914.6615713322194"
"893164","0.3001807201240919","0.4938375194491964","2200","326.12910486762104"
"893178","0.2931708364580984","0.4880687212061493","14500","2074.7689710530976"
"893294","0.5069599638218114","0.5683347804211489","7500","2160.9223479073707"
"893407","0.2745404067981787","0.5189507973546241","3000","427.41888904193314"
"893436","0.21109034188149312","0.5091911089566519","16000","1719.76520436282"
"893553","0.584333336377836","0.6214255884402747","6300","2287.6540306443544"
"893785","0.42574423091187197","0.5361150803833493","5000","1141.2395128903274"
"893796","0.37892369049644625","0.5341173643299767","15350","3106.6822457497983"
"893801","0.20485945453927878","0.484350054101912","6075","602.7839039280312"
"893819","0.36488789715051184","0.519094169964301","5000","947.0559005068209"
"893828","0.47649221033064326","0.5727861424189612","35000","9552.48472667907"
"893859","0.3628586790135879","0.47778996997996775","8325","1443.3072259626672"
"894039","0.3317120866036858","0.5335834376553295","14000","2477.9450567454383"
"894186","0.5998233674342416","0.623275136488662","22750","8505.201049951645"
"894438","0.20861535474913506","0.47365508174866444","20000","1976.234458154564"
"895586","0.6554016713474987","0.6803380848037767","16000","7134.3154857880245"
"897096","0.6771966204780252","0.6618963548601124","15600","6992.450004040673"
"902095","0.7020934126066734","0.6969049279582674","17000","8317.970105254673"
"903790","0.42953320984892607","0.5689827329790236","12000","2932.763755741133"
"904606","0.7549253138095834","0.6682747455011104","16000","8071.960351335123"
"905821","0.7882221040776529","0.7206108834364502","13200","7497.618833278662"
"905862","0.6468803581158221","0.6237389872966437","8000","3227.8759957860248"
"907139","0.5515548898105087","0.5849858378512753","6625","2137.56817060609"
"909595","0.4023599684173499","0.5388682493424949","15625","3387.7970591649823"
"910917","0.5987696820550769","0.5909953557576355","10800","3821.7970936406855"
"911190","0.5272880007678566","0.5659522209129768","7500","2238.148613214989"
"911806","0.37490108252146304","0.5044024971551964","3000","567.3031266300369"
"913543","0.6460081064317467","0.6343634236073582","16000","6556.862625186392"
"915599","0.7593925319555661","0.6964595705114687","16000","8462.179146486244"
"918287","0.5149142184671969","0.5760618815584504","31825","9440.0095836372"
"919270","0.6951065439848971","0.6955251622299978","35000","16921.243212028006"
"921419","0.38572253018020897","0.5282822806520037","10000","2037.7037794246212"
"922097","0.4445781128421734","0.6171824348361301","30000","8231.574064763532"
"923035","0.4929370784022077","0.5685232601418309","6000","1681.4771691480744"
"923606","0.39264093510302367","0.5307933529745539","10000","2084.1119845839817"
"924116","0.6412650744496886","0.6093400799219302","10600","4141.934224192947"
"924880","0.34147802448923625","0.5537877251603244","14000","2647.4887372378994"
"928022","0.5331794441122593","0.5752155385286549","6000","1840.1586064646524"
"930878","0.5019058060553354","0.6096892382824455","6400","1958.442038933851"
"934482","0.746958785248619","0.6567686948341762","13000","6377.5289042745435"
"935790","0.5830113911141699","0.5984596254571602","12000","4186.905345161329"
"936696","0.7975515861842278","0.7054960387427992","35000","19693.431966110315"
"937673","0.38357602702795635","0.5107005845682091","13975","2737.5977046826606"
"937706","0.6801312074387619","0.671431696530742","12500","5708.270630926374"
"940472","0.5555782595069164","0.5664779333759088","15000","4720.842364110935"
"940886","0.2748221253713794","0.4948739991356946","10000","1360.0232423350576"
"942144","0.6470599182151833","0.6418335398035881","16200","6727.937075923755"
"942440","0.6528370203878298","0.6653863462950066","15000","6515.832595829652"
"942840","0.6861841110660557","0.6705102669261319","15000","6901.402372070574"
"943149","0.34733895946804483","0.501113830929319","13000","2262.73263593046"
"945434","0.7542889412282907","0.675154920376717","11100","5652.806979621874"
"949841","0.6383909086959081","0.6666641151680743","1500","638.3884654156507"
"949914","0.2950662204288881","0.5358057727786455","3000","474.2945527733236"
"949960","0.39216485523458366","0.554185818404747","2200","478.13084274506514"
"950084","0.4636937161210323","0.5046564574718764","6625","1550.2899363586666"
"950920","0.6947856579871232","0.7003577689112503","35000","17030.948665478885"
"951409","0.557630558668279","0.6147492438846195","10225","3505.1603100521884"
"951594","0.42924309542923356","0.526102329302998","11000","2484.083715768037"
"952829","0.6326608637621786","0.6307778274919958","10000","3990.684451831166"
"954345","0.361876412977743","0.5256864807592767","10000","1902.3353800806037"
"956756","0.5130012260096621","0.559173871306745","12000","3442.2825783951507"
"956877","0.7292265863864085","0.6830219050340964","35000","17432.72062823045"
"959310","0.2774867338312811","0.4889040197979348","12000","1627.9725553285548"
"964811","0.4808369224994161","0.5474221433340843","4000","1052.8831148351817"
"965249","0.6452345367155392","0.6487995122149605","15000","6279.417790279318"
"965279","0.57448884904716","0.6437657653631412","30000","11095.087607983052"
"965286","0.5578874588377679","0.6403965768228904","35000","12504.422661224471"
"965311","0.5195642952286686","0.5938317533647609","4200","1295.8418609697396"
"965782","0.316685243623787","0.5230683576076611","21600","3577.9974536349287"
"965807","0.6401786927945822","0.6615545457176554","35000","14822.95935014448"
"965851","0.5453607822523782","0.6066766947228268","5200","1720.459919403306"
"965935","0.6604015675851951","0.6369159348517845","2600","1093.612732669882"
"965957","0.2617195507910004","0.4636574386182621","8000","970.7857324486191"
"966029","0.41192301759763106","0.5771282873201676","5000","1188.6621282693804"
"966053","0.5971064486609786","0.5858846276438378","5000","1749.177446687359"
"966145","0.3898872118061235","0.52554386424111","6400","1311.3781242290065"
"966310","0.2878708108742636","0.49049894577778375","12000","1694.4039510482644"
"966564","0.5728697604361126","0.5926188383624403","9000","3055.4407076635666"
"966724","0.47509297257447747","0.5399564622984748","25600","6567.155730795038"
"966808","0.34668542944115066","0.5082584615165747","5000","881.0290149898613"
"966942","0.5049545891519263","0.565192896251056","12000","3424.7609606164706"
"966960","0.40166855671353796","0.5413782268015661","12000","2609.4553319462334"
"966995","0.5236641261875564","0.5782257793899905","11625","3520.0046334767712"
"967065","0.42133639952593593","0.5980229254318618","20125","5070.872627987986"
"967261","0.6034282392581911","0.5779122675912473","3000","1046.1857462348848"
"967338","0.4886696876227139","0.5900930561540233","12000","3460.3270730294294"
"967431","0.7068555860460344","0.6744149142104824","35000","16684.98822978528"
"967513","0.5435543456050181","0.5962395070590534","18000","5833.594351500163"
"967672","0.2978479537898151","0.56682250958565","6000","1012.9615478525623"
"967756","0.24106983220315548","0.521552822157111","35000","4400.5727962873925"
"967794","0.4996098560766836","0.6108546674904597","30000","9155.67037526037"
"967897","0.5849766653243971","0.582273469644005","6000","2043.6983554752994"
"967935","0.6710421764321937","0.6056522744497521","8000","3251.3457632629597"
"967952","0.30843793954987475","0.4815017347189485","4000","594.0536117856115"
"967959","0.3280917584687332","0.48026791418032594","12000","1890.8633339944051"
"967977","0.29381272486864474","0.4853547613082428","16100","2295.9148196619226"
"968042","0.5429718344828443","0.5705539140763005","2500","774.4867634934399"
"968047","0.47286932021952255","0.5936728931153926","20000","5614.593948004659"
"968217","0.38498264242420377","0.5125274499329444","2500","493.28542997530934"
"968392","0.4550766142121755","0.5118227958984262","7200","1677.0138122452688"
"968398","0.42866847320846857","0.5304641863465535","2250","511.6348639191367"
"968522","0.21610735168088702","0.4703716804918451","14000","1423.110894474934"
"968563","0.5858477317032957","0.6079989307964875","7000","2493.363561396059"
"968585","0.6212679473755596","0.6862635134682717","35000","14922.37335299105"
"968691","0.31536327130362785","0.4809723745912641","6000","910.0861287466496"
"968703","0.5676952131933367","0.5873702939218209","12000","4001.3676507765717"
"968716","0.2546115414098816","0.47852900879424787","6500","791.9535554999006"
"968717","0.582807187345622","0.6149845353325741","35000","12544.609255438112"
"968878","0.17179338231129682","0.474182577985393","3950","321.7726441755437"
"968973","0.3484754309217024","0.5065246425357268","20000","3530.2278616019735"
"969029","0.2608558408095254","0.5176413752479421","7000","945.2084332467068"
"969087","0.5177764757772875","0.5494557757349389","1500","426.7429127332684"
"969217","0.4203536735503205","0.5285123368980762","6800","1510.7022958560422"
"969287","0.29327687399863245","0.48823556168312937","3000","429.564597916184"
"969355","0.33548521935657605","0.5273842552083609","5000","884.6481127189071"
"969370","0.5258815749897461","0.6085077025549795","34525","11048.103195673983"
"969474","0.40130378232678277","0.5077599005194185","7200","1467.114973864658"
"969525","0.5676167341497163","0.5989566329507757","5000","1699.8890394641483"
"969535","0.45236936927269433","0.5966493221682868","21600","5829.966954998968"
"969613","0.25079850221684175","0.4707329927444633","12000","1416.709554292354"
"969660","0.5313574685672084","0.5341141024497482","14000","3973.2772436524274"
"969664","0.5591529115501083","0.6011676862245778","8000","2689.157296658517"
"969858","0.8012540805256766","0.7385346829041484","11200","6627.643996810877"
"969878","0.33874735060777095","0.5058435187441844","7200","1233.7426929362746"
"970057","0.23429828856290813","0.4864698955660707","8000","911.8325117480562"
"970187","0.5706457586015306","0.5843497823614925","5600","1867.3576591281537"
"970226","0.6839450009645265","0.6741479202029815","7500","3458.100749500963"
"970232","0.7438289162863566","0.6667446278433643","14000","6943.215075558717"
"970237","0.3532974278599189","0.5050497889764765","6000","1070.5967483195038"
"970404","0.2060272314385696","0.4872577304371533","5000","501.9418059950377"
"970415","0.21245063408928877","0.505805853601568","6500","698.4820331042262"
"970420","0.23307838013828375","0.47096324162624154","5500","603.7424220460572"
"970518","0.6726013664795506","0.6702798169338849","35000","15779.08922776879"
"970522","0.5244153343617705","0.541425226027046","15000","4258.975364083058"
"970573","0.34617602609334797","0.49409630169557434","4800","821.0126122962906"
"970640","0.5577353281263245","0.5841124396758438","13275","4324.731401050021"
"970651","0.36411917107805014","0.5284234648843915","9000","1731.682026107062"
"970672","0.532009834470158","0.621607097426899","35000","11574.538115264599"
"970733","0.2166064623125611","0.450544366315918","8400","819.7628989413831"
"971239","0.24108053733115486","0.4778604847690811","7000","806.4200370621935"
"971332","0.6001371014484507","0.6734450763605349","35000","14145.578163910966"
"971337","0.4045092671335834","0.5030332883516566","13000","2645.2611485940265"
"971392","0.5500588476040543","0.5352908650265221","6000","1766.6488580967969"
"971441","0.2087575257369747","0.48844824577603363","12000","1223.6069668652458"
"971449","0.7986272822001208","0.7563193289943845","30000","18120.517505706128"
"971578","0.7601334520659695","0.7197786134566297","20000","10942.556043400902"
"971762","0.4599703793995342","0.5680984500270597","12000","3135.7015151428077"
"971859","0.5033331638796545","0.546929572624831","12000","3303.453506503242"
"971860","0.4704966751006867","0.49700272068964246","30000","7015.143828014162"
"972015","0.44312943874736743","0.5551655391153115","10000","2460.1019376004765"
"972112","0.6358789171489587","0.6461308758836941","17625","7241.425154846733"
"972130","0.40686518118260406","0.5340974837015451","5575","1211.4791073253664"
"972460","0.25260784933833236","0.5439196973787543","7500","1030.4878872570278"
"972482","0.5797306177195395","0.6322447172946332","6000","2199.1897230428"
"972487","0.5856205366828816","0.6381423113516221","3600","1345.3532742736493"
"972496","0.23692858206413814","0.48673418852258554","5300","611.202577982614"
"972514","0.3401281223367115","0.5344216831493519","6000","1090.6310617536842"
"972584","0.2163031181871522","0.4787076269488125","1500","155.31892861350025"
"972613","0.6995779170423932","0.6770106475209638","12000","5683.460383298853"
"972620","0.4151420861245636","0.5279966965989414","6400","1402.839360594962"
"972735","0.44946920118415257","0.5841075124542899","3600","945.1380133025718"
"972758","0.44189548571800175","0.480271825533865","28000","5942.438645386843"
"972929","0.42454105618175486","0.5228030622446375","5000","1109.7568211019704"
"972986","0.37236839040279823","0.6327612377578664","22000","5183.646239489938"
"972997","0.4292796267968092","0.5407436860996232","24000","5571.125946277853"
"973020","0.390781694426827","0.5049224332131037","6000","1183.8866640307983"
"973024","0.8247690528565873","0.7570084246218294","16000","9989.713942076856"
"973087","0.688838113849644","0.6686913627300537","19200","8843.905863369951"
"973197","0.44588042725262855","0.575621339822083","12000","3079.89946722721"
"973412","0.29963365533275454","0.491827274011098","4500","663.156017569303"
"973467","0.3306212175540346","0.5138466195654574","22000","3737.5490899286397"
"973488","0.643369691755939","0.6568019273463038","35000","14789.825873952437"
"973561","0.20898295091057228","0.4970572003309074","10000","1038.7648049650052"
"973640","0.5667555420315058","0.5743562587030558","3000","976.5587781613145"
"973679","0.31723135978930617","0.5108002602040986","3500","567.1465139384717"
"973800","0.4740636932522505","0.5391687512222229","2500","639.0008237265271"
"973809","0.5436936511324248","0.6358661024274381","35000","12100.07270010414"
"973949","0.5133206486341462","0.6018810785855656","25000","7723.94964150405"
"974047","0.4944859462127956","0.6382407312952033","30000","9468.032157781658"
"974058","0.16577483657822067","0.48557519765282375","6000","482.97689422400435"
"974121","0.6082779798291231","0.6022654710997555","5000","1831.7241204069721"
"974157","0.43873702753623367","0.5245830315118061","7000","1611.0779995900534"
"974273","0.417376782836432","0.5281697016092483","1500","330.66865627401944"
"974285","0.3659402680310614","0.5113793943666015","1200","224.56117516809118"
"974297","0.29645802552305867","0.5048646391231925","28000","4190.792873984449"
"974355","0.4729766616215225","0.5737616618909543","30000","8141.27626222801"
"974536","0.6977670319368413","0.5950100448839049","19200","7971.425145431981"
"974543","0.28979033966722423","0.5219977819425108","3100","468.93673505743936"
"974653","0.7083263869156764","0.6627799111760617","16000","7511.431996858124"
"974781","0.35607983714133395","0.5912338531844255","14000","2947.3703581609498"
"974819","0.4770942924358942","0.5602402423118028","2700","721.6760393996312"
"974862","0.5491658990879706","0.6014120508191422","32000","10568.799667533904"
"974929","0.47522999004352395","0.5886330898622593","35000","9790.763410208558"
"974941","0.4096403427533858","0.5196358427452604","15000","3192.9570709366944"
"974952","0.29619086503059366","0.4797051990433554","3000","426.2528935929737"
"975001","0.4325895880161994","0.5423411704579079","3600","844.600116573395"
"975041","0.6006799876576758","0.6239925075317716","30000","11244.594351680003"
"975058","0.43169540644852655","0.5459587179606096","5000","1178.4393532706092"
"975146","0.45833077250535825","0.5253322864408083","2000","481.55190533284366"
"975150","0.27893862273243397","0.5476129114251345","3000","458.25117391027607"
"975937","0.34601154004074175","0.5077851669072508","2400","421.6788662674151"
"975968","0.38767823228958176","0.5194964604031649","4000","805.5898777991747"
"976022","0.2727857088855682","0.5355344888766242","1000","146.08615518088038"
"976282","0.31952877354637466","0.5363079272171616","8000","1370.926513815184"
"976344","0.26746973376767336","0.49890381765176106","6000","800.6500276979543"
"976489","0.7513162526775069","0.7056885157061402","20000","10603.905023557785"
"976565","0.5431942965930783","0.5743260263272024","7000","2183.7943532013173"
"976664","0.3938710191928493","0.6130537119773599","12000","2897.5690842777867"
"976725","0.2605136338069758","0.5068721641620925","15000","1980.7066404220902"
"976761","0.46274665647968205","0.5351872325302154","2200","544.8434253767368"
"976844","0.307261527748214","0.5054028307466434","3500","543.5179606621999"
"976845","0.3322792397098411","0.5112112078635447","21000","3567.1623010810117"
"976873","0.614326016915602","0.5351680016888105","2000","657.5352537163383"
"976913","0.29350598433960573","0.4912715410288808","35000","5046.689802970083"
"977021","0.5343856937049922","0.5744912072954592","9600","2947.1988704448236"
"977052","0.66708155755217","0.63105106094045","14000","5893.4753447794665"
"977057","0.550848607734131","0.5392549935286561","5000","1485.2393119946903"
"977211","0.39169601663994835","0.5585369461571786","8500","1859.6019241260694"
"977232","0.7423420262410996","0.6999802443311622","13700","7118.859114805828"
"977241","0.7511785581167447","0.6589719608222001","11000","5445.061681067627"
"977252","0.4871858386965381","0.5183169773596215","31400","7929.024107623894"
"977264","0.42821585394113626","0.5134115871269168","8400","1846.7482421205448"
"977431","0.46843755178751956","0.5820605772679686","18000","4907.862572533876"
"977526","0.5259565257981837","0.5957652349765675","6500","2036.7529856674912"
"977591","0.4323673001976308","0.5320631899574295","6300","1449.2943673515279"
"977595","0.45734851888696615","0.5338854996989705","14000","3418.4043955957277"
"977727","0.31675743420145575","0.5263898611588993","3600","600.2564465172725"
"977741","0.4093391444451633","0.5427529257273608","4800","1066.4160876592662"
"977772","0.7603743898416273","0.6727636867230394","25000","12788.80694499087"
"977775","0.2029731397520741","0.49028609191929273","8500","845.8767133558792"
"977792","0.2743375694808827","0.5125369045535249","12000","1687.2975439736301"
"977839","0.6237495963979421","0.6269746690735404","15850","6198.541869063713"
"977859","0.5006917443449768","0.6652753485593487","28000","9326.740492716996"
"978177","0.5089032366782918","0.5467013552298448","16200","4507.133044600601"
"978229","0.6942221638586663","0.6965228337683521","12000","5802.499066027626"
"978420","0.4392185435320326","0.5883395706993872","12000","3100.915792138154"
"978511","0.5125640748236894","0.5624962571061031","3000","864.9461208461336"
"978610","0.4607796712646931","0.5198009240743224","11000","2634.65068809855"
"978745","0.39772131796441423","0.5711187422959773","4200","954.0136153805659"
"978766","0.5204766135254426","0.5694163063205584","10000","2963.678707998903"
"978771","0.6656016562257752","0.670369913767664","12000","5354.391898652247"
"978833","0.31230869562570795","0.49587717396793346","10000","1548.6675339248757"
"978851","0.525999274494312","0.5875931855105215","17000","5254.251017697713"
"978941","0.3222796889434616","0.4901642504950399","3500","552.8949376326126"
"978944","0.3939400783129803","0.5467672470013968","8875","1911.617597411488"
"979177","0.764363582595517","0.6899215408630832","15000","7910.263510258885"
"979271","0.16707920550001643","0.47654551039925175","11000","875.8292978831748"
"979316","0.6822771888051093","0.5803985192047914","10000","3959.926700696933"
"979575","0.3138179895527151","0.5480054952938189","35000","6019.089397893115"
"979592","0.6467306879845443","0.6319189419698336","5000","2043.4068604530787"
"979730","0.5690864169759793","0.5794842262427466","23200","7650.8171665527125"
"979778","0.4446698126860864","0.517912243900311","7000","1612.099583380874"
"979819","0.6373763852624248","0.6818443344918442","12000","5215.097726760904"
"979840","0.2871085782274635","0.47191037534912095","35000","4742.1330921046165"
"979858","0.2401059756741628","0.5002493915788785","21000","2522.370233154512"
"979864","0.6548400418688858","0.6207956583333716","2000","813.0437097900951"
"979950","0.464848660119626","0.5387268004409388","10000","2504.264313555035"
"980075","0.6829145053283425","0.6867634518801593","30000","14070.021690549718"
"980260","0.5209874311415433","0.5571653888326682","3000","870.8284939467328"
"980339","0.4676822747940548","0.6251361245968515","19500","5701.119153744206"
"980365","0.3305270382006259","0.4973143702796926","4000","657.5033834526247"
"980395","0.4224583561350178","0.6103285200992141","30000","7735.151499102965"
"980494","0.6200909571838829","0.6253935771125759","16000","6204.814429574235"
"980542","0.42300046432028804","0.5459337663920781","10000","2309.302366719727"
"981177","0.27837536025749954","0.5172873965716231","2000","288.00013075457923"
"981482","0.5736426243791797","0.651208714061","35000","13074.637651338999"
"981504","0.34910112050527375","0.5152299431865516","14275","2567.6064281632925"
"981611","0.2621785892788825","0.47672803273310094","15000","1874.8182463749197"
"981670","0.4590872230848303","0.5547914225594173","6600","1681.0045135889645"
"981693","0.4646794386396259","0.5970052096097559","30000","8322.481369991807"
"981750","0.7413044335811283","0.6986155203623684","35000","18126.037391462378"
"981855","0.503574422620626","0.5218881368594743","10000","2628.0951719156405"
"981904","0.5068108322751574","0.5398907127522247","4375","1197.0982689206755"
"981911","0.49698128637083494","0.5322073770611121","16425","4344.36498030492"
"981913","0.5040472530967777","0.5775941873679517","10000","2911.3476354748154"
"981922","0.40582317288952485","0.5620832473915431","3000","684.3192206534513"
"981950","0.748140524678035","0.6762303353214454","13500","6829.856791252962"
"981976","0.4834075163550692","0.5543908565365836","8400","2251.1723392057984"
"981980","0.5206634839615176","0.5403905766139221","15000","4220.424604796671"
"982018","0.3956470843901704","0.5316362878522076","14300","3007.866965599772"
"982070","0.38956049529952497","0.5185226793181483","16500","3332.933204357041"
"982285","0.7039050905634865","0.6690572448182049","1400","659.3339207082814"
"982314","0.43573117896958025","0.5494876798489269","6000","1436.573487418993"
"983769","0.6883216302268707","0.6571657174357001","20000","9046.827559091042"
"983930","0.2516677638372732","0.46411684871921716","6000","700.8194968582043"
"983992","0.6315219106360086","0.6124993554250815","6000","2320.840579208227"
"984277","0.23830367367841576","0.4714359850615212","9000","1011.1043442992691"
"984527","0.35970370679265007","0.4996442178706699","17200","3091.2506886242245"
"984535","0.6433684345950317","0.6485194128001569","25000","10430.922985443152"
"984536","0.2273020881392679","0.4800720487115778","10000","1091.2137912943797"
"984640","0.5610990531227795","0.5929426702697909","16000","5323.193133511553"
"984805","0.684985491646461","0.6407928039249315","35000","15362.682084401175"
"984826","0.47656356970157066","0.5450842894816433","3450","896.1972360034761"
"984853","0.6474005273900088","0.6684636295784522","20000","8655.274126602588"
"984893","0.39661097539650403","0.5014748344844467","2000","397.7808464833537"
"984910","0.4242766649799603","0.5068230336607636","12000","2580.3982374793795"
"984998","0.3516777493563896","0.5325185396047134","11000","2060.024136486107"
"985107","0.7315707709857044","0.6280016901834983","35000","16079.968823375357"
"985115","0.7294734327008816","0.6731426415805363","15000","7365.595101766395"
"985182","0.32966847046481296","0.4999210934218319","7000","1153.6575555503052"
"985386","0.3651045801729673","0.5368326210655872","5000","980.0002436865242"
"985508","0.7877823774375542","0.7412568771848895","4400","2569.3760620028575"
"985800","0.6871942541077449","0.6364676162459066","4000","1749.5075552393612"
"985964","0.5187966213264414","0.6090019900158968","2300","726.6808020430509"
"986134","0.7303227296607243","0.6720805478033031","6450","3165.8902664421116"
"986213","0.7054343759120989","0.6634895291618783","15000","7020.72482892783"
"986278","0.31899433276958045","0.5679454174867162","12000","2174.0564340085903"
"986289","0.5077246288527427","0.5862386522942084","15000","4464.717032328135"
"986300","0.405634804531933","0.536336418839662","28000","6091.58811574273"
"986451","0.42984336218149066","0.5256343813249185","5000","1129.7022487344534"
"986476","0.40527507771267435","0.5540008408256035","8000","1796.1818705478672"
"986557","0.4709468118334684","0.533979336675907","7000","1760.3310633472804"
"986667","0.569961606518813","0.6238510982449018","15000","5333.567612762851"
"986668","0.3232929072577123","0.5151915540278527","18000","2998.039955333099"
"986669","0.2759974512562854","0.4662791297343825","3600","463.2906649704783"
"986703","0.436842086437083","0.5797940047582657","14000","3545.89791839238"
"986723","0.3713492929271589","0.5004459014858501","4000","743.3609266602602"
"986804","0.5562078381970833","0.6566917657729222","15000","5478.856611035736"
"986885","0.5836453728790387","0.5908328255585547","5750","1982.8118574982173"
"986898","0.540604069530328","0.5671837443727439","8000","2452.974723034837"
"987047","0.4714593028003704","0.5922788338769859","35000","9773.237812907106"
"987103","0.4708563357905279","0.559779361092056","4800","1265.1631623118476"
"987145","0.5400369934092784","0.6327183872832784","23000","7858.900717494268"
"987165","0.4503107616558155","0.5139353309189962","7200","1666.300394217361"
"987219","0.2751171068031516","0.5011695435990146","3000","413.6409445584505"
"987227","0.460435765491525","0.489291040558765","12000","2703.445137693837"
"987299","0.46091212952800187","0.5793864796013635","10000","2670.4625613279663"
"987341","0.6920099061437053","0.656141121202423","3600","1634.6021605211313"
"987384","0.6799063035257384","0.664629985232071","30000","13556.583494145105"
"987401","0.4014519493647063","0.5682754737175166","11100","2532.3017933705437"
"987436","0.3234271561608567","0.5335375821835675","2000","345.1210858211412"
"987512","0.4804050986761279","0.6063234083744683","18000","5243.055422936088"
"987695","0.6770763100142586","0.6472649845532636","14400","6310.768137735741"
"987733","0.6460814914372364","0.6603674740787581","12600","5375.805152123002"
"987825","0.5468514320365192","0.6116071726280667","24000","8026.998196691158"
"987927","0.4046436779758297","0.5724045420326609","10000","2316.1987917816627"
"987937","0.3882378059618736","0.5034689286792451","8000","1563.7253779232412"
"988204","0.5615781733393761","0.5623476323105441","5000","1579.0107806733922"
"988411","0.4137345391565357","0.5370301315460333","7500","1666.4093549127886"
"988421","0.7632564453274666","0.710178631900665","14000","7588.6778538483495"
"988714","0.6364207951826326","0.6382587908386406","15000","6093.017507967498"
"988724","0.281076242366727","0.5144512008192202","10500","1518.3001092768275"
"988969","0.4101869324494466","0.5208473721543718","18000","3845.6061454504274"
"989253","0.719148626998959","0.7021193233843364","24000","12118.275537630805"
"989257","0.5793291349872061","0.595995055368034","12000","4143.327598596181"
"989285","0.7444831216915482","0.7040573578203393","35000","18345.558685999633"
"989290","0.2977389308264128","0.5183332532405153","12000","1851.9358635792871"
"989431","0.6204041966682371","0.6604941960818439","12000","4917.280453490273"
"989434","0.659086153074814","0.6625265787681852","11600","5065.280291677635"
"989447","0.5169495847161443","0.5619061564375523","2000","580.9543084396748"
"989476","0.2611871639368696","0.4873611913510943","11650","1482.957477998976"
"989523","0.42077221648959695","0.5367587998514172","2600","587.2182938278195"
"989612","0.3851368254777109","0.5265196853297736","12000","2433.385441913187"
"989641","0.3694693240578608","0.514070933922688","35000","6647.670416597307"
"989764","0.6860791535165236","0.6576946201727818","19850","8956.926780368196"
"989786","0.7430698735972611","0.645524760793128","10400","4988.568025027099"
"989796","0.42403763761584223","0.5336391275701519","30000","6788.492249826788"
"990043","0.32143529563252227","0.4766124001554002","5000","766.0002387303854"
"990045","0.5440468874245381","0.6035501978943136","4000","1313.4384262754616"
"990329","0.7074346092044734","0.677539174736286","35000","16776.01314551001"
"990527","0.7685337706341078","0.6853023433830641","7000","3686.745957892034"
"990546","0.34446975831447535","0.503346074390896","8000","1387.100004751775"
"990606","0.2777716551493308","0.506840668943306","6000","844.7158290562568"
"990728","0.7342139411918449","0.6069641208312857","8500","3787.952914199442"
"990763","0.7713254683471467","0.6511738830363093","35000","17579.345010794397"
"990984","0.6192910511588727","0.5760011917071552","8875","3165.8224033946517"
"991230","0.4525539576554456","0.5304384244401938","3825","918.1989316439525"
"991416","0.3977187991134543","0.521954752592281","1200","249.10946087107456"
"991586","0.5073181515740512","0.5541457152744529","6000","1686.7690798542956"
"991606","0.31635743907015024","0.5188365971612643","7000","1148.9647202166614"
"991608","0.2855625303209304","0.47128513760659835","2600","349.911578633729"
"991612","0.5792284136394472","0.609480727865777","35000","12355.999430092837"
"991723","0.5199341663654866","0.5691360875772045","8000","2367.306377943747"
"991725","0.21825087749879846","0.4853048558798206","5000","529.5910532509938"
"991766","0.4664977155904084","0.5805071168397951","9000","2437.2471950076483"
"992218","0.5928300206700822","0.6345140538792376","21000","7899.338573210408"
"992222","0.5948098513605337","0.6251058929326673","25000","9295.478581496836"
"992293","0.26487402455875253","0.510230958070502","2200","297.32324010092435"
"992446","0.724489491925404","0.6870864341123821","7200","3584.065691224205"
"992489","0.6472946092274844","0.673596660274298","20000","8720.309739783806"
"992549","0.3198807970799268","0.5084395007323174","5000","813.2001638058684"
"992618","0.513211153607569","0.5799094170084781","16500","4910.663684698428"
"992658","0.699851048118513","0.6597167917299505","23000","10619.180227532535"
"993162","0.3855585919394763","0.5139488664446419","6650","1317.7467184806524"
"993419","0.32505338119658744","0.5267781410764468","4800","821.9088763072896"
"993434","0.38115005262553137","0.5402534611701897","12000","2471.011621873719"
"993597","0.3497222185524749","0.5233593521027106","10000","1830.3039371754578"
"993659","0.4817619372532941","0.5781014083587857","30000","8355.217632593587"
"993747","0.48428528191414477","0.5473623632470551","9100","2412.2237811880627"
"993852","0.65982106416132","0.6728942288329044","18000","7991.81615045768"
"993878","0.404145061967491","0.5226929015584281","22000","4647.3626119865685"
"994103","0.3319334643863501","0.506707534169723","7200","1210.9909481828713"
"994135","0.6860916099046495","0.6564886882193205","24000","10809.87314363004"
"994159","0.3675112783386133","0.4919546067274727","4400","795.5150121731264"
"994322","0.29225578221852944","0.4885012621977949","8400","1199.2454753861862"
"994409","0.2152733874692494","0.4718650953250385","12000","1218.9599699894559"
"994468","0.3758140302155416","0.5382187606269204","7200","1456.3451632954811"
"994506","0.21960460051158082","0.4765790505667064","30000","3139.768560356701"
"994508","0.661843723493346","0.6557748783299694","11100","4817.6274084450615"
"994765","0.3556917538955162","0.5117890227025622","6000","1092.2348106572792"
"994807","0.5447920220051496","0.6630692970571854","20000","7224.6972614663455"
"994826","0.5581300556701054","0.5224251628709895","2800","816.427318662618"
"994828","0.30145965949481446","0.5161651856499246","6000","933.6178866546238"
"994969","0.3978213165274086","0.5451531579425853","5000","1084.367735008968"
"995281","0.8710158831275052","0.7042931767849427","14000","8588.307607012182"
"995288","0.3869639915169826","0.5466754261928762","16000","3384.699279741488"
"995296","0.7133937790445111","0.69589916105927","27575","13689.612399330028"
"995357","0.3728971323982183","0.519583591475366","6200","1201.2576340744545"
"995722","0.32532764341513076","0.5055184357292498","4000","657.8364855948004"
"995878","0.6773245869135835","0.671013184727635","35000","15907.280485572473"
"995902","0.4305851919503898","0.505239816291508","6000","1305.2926996731521"
"995974","0.18356657780722085","0.47262955476215746","15000","1301.384849073596"
"996074","0.487413694463824","0.5767355984567533","25000","7027.720719315265"
"996176","0.4378985937783898","0.5200753588864995","8000","1821.922146521516"
"996195","0.4967251437490344","0.6188992649103952","12000","3689.073915945453"
"996255","0.6520927885181216","0.6502861797813515","12000","5088.563139701017"
"996366","0.5526906308337097","0.5968222012894413","2500","824.6450973155615"
"996412","0.20396066099807542","0.4834736537712478","20000","1972.1921199667672"
"996417","0.39529360580402784","0.530134255565381","14000","2933.8215401974285"
"996517","0.5135552440735391","0.5596483972268033","8000","2299.2829538654073"
"996595","0.5072264945160618","0.5409369685457681","4000","1097.5102492384608"
"996748","0.8141532603779558","0.7091050117341791","17500","10103.102751940283"
"996814","0.7359989211866959","0.6801432094109457","15000","7508.770025683695"
"996851","0.4646763449738154","0.5507700523105464","9250","2367.3507871654915"
"996861","0.44644350607057426","0.5286444935827902","3000","708.0297035400122"
"996934","0.6183833093729846","0.6214768105791544","13200","5072.903706083466"
"996982","0.40742903592370827","0.5456016149250291","6500","1444.910609787599"
"997281","0.4107575185666116","0.5190647754626693","5500","1172.6536752940979"
"997299","0.28401499650468076","0.5203492572195886","6000","886.721954822608"
"997570","0.2736054260959663","0.485004809022751","28000","3715.598528075351"
"997611","0.638615129559008","0.6034820521123568","6250","2408.7048056016797"
"997677","0.5628981567497756","0.5842079920525632","1200","394.6195222618505"
"997678","0.5062531804389288","0.6420044109859897","25000","8125.419372936961"
"997753","0.36676791303045175","0.5293127551749529","10000","1941.3493455591592"
"997797","0.42368605657382874","0.5290719842944325","16000","3586.5667627103803"
"997843","0.2931362802069063","0.4790957784526716","1000","140.44035435844825"
"997964","0.1826945415440887","0.4857623822081041","6000","532.4768143012438"
"998014","0.5968549650133397","0.661231439065884","20000","7893.185348587769"
"998112","0.5313786472857813","0.5378550767496338","7000","2000.6329218330736"
"998128","0.47509783837721","0.5520121845963001","8875","2327.555686478804"
"998203","0.4126727137772419","0.5295512275910549","8900","1944.9289453492272"
"998339","0.4366079317548973","0.5740112934069862","16800","4210.380444788747"
"998469","0.412581615692289","0.5277480149888538","10000","2177.391287024997"
"998488","0.7305220582680756","0.654333604375447","12000","5736.061577547843"
"998587","0.30434037615538667","0.44737243626006373","20000","2723.069910658791"
"998689","0.6737168340612409","0.6572703478513798","12800","5668.020452822556"
"998792","0.7853640483781594","0.7241217378052461","20000","11373.983590427124"
"998819","0.20052292434457286","0.4802501698416731","14975","1442.1099978926106"
"998983","0.7928788720573058","0.692049507521905","17500","9602.450076306184"
"999244","0.40335666065355147","0.5311425583995766","9000","1928.1589981833345"
"999276","0.33346369537244513","0.5147135632152051","5000","858.1914342403046"
"999354","0.2511608667407157","0.47948063743371844","12000","1445.1212697989229"
"999441","0.1917663976964007","0.4755842172892273","13750","1254.0147420737394"
"999492","0.7262809219234878","0.6447234956993692","30000","14047.51124526815"
"999634","0.4216412437378405","0.5222116622000091","1200","264.2231696933003"
"999666","0.5560373885565133","0.6473022624970005","33600","12093.455124090644"
"999669","0.5607439503861787","0.5467888613841076","8000","2452.868369277482"
"999681","0.30946348753033304","0.5555270833229938","7200","1237.7905100833507"
"999797","0.18332169298939105","0.4598993850509383","3000","252.92860161695356"
"999834","0.7436972050844453","0.7015882086128482","35000","18261.921645295228"
"999879","0.42011667298705657","0.5113279941397502","5000","1074.087078515685"
"999894","0.5565554835352651","0.5736073418066172","10000","3192.4431147855994"
"1000030","0.3952559513112164","0.5313180675769142","20000","4200.132564979008"
"1000033","0.6314608986366734","0.6573043888114675","12800","5312.793856469999"
"1000045","0.6477876557379282","0.65698249427387","14000","5958.192097571379"
"1000067","0.7269069562110525","0.642173450358915","15000","7002.005222399225"
"1000242","0.8458478270911088","0.6991075868721119","15000","8870.079498880268"
"1000267","0.3632848371295401","0.5194341023894455","10800","2037.9873594896485"
"1000321","0.7186992155602718","0.6734139225014337","6000","2903.8923470948766"
"1000384","0.45594570869471873","0.5286760439873973","10000","2410.4757354575413"
"1000468","0.5890673271867779","0.5780646685845923","9950","3388.1641421791514"
"1000480","0.2866913013655419","0.5051256501861764","28000","4054.8236401397307"
"1000571","0.42990643436611564","0.5478357950638242","24000","5652.435198576353"
"1001086","0.3480436451589277","0.535480746737996","8000","1490.9653680569336"
"1001090","0.6562732357592109","0.6592717663665588","16000","6922.598645729154"
"1001173","0.4319689391663821","0.5405872620108084","6000","1401.1014365860078"
"1001205","0.2453819164102471","0.46691966555852527","4200","481.20929784640686"
"1001243","0.3401711999659377","0.5212170469933819","6000","1063.8181699106474"
"1001251","0.31187570152407906","0.506126708332096","4000","631.3944888845816"
"1001264","0.5569644047953968","0.5911051743550556","24000","7901.388998547427"
"1001370","0.5110646772829209","0.5809808853479961","10000","2969.1880867791933"
"1001689","0.29862596550998743","0.5048236797971376","11400","1718.5894302256643"
"1001743","0.5412931622859644","0.5827749118347083","2550","804.40279106623"
"1001838","0.4657645598714012","0.5709180007646077","20000","5318.267426975757"
"1001855","0.5033970697195536","0.6013869894537753","2400","726.5674758203869"
"1002062","0.403052456330799","0.5334224317542762","22000","4729.938870371198"
"1002171","0.7051178427084809","0.658003916301608","2500","1159.9257548908042"
"1002456","0.5578930072623078","0.5700034780621818","1500","477.0014317891283"
"1002589","0.5689160267621061","0.5789541431743986","10000","3293.7629081223836"
"1002610","0.5308642117362921","0.5752479066637266","4200","1282.5898114007637"
"1002635","0.6024041849239427","0.621807840527907","21600","8090.920339614664"
"1002710","0.3269562686063202","0.5081123785662987","1000","166.13052732871898"
"1002752","0.41568076813608956","0.5485831589952215","20900","4765.941300379015"
"1002809","0.6900960193968315","0.6487997301863172","15000","6716.011667809737"
"1002859","0.409553253141245","0.5063600846897965","4200","871.0019637714465"
"1002894","0.792165103411179","0.718615101720898","12850","7315.014211823275"
"1003047","0.43627019933494526","0.5428246057310617","3000","710.4545968386101"
"1003309","0.6501613968426098","0.6325755190128893","29850","12276.59406403829"
"1003356","0.3231924845208838","0.5060135591949394","12000","1962.477352769613"
"1003444","0.21889069245451798","0.4823628094609232","1925","203.25060405112578"
"1003485","0.6341998400859605","0.6325623094647083","30000","12035.127465207715"
"1003513","0.5221646153171202","0.5832118719652233","30000","9135.978083192953"
"1003525","0.4722150735457772","0.5580707508405024","7800","2055.5294810847804"
"1003567","0.5080334586092232","0.5975622784344459","21000","6375.214251996643"
"1003594","0.2153954727849634","0.5113709709401623","5000","550.7349602708101"
"1003613","0.6118738155204604","0.6284540313521616","15000","5768.018490639933"
"1003669","0.3606156160246109","0.5361886574699704","15000","2900.3700452841363"
"1003727","0.6304736957300527","0.6210550499864718","24000","9397.412942802805"
"1003771","0.5249364040540766","0.5697430492542693","2400","717.7892820248179"
"1003949","0.668499221953904","0.6280606542646439","21000","8817.01923303126"
"1003972","0.2767697680223119","0.4765663863698434","15000","1978.4875230421953"
"1004013","0.33060683642455346","0.49446085351615743","8975","1467.1624431879331"
"1004050","0.33072004184320536","0.493823675641767","12000","1959.808640056928"
"1004131","0.29794055276946085","0.48321978493517537","10000","1439.7076983272614"
"1004134","0.661407463514998","0.5933925536953936","8000","3139.7941104668603"
"1004136","0.3474162461127769","0.5093617537147878","5000","884.8027419450617"
"1004149","0.4424374497310549","0.555147647905986","8000","1964.9448765097445"
"1004157","0.43532050287740276","0.524183390818339","5000","1140.9388864551074"
"1004215","0.38103074229493517","0.5133525729360154","7500","1467.023339436186"
"1004240","0.7042447512062144","0.6699390545507496","9525","4493.905123126368"
"1004403","0.5096553700042481","0.5367215077073423","3100","847.9832956594527"
"1004462","0.8298556996506494","0.7449860804472112","18400","11375.449388359082"
"1004741","0.509711932720428","0.5930658211580263","7000","2116.0490815301973"
"1004771","0.2316586843571914","0.4888512203933531","12000","1358.959566752779"
"1004908","0.3611294730037491","0.4931485728159051","7575","1349.0354179177077"
"1005052","0.43708563412610535","0.5214757490772255","5000","1139.6477923340244"
"1005067","0.6445482818230659","0.6786654052982203","25000","10935.815522943063"
"1005579","0.4365405107391964","0.5443302838179683","7500","1782.1666508153073"
"1005831","0.2748843280247173","0.4992463862008656","1300","178.40550960647147"
"1005837","0.3098823313474598","0.47966026708346293","8000","1189.1059345485498"
"1005884","0.44830528526143154","0.5267951073472754","10375","2450.212195314085"
"1005896","0.5855308620125854","0.6852035203642757","30000","12036.234237988574"
"1005977","0.4855063117730949","0.6340927104345259","35000","10774.960460784509"
"1006114","0.6096118399661495","0.5669613451749645","7600","2626.7602510456295"
"1006158","0.33369468657312407","0.5024315301449206","2100","352.08333714994524"
"1006331","0.3555057152810328","0.5251612249828135","8500","1586.9314438657173"
"1006338","0.6403195920260099","0.6198155100272623","12000","4762.560174144598"
"1006397","0.3233193820110055","0.4845953637209067","5200","814.7311823229384"
"1006564","0.7708474920745295","0.6912084922349399","14675","7819.079682958331"
"1006579","0.3061070486502677","0.5404022254725018","1800","297.7576745821633"
"1006616","0.7199303470064417","0.6902236008646866","12000","5962.954997790594"
"1006618","0.6403911365062699","0.6614459302406436","15125","6406.709678939321"
"1006806","0.38816249633333855","0.5841094478871312","2400","544.1505154170167"
"1006812","0.6631477382666934","0.6583433346310704","7100","3099.710142881185"
"1007014","0.4136360010721045","0.5775702900147611","30000","7167.115952992844"
"1007209","0.34438937308687045","0.5752135709466085","9000","1782.8769698042634"
"1007317","0.42430212035393144","0.5116122690445456","9600","2083.9504373249924"
"1007539","0.18499204788829682","0.4830832999094434","7000","625.5659826561894"
"1007619","0.28083771235482924","0.5362038007408383","18000","2710.552477608391"
"1007647","0.5206232795335286","0.6148377011535047","15000","4801.482305330897"
"1007826","0.6350666416463935","0.6340870489292012","30000","12080.625980248205"
"1007839","0.2836421569704607","0.46974201393914555","12000","1598.8636566401694"
"1007892","0.3667503367676326","0.5492463322950436","9000","1812.9264960383484"
"1007926","0.3907455643487001","0.5088854347915286","14125","2808.6817604910984"
"1007951","0.3141690179190121","0.5146739510063444","10000","1616.9460973616096"
"1007997","0.5121789109148545","0.5940607497947824","17725","5393.103999590796"
"1008099","0.7353405041135084","0.6718536475156012","12150","6002.6005782336515"
"1008165","0.6442063078539084","0.6803125550709503","15350","6727.316163084855"
"1008285","0.6726786934299573","0.6715746641906617","13000","5872.801579429677"
"1008324","0.22743884624415855","0.4749713926590131","9475","1023.5553090421641"
"1008334","0.3601752027750459","0.5300840199992499","3300","630.0462939904363"
"1008428","0.5965670611528787","0.6307021822236931","20000","7525.12294623792"
"1008504","0.5984829544238133","0.6153191772017382","25000","9206.450977133154"
"1008627","0.35489568199895705","0.5630085421978747","6500","1298.7604536045965"
"1008668","0.388736527831282","0.522782658914644","14075","2860.387872589144"
"1008709","0.4692802677578656","0.5976246026011877","4000","1121.8137341094935"
"1008791","0.36804783241112227","0.48433527538307447","6500","1158.6805637223995"
"1008832","0.6258905052605725","0.6905243316888422","35000","15126.741799940703"
"1008870","0.44414776475509776","0.6137285872910536","16000","4361.378883386005"
"1008914","0.30699866210848015","0.5167539784615781","20000","3172.855600538777"
"1008958","0.14830185401070117","0.42924117500754067","28000","1782.4033379978036"
"1008959","0.48154201118700324","0.5394943649574598","13000","3377.259619833714"
"1009187","0.4094595064310621","0.5423928180988628","15000","3331.318433857698"
"1009214","0.4064219026872533","0.5086241072725531","12000","2480.5917291638"
"1009277","0.5473199107244795","0.5831739682767122","3000","957.5481727621516"
"1009373","0.19488730053053216","0.48327724496071356","10000","941.8459767822619"
"1009453","0.6923772921590595","0.6626812411541302","25450","11677.10753236424"
"1009510","0.34136599214408025","0.560724088831304","12000","2296.9456188358017"
"1009584","0.21745999789796","0.5070598747359648","2600","286.6896221649792"
"1009737","0.30999477025993905","0.5314683664049894","17900","2949.0682131801022"
"1009751","0.4508256604484894","0.5277442526852558","18200","4330.155853017994"
"1009763","0.5380782522427269","0.5773424685255346","10000","3106.554264097212"
"1009796","0.3289932760558206","0.49292873114220276","6400","1037.8895239712774"
"1009798","0.6686770294759448","0.6590348905497837","16750","7381.415006641715"
"1009939","0.6720960870084716","0.6357009879057919","30000","12817.564394367073"
"1010030","0.3520323662198628","0.5657847108058066","3800","756.8632159607578"
"1010149","0.5857312623106625","0.6126354782481486","3600","1291.823107238104"
"1010166","0.16038906335319514","0.42706098772473344","7500","513.7193386189526"
"1010410","0.5779619528340785","0.5977569813650151","6000","2072.884753619568"
"1010440","0.1749948699327174","0.4952707920528042","15000","1300.047717551316"
"1010645","0.7190060167098389","0.6468092801370083","21250","9882.51998674821"
"1010659","0.48330261382565676","0.5637499918061727","6000","1634.7710675046949"
"1010686","0.4391851995878583","0.5334333820879047","9000","2108.484417411924"
"1010875","0.456161518165915","0.5885747498249949","18000","4832.732725817279"
"1010884","0.6782265103115113","0.6350404740939214","13600","5857.537471257517"
"1010894","0.7306263939491058","0.6170868556003093","8000","3606.8795524851726"
"1010998","0.5219753701216654","0.5157301669422486","14400","3876.457604725274"
"1011032","0.5358484410900597","0.6382307636482558","12000","4103.939517079635"
"1011049","0.4711455035810801","0.5378569429796165","5000","1267.0444012735586"
"1011050","0.292555516559288","0.5067896453468707","7000","1037.848745369465"
"1011263","0.31827408394825774","0.47921886524420815","25000","3813.0736336580976"
"1011268","0.47471139941909746","0.5717367270464967","23000","6242.428661297351"
"1011320","0.5301403850474458","0.502011337911643","3600","958.0913423231825"
"1011404","0.4461746610058279","0.5583447690478158","5500","1370.156084298576"
"1011430","0.321433268948644","0.5495212477673199","24000","4239.225864638097"
"1011555","0.3494310914004838","0.5290972626962913","12000","2218.5964075316824"
"1011571","0.4021063096277029","0.5421688610591867","16000","3488.15231864903"
"1011655","0.6808121111109631","0.6703890418329973","13000","5933.316724867723"
"1011665","0.29576025446961784","0.48395086426725026","8000","1145.0674461317874"
"1011721","0.5705657094609187","0.6064008263627853","5000","1729.9575885568497"
"1011847","0.22602206335025044","0.498991402755948","7200","812.0380784035335"
"1011873","0.343370066149965","0.5632191018980468","5000","966.9629013782811"
"1011952","0.47697478489259004","0.5411415256030422","1000","258.11086277095905"
"1011990","0.4021966327704535","0.565657609174664","14000","3185.0781999544906"
"1012057","0.6907388515969479","0.6803831015333983","8400","3947.723154472853"
"1012106","0.4448884795651157","0.5135986868210541","12000","2741.9296666375053"
"1012146","0.8727078835802473","0.7050938205810053","22800","14029.773338172523"
"1012332","0.6118073601715983","0.642677502572281","35000","13761.818920164798"
"1012810","0.42573543668333647","0.5572061873484853","8000","1897.779355947715"
"1012816","0.6658875820855992","0.671679180259876","25000","11181.570632012154"
"1012878","0.5685937199610606","0.6035041186855509","15000","5147.229777828582"
"1012913","0.1991355074026976","0.5148215137079923","10000","1025.1924335406588"
"1013026","0.39098745255283696","0.5634355718815941","12000","2643.554867131624"
"1013089","0.29392694567123734","0.47133833728162666","10000","1385.3903785494804"
"1013780","0.42421675198012854","0.5348891187883944","12000","2722.90709570311"
"1013992","0.5035242508993912","0.5425091294775477","3500","956.0827605919206"
"1014001","0.3896911878986684","0.5300665634692673","10000","2065.6226878370367"
"1014115","0.6007482051822164","0.5651459562218527","6075","2062.5257946125625"
"1014199","0.5878757556389356","0.6606638955728745","35000","13593.590039164324"
"1014330","0.43430190550766024","0.5201401113755396","11050","2496.1711485900664"
"1014352","0.6077016397590942","0.6298533005018158","22125","8468.628797938209"
"1014419","0.298627403763693","0.5196115476327628","2500","387.92561858801616"
"1014584","0.6137727065126394","0.6149195277700176","4000","1509.6832913875112"
"1014586","0.7805300850107404","0.7123772645979424","14400","8006.859171307449"
"1014640","0.3412525652045134","0.49631569659531494","10625","1799.5456740281722"
"1014826","0.218843460292382","0.480543950666775","6000","630.9834059189326"
"1014842","0.24611271989434502","0.4931671209372125","9000","1092.3723134668867"
"1014918","0.7526187484024631","0.7131990273217734","12000","6441.203511657207"
"1014937","0.5542818255301982","0.5760784818968971","4000","1277.2393303779095"
"1015016","0.4516082792271162","0.5607184559310313","7000","1772.5756790972907"
"1015096","0.49055187011760937","0.5791707908293013","1800","511.4039662058554"
"1015252","0.3074992389744746","0.49286367407481907","2400","363.7324912708089"
"1015326","0.3009405387644919","0.5231763229939357","12000","1889.33957412745"
"1015476","0.19123195706798868","0.4712471985420001","12000","1081.4102884799242"
"1015479","0.20841248299606308","0.49428869257596253","4600","473.8732951885166"
"1015522","0.19047325412048133","0.4963000203133545","5000","472.65939944572807"
"1015556","0.1739468210805919","0.469779917407488","10000","817.1672324053555"
"1015565","0.26487010699454794","0.5372277222435505","17000","2419.0245926084704"
"1015628","0.48474050475476094","0.5415086855417459","4950","1299.3314081150354"
"1015630","0.5808019768069562","0.6474541866749021","24000","9025.024116305356"
"1015633","0.5933676417401126","0.5923913968723118","15000","5272.588292238822"
"1015662","0.666714125587928","0.6341689123728907","16950","7166.618853497179"
"1015707","0.3422504115352384","0.4966943333006689","3500","594.9784399278118"
"1015798","0.6172664925967446","0.5927195450310402","3600","1317.1172927574544"
"1015820","0.7004423127217708","0.6598400442405236","14500","6701.608355906885"
"1015893","0.5401353377613567","0.5842333331711701","21600","6816.20548486723"
"1015990","0.7809429325256338","0.6956741857392518","20000","10865.636773871876"
"1016021","0.5972154686700799","0.6037787489672038","12500","4507.32510671854"
"1016026","0.37963198501539064","0.5156056629217809","6000","1174.4424078010325"
"1016053","0.45834569043042694","0.5811831383107114","11500","3063.4020481487714"
"1016062","0.31330425884410906","0.5123104975802364","6400","1027.2579887515692"
"1016106","0.6997746332287009","0.6605658453720584","16000","7395.955554698223"
"1016171","0.6459037981657806","0.6470147204921376","20375","8514.901283238993"
"1016175","0.3654622796864161","0.5403593643981471","6000","1184.8857909770982"
"1016320","0.6096740759623382","0.6007082547419038","23500","8606.551878118898"
"1016427","0.4109199167084522","0.5141843328644212","9500","2007.2415407176707"
"1016430","0.3971402750039904","0.5314431081602088","11200","2363.8435757856723"
"1016476","0.5925761879903433","0.6232165228177706","24800","9158.721130321992"
"1016517","0.3788916680411226","0.5269000109568164","1500","299.4570360634709"
"1016535","0.23459369723809187","0.4873982912269179","15000","1715.1085074967637"
"1016799","0.8068391398572969","0.6727962943352255","25000","13570.959585515253"
"1017021","0.6107430899244359","0.5986555255859006","2850","1042.03046766551"
"1017154","0.3909861848123789","0.5120097082509318","13575","2717.561906796264"
"1017174","0.3811918150816431","0.4858338356365919","3000","555.5876449031674"
"1017196","0.3619315148678286","0.5276120875180169","10000","1909.5944209797321"
"1017211","0.4436307140604764","0.5523788807096264","2500","612.6305932028456"
"1017279","0.47238025939709516","0.5728199254390641","4800","1298.8263598403032"
"1017343","0.7665324250139463","0.6894642813991316","15600","8244.548950269438"
"1017393","0.2269628113567388","0.4799630917779067","14500","1579.539703532099"
"1017481","0.7320311456193926","0.681351694849364","12000","5985.247941003537"
"1017512","0.35878936134831585","0.4946195009860281","10000","1774.642148691997"
"1017552","0.3404051344675195","0.5155429807755562","28000","4913.817375451293"
"1017756","0.5439579417057525","0.5581251648092717","2000","607.1932317276705"
"1017848","0.3007241911008388","0.4847787902377435","2500","364.46177389272157"
"1017873","0.4156175880549212","0.5359417634536673","2000","445.49364612902866"
"1018094","0.5301253506219543","0.615853516806387","3000","979.4386845862485"
"1018119","0.35477929262127206","0.5244704919466191","6000","1116.4276208013125"
"1018242","0.6827812877853835","0.6655689862448094","25000","11360.95123845608"
"1018627","0.4669884172652491","0.5632631986565149","15000","3945.560844665512"
"1018671","0.28590770822317224","0.5417512428633325","35000","5421.179969593871"
"1018693","0.48408845444358384","0.5397671455867611","7000","1829.0653028656407"
"1018784","0.7036013598836173","0.7140324092763891","14300","7184.236690600154"
"1018908","0.4298133362729857","0.544606881865204","8000","1872.6344068136889"
"1019033","0.1911091668080157","0.4725614359245731","3700","334.1500424550353"
"1019046","0.5538441166913651","0.6083376834958582","6200","2088.930331188176"
"1019242","0.5636676412285618","0.6198729362289673","24000","8385.655579814515"
"1019261","0.6216871249465238","0.5916642068587591","6250","2298.9376230986704"
"1019631","0.24459749869627478","0.48366349160067423","30000","3549.086407686949"
"1019633","0.29930970046344174","0.48412385273861847","6000","869.4177921024198"
"1019919","0.330915878943434","0.5657141218370133","12000","2246.445430300898"
"1019952","0.29941969599644835","0.4864926771188461","20000","2913.309789748464"
"1020011","0.25840722319862275","0.5192424058857095","2000","268.35197654379675"
"1020138","0.30211253367778523","0.5055885987817409","7500","1145.5848943241472"
"1020221","0.2708043158320854","0.49994485951029777","6000","812.3233538007256"
"1020311","0.6240871064839484","0.6017702628182822","8000","3004.4564967227752"
"1020343","0.4005069819902667","0.5133296571223777","15000","3083.8816761027283"
"1020401","0.3267752410494895","0.5239889088410691","5000","856.1330099689966"
"1020628","0.6603434514295246","0.6633097731339984","19000","8322.233034206549"
"1020805","0.477837233776204","0.5245880752283301","10000","2506.6771473908843"
"1020845","0.6905745537515451","0.655382723400278","30750","13917.161926270044"
"1020855","0.51612858318555","0.5588245851590168","8000","2307.4027310990086"
"1020958","0.5725391019237045","0.604561219617063","5600","1938.3556513297353"
"1020990","0.4141937601373623","0.5204485712401482","5000","1077.8327534003743"
"1021164","0.31524137650942174","0.5070480950052539","7800","1246.771807522303"
"1021379","0.7006709981019221","0.6610305425046984","12800","5928.511103905563"
"1021469","0.18231749776967698","0.5065337839464079","4900","452.51486292208483"
"1021839","0.625322805537475","0.6106898693005569","3500","1336.5740583451836"
"1021934","0.3547991079702967","0.5413200755753992","20000","3841.1975988113045"
"1022059","0.4898610797067595","0.5242087725835509","3000","770.3684259886002"
"1022134","0.52174708995368","0.5750513008222423","2700","810.0846255008246"
"1022153","0.6382703029239838","0.6584773161020578","12000","5043.438192204387"
"1022256","0.3314677574049887","0.5399977236645033","8400","1503.5314095217223"
"1022314","0.3802500822385597","0.5189458835898432","35000","6906.522521933996"
"1022352","0.490735978973865","0.596566285712231","12000","3513.0784829015297"
"1022563","0.7950512505116417","0.6782626699017137","12000","6471.043006568668"
"1022570","0.6626106374697993","0.7406093095435423","25200","12366.537289160406"
"1022594","0.6310465793237857","0.6374735926338032","3000","1206.8265901224179"
"1022731","0.41232349544595115","0.5922627282332981","30000","7326.115149825267"
"1022768","0.7690274342751294","0.6950052632352443","26375","14096.860267128846"
"1022862","0.7639297574950888","0.674287083555017","25000","12877.69920555637"
"1022961","0.7484262714519007","0.6837446349336352","24000","12281.578745966917"
"1022962","0.5729874145204037","0.6285913678476486","23000","8284.023681015968"
"1023029","0.17342624162059117","0.5020217142808291","5000","435.3186955982523"
"1023044","0.4299522298775853","0.5774445654379972","35000","8689.575248926603"
"1023219","0.6641190476623556","0.6242238997990665","10000","4145.589818626378"
"1023547","0.2584325346559898","0.4578697188541306","5600","662.6392191199111"
"1023555","0.7467677885342088","0.7726957929446414","35000","20195.851497743486"
"1023590","0.5251373915351492","0.5512500137450357","4200","1215.8243760674893"
"1023824","0.35934086419741695","0.5019886241253585","1500","270.57753901571795"
"1023877","0.3320682846204438","0.496690320014032","12000","1979.2212306556667"
"1023909","0.6167701975611041","0.6610587101457155","21000","8562.147536377293"
"1024122","0.2546921049988947","0.4726614647396442","14000","1685.3640076896118"
"1024123","0.3230049873274169","0.5239568716190417","6000","1015.4440960645294"
"1024126","0.5384177908568886","0.5795073493355745","12000","3744.204801775094"
"1024170","0.5733677566850282","0.6044078493797997","9000","3118.9317544954633"
"1024323","0.5995424497141224","0.6140883610578748","2250","828.3870907415296"
"1024542","0.21866124327460024","0.48299526805490034","3500","369.64321033021656"
"1024656","0.2421368138474964","0.5055300231786685","14000","1713.704007634273"
"1024678","0.8013700539159165","0.7076161907328433","35000","19847.184872177393"
"1024916","0.21442725746174363","0.47965268238671155","8800","905.0853611214917"
"1025008","0.35817401688169304","0.4911145217997258","12000","2110.853532263275"
"1025062","0.4771895326387404","0.5244774347045557","6000","1501.6508516773945"
"1025186","0.5159275501633273","0.6094394016049923","11300","3553.020325106667"
"1025258","0.45545588366035095","0.5493922673315083","20000","5004.4788118727165"
"1025371","0.5120141592361158","0.5575108886757145","6000","1712.7208135816545"
"1025411","0.7409407831202601","0.6698760446772188","5700","2829.129342478853"
"1025417","0.7228396731317959","0.6780264218341211","21000","10292.192339799241"
"1025533","0.5278729591845411","0.5572931847379876","3600","1059.0480092196672"
"1025579","0.343345734107259","0.48477166413896383","5000","832.2214144909507"
"1025583","0.640331159275695","0.6741157648244995","12000","5179.887950113122"
"1025596","0.321567775626431","0.5054135764970659","12000","1950.296634786726"
"1026363","0.20550468253644483","0.4837905808433413","7600","755.6013459505316"
"1026435","0.29429058059577895","0.5048055011313479","1300","193.12735522065378"
"1026526","0.41961479086678155","0.5080359699312104","4000","852.7176291019495"
"1026657","0.4537073283227314","0.5489853481784959","1400","348.7101458545458"
"1026877","0.4205266310394057","0.5217013229606214","4000","877.5571990137244"
"1026919","0.23227793392895524","0.49240015953215005","8000","914.9895337793262"
"1027614","0.7070329704018885","0.666605713921994","20000","9426.244360022778"
"1027758","0.2732362372649334","0.5464580254227704","15000","2239.6820203461466"
"1027783","0.567104077729121","0.6004448587367531","35000","11918.015474438454"
"1027807","0.7016198969684573","0.7322297585323375","24000","12329.927225728728"
"1027858","0.4908758699109105","0.5735625006493908","5000","1407.7399572727345"
"1028056","0.4989520899420332","0.5755342840407373","7500","2153.730253915632"
"1028073","0.3536099768131372","0.5129599498282885","25000","4534.693899121228"
"1028180","0.4809176398406031","0.5257575431857194","3000","758.5382303918105"
"1028216","0.730197784162053","0.6674731598006105","7200","3509.189440373158"
"1028222","0.5889600069592218","0.6298594389457282","14000","5193.468273627306"
"1028400","0.4489237885037819","0.5454538273463001","3200","783.5750356038042"
"1028586","0.294972904077623","0.4811189134810679","7000","993.4193018132686"
"1028642","0.5528846296177922","0.5482675390736456","7750","2349.24738835948"
"1028780","0.4677903177261806","0.5571708141241724","16000","4170.225794670421"
"1028829","0.5880840688045235","0.5979192323606946","13200","4641.4734297776395"
"1028850","0.6031614146828143","0.569309264723907","6000","2060.3122890174272"
"1028864","0.24544522556571868","0.5174691631753395","4900","622.350643846487"
"1028903","0.6262217383570815","0.6446192288049062","28000","11302.88807313707"
"1028990","0.2714784951218412","0.5445781705874982","8000","1182.7300978183948"
"1029623","0.49565102978436637","0.6138657896105231","35000","10649.212376944713"
"1029839","0.5249997798434813","0.5674118399140493","17050","5079.043102154603"
"1029868","0.5122285898314265","0.5924154122667901","2800","849.6659114154988"
"1029900","0.46142611619802965","0.5307683796170887","5200","1273.5340384386602"
"1030060","0.5573679041360391","0.588627419283419","8500","2788.6972635255406"
"1030131","0.4448309621334777","0.5480151793056046","12000","2925.289433691149"
"1030215","0.5595136253650312","0.5771390363786584","1600","516.667447334246"
"1030291","0.41765845232140064","0.5118406983436469","17500","3741.055393342968"
"1030354","0.5480385237311205","0.5473833357106022","10625","3187.363524189707"
"1030381","0.49766484241366893","0.5521464527016899","10800","2967.6658756289703"
"1030423","0.6275712445020185","0.6443812487635483","10000","4043.9514222030475"
"1030426","0.44505648434226996","0.5539266193262343","10175","2508.4288487209906"
"1030558","0.7333452065857732","0.6748314111555864","12000","5938.612567493548"
"1030634","0.6371640688177898","0.6440483397468495","13600","5580.95666509085"
"1030660","0.45350883254872365","0.5013217110353084","7000","1591.476767320659"
"1030884","0.5033604961517418","0.5629982039469521","16000","4534.256884340437"
"1030940","0.5995187156100139","0.6276516167614601","12000","4515.466693576551"
"1030947","0.475117297314706","0.5710736243552832","15000","4069.904354570937"
"1031052","0.6100239355357169","0.6097757182398005","17000","6323.622318390946"
"1031138","0.20958341722055562","0.4952127987470901","10000","1037.8839061277044"
"1031175","0.4827334541120033","0.5547137532864906","2500","669.4472154185531"
"1031193","0.3772200617192716","0.5109146140430109","6400","1233.4543503525272"
"1031222","0.7437656876028518","0.7216741043110697","18800","10091.021004660184"
"1031247","0.3790234541282421","0.4922790965263224","6500","1212.8046031434908"
"1031306","0.2824556882607201","0.48627813383033347","8000","1098.8161998174833"
"1031348","0.6013004892886136","0.5710661406334808","3000","1030.1470493372167"
"1031371","0.511046620538945","0.5738081174528912","4000","1172.9707970484562"
"1031379","0.5704516791344973","0.5945288858674103","29700","10072.755036739674"
"1031381","0.6233745311841288","0.6376298591581537","12000","4769.786574260594"
"1031425","0.2986201676527753","0.48399728534239567","11200","1618.7511255152644"
"1031462","0.5539815095110061","0.5535951576913959","8000","2453.4518489269035"
"1031471","0.3074577618869805","0.4995164116996966","6000","921.4811878020254"
"1031490","0.21863695395756266","0.4853345267290383","6500","689.7284067340694"
"1031519","0.4535238044795873","0.5515684313971801","10900","2726.6286064751525"
"1031583","0.3356842547973621","0.4942497316388348","3000","497.73555854693535"
"1031599","0.22904176568981371","0.47133901762287306","10000","1079.5632083484506"
"1031770","0.5882142532459241","0.5916531830430941","6000","2088.113011465606"
"1031828","0.35928428664213286","0.5208078681309645","24000","4490.834001097046"
"1031901","0.3181590412407199","0.4996417025348723","20000","3179.3105008475186"
"1031991","0.6811934053983906","0.6332984682513111","8900","3839.4487879730864"
"1031998","0.35392998619446503","0.5099218461563212","3000","541.4298959110886"
"1032073","0.5163818482617035","0.6346265539160252","15000","4915.644493006691"
"1032109","0.4230280943237892","0.5472582403394571","14550","3368.4066329756556"
"1032150","0.6486907924057176","0.5989416568113171","15000","5827.9190694259"
"1032260","0.6718185688620052","0.6464862031024163","8000","3474.5714860583757"
"1032261","0.6388679537984077","0.6263965620908494","20000","8003.693797786763"
"1032337","0.7713837910797914","0.6820908036329766","19425","10220.537370110276"
"1032357","0.7485551031296973","0.6658870174390994","13000","6479.89062515407"
"1032427","0.46800401904843814","0.5457508142364808","2250","574.6805425386688"
"1032453","0.42405547846073277","0.5451742043111587","6000","1387.1046483217062"
"1032486","0.35899427134288076","0.5250541143644977","10000","1884.9141920186441"
"1032493","0.7391368256211417","0.6884120316274239","12300","6258.61741045089"
"1032519","0.5038643329440482","0.5818652711499296","8000","2345.4492536901357"
"1032540","0.3550739407954364","0.5400627303520696","4000","767.04880777141"
"1032885","0.33668274087070926","0.4799052438736495","13500","2181.273473685688"
"1032923","0.41284676293440625","0.5452148020918987","6325","1423.695300883338"
"1032949","0.3725682146180719","0.5202096730289576","4000","775.2543564297987"
"1032963","0.3042608401692134","0.5060206450372396","10000","1539.6226660199782"
"1033099","0.6013399403314803","0.6810371503947319","5700","2334.3485844767697"
"1033173","0.7515528216842976","0.7092575079421072","19075","10167.823482603211"
"1033264","0.5739645874861548","0.6238858832451352","2125","760.9378576823623"
"1033285","0.5908489374553632","0.5898433315830615","15000","5227.62458596475"
"1033318","0.4406220043618725","0.512232012014023","5200","1173.6436183260546"
"1033625","0.7679315126250778","0.6957985827179898","16100","8602.64309555508"
"1033741","0.20810321640584206","0.5220122346683306","25000","2715.81062594202"
"1033807","0.4968999465550189","0.564959384047259","10125","2842.3739133557488"
"1033824","0.5464202893692203","0.587173557826462","20000","6416.870907549799"
"1033826","0.4060270670725753","0.4998288711985943","10000","2029.4405061096124"
"1033887","0.6429629178389468","0.6474834963038953","28100","11698.251372814844"
"1033995","0.637644656734743","0.5798970338461019","8400","3106.0532587416637"
"1034013","0.391199414028376","0.5512783269917135","20000","4313.195169714036"
"1034017","0.7735528556821676","0.7005271600783581","12000","6502.737421938395"
"1034255","0.6082218097098253","0.612484790806467","12000","4470.319294608637"
"1034262","0.6838886867866056","0.6692786586950726","8500","3890.5528754088295"
"1034265","0.6058680512316634","0.6051247470819328","16000","5866.012020265341"
"1034283","0.6540839440006971","0.6680027390219542","6200","2708.965170085039"
"1034326","0.47996449014522724","0.5898861961020984","12000","3397.493128270214"
"1034394","0.3543206057973953","0.5052595590003758","5100","913.0217524526835"
"1034517","0.6422683478406803","0.5928498852520552","15000","5711.530744775616"
"1034530","0.397505434248994","0.5413086325914279","13000","2797.250599792801"
"1034539","0.6763706318859206","0.6420483662607227","24000","10422.303820538113"
"1034550","0.2827883579630509","0.487462794467242","8400","1157.929947009961"
"1034681","0.29993831759434086","0.48601172523163116","12000","1749.2824703651822"
"1034684","0.3609097975301464","0.5006182949706912","5650","1020.83096824934"
"1034693","0.6546171653565638","0.6494987442073138","16000","6802.768429370235"
"1034746","0.4115845309358286","0.5149084229185642","7200","1525.8840603972803"
"1034912","0.3952774674553563","0.5190842613097835","10000","2051.823122064656"
"1035024","0.39109755023337656","0.5295767722802377","13000","2692.5103178908957"
"1035053","0.35572053043426144","0.5111581521092855","10000","1818.2944900411194"
"1035086","0.6986684963353782","0.6621502223303036","6000","2775.741001101898"
"1035203","0.35972114032597646","0.5224686245736009","6000","1127.658056496961"
"1035215","0.4983548559497999","0.5932137979576384","11300","3340.630038163322"
"1035273","0.496041849802882","0.5058623317417253","9500","2383.8244244362636"
"1035295","0.4967777917949425","0.5174712649940031","13000","3341.887020433733"
"1035363","0.6704019476218137","0.6775696004136322","20000","9084.879595332663"
"1035392","0.532398280836264","0.6002026285077112","2000","639.0936951418245"
"1035463","0.5192538519908978","0.5997798771571816","17000","5294.446196528399"
"1035594","0.7427622176854474","0.6652238271230364","14675","7250.963360711998"
"1035636","0.4748673764102064","0.5816461886739995","3000","828.6143988438542"
"1035647","0.2194478147660981","0.4982107598279937","16000","1749.3002005953686"
"1035664","0.7318698591925411","0.6697466127153354","5500","2695.9204752845967"
"1035775","0.4774587959024612","0.6092936641741413","7000","2036.3883347330886"
"1035812","0.4390562924061929","0.5607368845904951","12000","2954.340690764425"
"1035891","0.6857372844197891","0.6470246619877994","20000","8873.77869328291"
"1035958","0.501117409471683","0.5513768142248819","5000","1381.5226039356112"
"1036025","0.4153843567912595","0.5486215955819692","19000","4329.887743449605"
"1036032","0.5401940720369747","0.583502089454716","8000","2521.634957957009"
"1036033","0.6873080372742721","0.6703137362652987","5800","2672.129706896822"
"1036042","0.45086490337662355","0.5317709783783918","12000","2877.082449420794"
"1036112","0.33449409933302854","0.5079779473752771","8000","1359.3250079066713"
"1036314","0.5761747447572252","0.6540325430841848","26375","9939.076760526093"
"1036508","0.2602561885276845","0.5242092234577713","17000","2319.2878062990058"
"1036584","0.427004428694728","0.5229823960752308","16000","3573.0527880560617"
"1036629","0.3340952309348181","0.5173251661813019","7000","1209.8510960461463"
"1036700","0.5981910729572506","0.5970913481410323","5400","1928.743456669067"
"1036707","0.6854360194734389","0.6518553082022178","20000","8936.102154535198"
"1036826","0.47886386014715776","0.5634004057414329","10000","2697.9209310181745"
"1036923","0.586222271850408","0.5867464943748283","8000","2751.7109034613954"
"1037026","0.5229254792878677","0.613689142645777","28000","8985.5832934505"
"1037046","0.5471026172781561","0.5862426423218348","5000","1603.6744198716888"
"1037138","0.5997762136649182","0.6264283699537385","15000","5635.752537947098"
"1037231","0.5422683916518704","0.6205341954876734","1100","370.1456881672968"
"1037304","0.6330301290056997","0.6294930676799526","10000","3984.8807784163405"
"1037313","0.3094901333238208","0.4866914172717309","6000","903.7571497139238"
"1037354","0.3975256357680703","0.5241872254449204","15000","3125.6679008473916"
"1037801","0.4063773711611921","0.5455401632943043","17625","3907.3775020695684"
"1038094","0.36213292920462903","0.5248563805539018","10000","1900.6777850172396"
"1038180","0.4304500049963522","0.4639072191434621","8000","1597.510918385177"
"1038322","0.3580531006585139","0.5076627223442054","5000","908.8510591204249"
"1038342","0.5987789760633075","0.6915004505910314","14000","5796.78304453099"
"1038362","0.6726199783922031","0.6649137716381518","20000","8944.68573423864"
"1038434","0.5821909852397497","0.6391586878598987","24000","8930.698229032801"
"1038500","0.39029776567387464","0.5088188059535311","12000","2383.0901171581436"
"1038510","0.6124718508411384","0.6602918463153704","29100","11768.335923955345"
"1038542","0.5230962394662427","0.6043152677757532","2000","632.230088051064"
"1038602","0.4617268931688365","0.5401298983293034","7000","1745.7474990423216"
"1038642","0.42630595344107014","0.5166927035755272","7000","1541.8842294366655"
"1038768","0.714397526610774","0.6758917266448341","4200","2027.9925866413707"
"1038875","0.5042203275355287","0.5917747703470237","25000","7459.621713290965"
"1038907","0.43988972078112","0.5413696795429533","7200","1714.6292916493019"
"1038931","0.5329720526639978","0.5673399974376029","14000","4233.269081897891"
"1039098","0.5013949232113818","0.5468736661292489","8000","2193.597438681613"
"1039153","0.4410089978882724","0.5553117699510037","21000","5142.847230814756"
"1039174","0.8046110861792616","0.7065093485734342","19075","10843.474726754355"
"1039359","0.4666209186790806","0.5171897050420611","12000","2895.978423577071"
"1039372","0.2935503261208231","0.5121335666430258","6000","902.021853032883"
"1039392","0.6984627216315358","0.6739689682529661","23000","10827.070596806792"
"1039464","0.7767479604770999","0.6736142983482853","30000","15696.8559717073"
"1039489","0.6132583246158584","0.6986461079244454","9300","3984.5900372997608"
"1039555","0.42830343293212547","0.49082748615542954","6000","1261.3385837868946"
"1039581","0.5720718600739914","0.580272216618387","2100","697.1105532512913"
"1039773","0.6369589165870668","0.6773917027761975","12800","5522.824769349058"
"1039833","0.3919921466440508","0.4988453991974253","6250","1222.14674296817"
"1039975","0.6398702577362845","0.6394305183699739","13000","5318.9834177199355"
"1040029","0.3778941087418911","0.5333688679688741","24000","4837.366871802457"
"1040070","0.3517633654635246","0.5258272704936091","12000","2219.6012438559724"
"1040232","0.5645997571339987","0.6066616057360672","2500","856.302488152763"
"1040234","0.5816623674188477","0.6449597225677413","15000","5627.2319867783335"
"1040276","0.48177172505470456","0.5239714735393426","20000","5048.692813730091"
"1040309","0.22197835031333335","0.4588299567763023","12000","1222.2038025544996"
"1040330","0.446924281120087","0.5422181624583577","12000","2907.9655496034725"
"1040373","0.5908841620894539","0.625035359908937","6800","2511.399765429293"
"1040399","0.6109568205176743","0.6008668588960627","8000","2936.8296453246444"
"1040440","0.5373769503049806","0.5317203009443034","1200","342.8810804840355"
"1040481","0.42134178968955704","0.5436189261773765","7200","1649.1554731057754"
"1040531","0.5775781123309139","0.5931500940560611","7000","2398.133581576627"
"1040564","0.4489696591155703","0.5453467954864492","8500","2081.1754013892173"
"1040574","0.45101967305251867","0.5491806935619243","10000","2476.912968570545"
"1040671","0.49244938278030403","0.548412839457648","7000","1890.4589500979887"
"1040748","0.5659519136632205","0.5781300212838935","3300","1079.7395132428671"
"1041101","0.2749856605618296","0.48351081562200504","1800","239.32537384069093"
"1041247","0.5253874735261869","0.5549103962087187","6000","1749.2578265850846"
"1041316","0.4370288854866957","0.5151943323093637","5000","1125.774024291118"
"1041357","0.35893787267806043","0.5269009786093276","6000","1134.7482982441218"
"1041622","0.3221601632707942","0.4313680668872547","7000","972.7872480074341"
"1041856","0.44489351668306","0.5271520799371988","14850","3482.7191586502418"
"1041857","0.5688011847839224","0.6499700476062373","20000","7394.074663049804"
"1042047","0.43673844375883863","0.5549090056247042","10000","2423.5009554429794"
"1042059","0.5672404981929633","0.5762095077845696","25475","8326.487656404175"
"1042250","0.5624390037861313","0.6014178826938643","5250","1775.8695927078825"
"1042384","0.4107672513516708","0.5248547800709629","18500","3988.4733743178995"
"1042417","0.6808546984338075","0.6256737114798393","12000","5111.914633770805"
"1042544","0.6142551207004007","0.5907339320103367","18000","6531.50416875897"
"1042668","0.4846848802343897","0.5347078574910312","15550","4030.0128556540494"
"1042702","0.6984945336461688","0.6520355966616856","22000","10019.75260023992"
"1042768","0.26818737307433316","0.47342470802587316","10000","1269.665287939421"
"1042891","0.2811389673790867","0.4746674238166344","7000","934.1325656620994"
"1043080","0.3484883881553733","0.48458916243698336","10200","1722.5117005793124"
"1043085","0.37599732086487014","0.5002351306065916","7200","1354.2268961560815"
"1043163","0.4835314716171577","0.5565154741052929","4500","1210.917357773336"
"1043259","0.549479295369297","0.5702860832505441","14000","4387.045532567952"
"1043274","0.4900212730351281","0.5630620637519347","4000","1103.649557110038"
"1043347","0.5690929286191115","0.5795335608748317","30000","9894.253541739603"
"1043550","0.5644884645517606","0.5767402376371553","10000","3255.6321118901533"
"1043564","0.29084094355584156","0.48536311459916337","10000","1411.6346621722273"
"1043742","0.3765339604069927","0.5005444407275196","11000","2073.1917868951978"
"1043961","0.4258159478473408","0.5731660708322228","10000","2440.6325372535903"
"1044073","0.7408542133583931","0.650213938969577","17000","8189.133516589459"
"1044083","0.40301866744405546","0.5271831504792326","12000","2549.575809661191"
"1044206","0.45939397736580634","0.551142610174765","22400","5671.4917455606455"
"1044298","0.45087378586299565","0.4928115670859046","16000","3555.1330715055597"
"1044336","0.625822361564875","0.6233756031722427","1000","390.1223921191813"
"1044372","0.5594674827864279","0.5898006847274025","15000","4949.614566452272"
"1044439","0.5735415214146554","0.5786927099914102","9000","2987.1386758803906"
"1044522","0.5390781283756745","0.5871791644362709","12000","3798.425339825968"
"1044537","0.44519605094402914","0.5275320579003002","10000","2348.551889235906"
"1044543","0.529062031711309","0.5913285074913975","12250","3832.4059043821317"
"1044599","0.41921747234554685","0.6074452525536195","30000","7639.549900914922"
"1044657","0.4607128600600727","0.5164734334428972","7000","1665.6216686656594"
"1044872","0.5307334454642318","0.5693429997675717","17200","5197.313196982457"
"1044958","0.43883848139118","0.5437813213603556","15000","3579.482539120015"
"1044994","0.5219818631915198","0.5699164821949021","3000","892.4582017189549"
"1045034","0.438376411379935","0.5480649580028192","1800","432.4657490862672"
"1045045","0.7827842786844802","0.7382503038898092","35000","20226.175606664387"
"1045232","0.5523892515384787","0.6059885911691336","21000","7029.573270652273"
"1045315","0.8290383902815045","0.683620399511639","27700","15698.907289419973"
"1045354","0.48865230872447163","0.5789214192217484","14400","4073.6345482476736"
"1045358","0.4685617186232519","0.6300944838959494","24000","7085.715702463606"
"1045417","0.2987463321562186","0.4694440091456609","4000","560.9787035399062"
"1045458","0.45704839954091314","0.5352387273974847","14000","3424.8200522106963"
"1045554","0.6708998858006194","0.6549772330877839","14125","6206.866131188473"
"1045795","0.54623440388137","0.5676381570339812","17375","5387.353144445112"
"1045826","0.17920596914665354","0.4983596193137222","6000","535.8541113760374"
"1045843","0.5634302158125619","0.5790942694037635","15000","4894.188137789705"
"1045996","0.183975885321642","0.5015587401020194","4000","369.09885300430545"
"1046031","0.5391649641356244","0.5853968329976087","25000","7890.636561706596"
"1046181","0.45372072307217515","0.5700933764029005","14400","3724.7497770266164"
"1046204","0.48948953014950114","0.5957856700050853","20000","5832.616953611899"
"1046247","0.46776019545063574","0.5271271495930326","12000","2958.8291822516812"
"1046275","0.33869540429476797","0.5013543249944592","6000","1018.8384347935731"
"1046371","0.2965600652175542","0.5035583426998376","9000","1344.0176545671661"
"1046442","0.6398598822958192","0.6173978020346833","20000","7900.961698792199"
"1046448","0.3584900211062907","0.5011489558408013","11200","2012.1572772757613"
"1046456","0.47607037667638297","0.5591465975060352","8000","2129.545050336129"
"1046507","0.3931883939088181","0.5364685676178474","3050","643.3463041768881"
"1046516","0.4183699252571712","0.6035574196543583","15000","3787.654088238075"
"1046530","0.5856058658409664","0.6432066241976716","16000","6026.649153246761"
"1046561","0.3514590444402912","0.49372583493872896","5000","867.6220508152531"
"1046646","0.5438262455033522","0.6599787946000547","35000","12561.982649271155"
"1046854","0.47592371443999315","0.5382012550508762","12000","3073.7128850409495"
"1046890","0.19513183465526907","0.4922023947756893","6075","583.4694646093559"
"1047020","0.6799510089059766","0.6947500212882707","25000","11809.89944781021"
"1047031","0.5750539790294698","0.627599842074196","12000","4330.845437076398"
"1047061","0.435554262870372","0.5416868726265767","7000","1651.53818559398"
"1047217","0.6942209757011027","0.5808006559208048","12000","4838.447976494179"
"1047248","0.7477311247959053","0.7136757379360487","35000","18677.314679326428"
"1047351","0.5890871050009183","0.5838925991677125","6000","2063.781605251016"
"1047379","0.1898583382605773","0.4904031953152579","3800","353.80711581288233"
"1047402","0.38283123191577995","0.5732709123978935","5000","1097.3300480738437"
"1047451","0.2827580783992687","0.5011182391007923","28000","3967.4664494910285"
"1047458","0.6030133188404847","0.6058237686129951","30000","10959.594040313163"
"1047559","0.4019542464387824","0.5543169968865213","1000","222.81007077173055"
"1047629","0.48404911874357537","0.5239962662383124","11325","2872.4722174150825"
"1047665","0.499156363406847","0.5695473246196381","5000","1421.4658567261877"
"1047711","0.5428335276998975","0.5808758091933017","15000","4729.782969898988"
"1047765","0.6687133575094979","0.6083272029380589","35000","14237.878421937487"
"1047952","0.5722475834920233","0.5904180421060795","13000","4392.248871988843"
"1047987","0.643576068228132","0.6352209097183791","8250","3372.7070481460255"
"1048016","0.5971390636738549","0.6220087087444227","25000","9285.642448415703"
"1048070","0.4924244348969228","0.5647524902802538","3000","834.2937776486515"
"1048162","0.5656843922762466","0.5709378982548823","5500","1776.3386190098483"
"1048164","0.47714649755367555","0.5793065010526063","10000","2764.140679873258"
"1048307","0.561142897542761","0.6110639696721191","15000","5143.413097886921"
"1048336","0.3790082553895563","0.4950964120572992","6325","1186.8585932004214"
"1048362","0.31304668189139984","0.511821483676585","12000","1922.6882062282582"
"1048390","0.7551079931623681","0.6855169267147354","18000","9317.507594587165"
"1048535","0.4046039674259937","0.5245739846712835","12300","2610.6099994995034"
"1048690","0.53447038803595","0.5646835727337659","4000","1207.2265929461698"
"1048710","0.6478760819192437","0.6378792111921336","7000","2892.8667885942814"
"1048727","0.5694401299686771","0.6281849207792061","22000","7869.701464523233"
"1048862","0.25341152544060497","0.530047386605779","7500","1007.4008759668241"
"1048930","0.5699515120300825","0.6357174750125624","10000","3623.2813610735616"
"1048941","0.2577967386032006","0.47405714198052595","12000","1466.5246213696082"
"1048982","0.47101328240693874","0.552579548538273","20000","5205.446138959125"
"1049053","0.7023102573539022","0.6727867790340207","17900","8457.84050110558"
"1049157","0.20896217183915855","0.4767618249309539","13150","1310.0712009965825"
"1049180","0.33368083963845163","0.5126162058052149","10275","1757.5408662940888"
"1049278","0.2571055341746239","0.46456861484681944","5000","597.215809404783"
"1049310","0.2871550633007496","0.5011183228217536","7500","1079.2399778328459"
"1049353","0.48661736797588007","0.5503289168252046","8875","2376.7215301101705"
"1049360","0.4539400995266053","0.6098911973515575","27600","7641.172354802195"
"1049522","0.6260430975500666","0.5988279488515251","26000","9747.194703962603"
"1049969","0.3697795922158519","0.504099249704822","6000","1118.433689952996"
"1049998","0.6682319604858384","0.6453509632143091","15000","6468.66209025183"
"1050042","0.46028043000302854","0.5303796003889071","11000","2685.3568558502466"
"1050062","0.7419440049713685","0.7077867754214433","25000","13128.453870548907"
"1050177","0.540014145136027","0.5736104211621438","10000","3097.5774122499142"
"1050229","0.6183680496594661","0.5871563150617993","9600","3485.555571744037"
"1050340","0.18015300134912504","0.4807193017141485","3500","303.11058753590805"
"1050460","0.29234376916034877","0.49535879705072233","7000","1013.7054047158109"
"1050657","0.29397986485439576","0.5140419117220721","9500","1435.6207315067252"
"1050684","0.41027708236016014","0.4899546014003425","7000","1407.1200104602742"
"1050689","0.794539467300537","0.7007653154698792","12625","7029.419468258649"
"1050706","0.6728937003232673","0.6006501551678478","10000","4041.737055106378"
"1050893","0.42434341057002345","0.5734643274319899","6000","1460.0748512564116"
"1050905","0.5136724985462956","0.6069776775915668","6000","1870.726441261728"
"1050934","0.35086472656192946","0.5217244796115547","5500","1006.8009428376519"
"1050965","0.4892113906133799","0.5298467808796365","10000","2592.0708048614983"
"1051011","0.24194681937992224","0.4755417826237646","12000","1380.6698614569386"
"1051094","0.36263691329057524","0.5053353973157896","7000","1282.7728806134508"
"1051186","0.43302761699680226","0.5141281604557165","7200","1602.9481835022373"
"1051194","0.6331977703608798","0.6159410859068908","7000","2730.0876558893165"
"1051225","0.4883178119557843","0.5388342012249822","4000","1052.4893525965042"
"1051349","0.6537997869924607","0.6299651996126426","5000","2059.355566597044"
"1051409","0.4298367729559195","0.5177871528874907","10000","2225.639588751923"
"1051433","0.6201834072659318","0.5792742019952923","10000","3592.5624833469406"
"1051434","0.5872460480036472","0.6083836409555444","7125","2545.555082851145"
"1051470","0.4222559103897995","0.5397104050705448","1000","227.89590843991033"
"1051609","0.5738684146855617","0.605366899898918","2575","894.5574286063709"
"1051764","0.5360288249506242","0.5476347691003306","5000","1467.7401089147831"
"1051869","0.5677493041288044","0.6129700407401298","27300","9500.763474438972"
"1052133","0.6805250310285691","0.6794644648061204","12000","5548.710911939943"
"1052179","0.4942515868978732","0.5732384554991519","1500","424.98602445201254"
"1052258","0.5073127750405251","0.5682432427668925","7200","2075.594805979913"
"1052329","0.3011496139222235","0.5028106217700185","9000","1362.7910215983077"
"1052333","0.46044184098636676","0.5329581912382843","15000","3680.9437611377957"
"1052469","0.6228103720435628","0.5850742155635823","20000","7287.805797365007"
"1052492","0.5522891147760367","0.577711018217244","8650","2759.899334231433"
"1052717","0.46210859489982925","0.5384891991871591","8000","1990.723897640899"
"1052731","0.5025199139528786","0.5616604090508053","6000","1693.4732425616955"
"1052924","0.643245470286975","0.6131793230081821","4350","1715.7479756941145"
"1052979","0.3794712003571262","0.5557483188390445","20000","4217.8096329261425"
"1053309","0.38588070627357673","0.5208771490622368","13000","2612.9537481047396"
"1053325","0.5604763797596053","0.5989024601114584","22000","7384.755018792616"
"1053583","0.7407693031370055","0.6668936680766069","12000","5928.172293211075"
"1053702","0.45656636845902643","0.5191256406625576","15000","3555.2296279690413"
"1053763","0.7719440416828348","0.6907366743878623","21350","11384.034784533997"
"1053767","0.3379202154373391","0.5104894839562174","8875","1530.9793580232067"
"1053783","0.7409710220096412","0.6992979854959269","20000","10363.190860044006"
"1053953","0.6425568591566189","0.6577106225028101","10000","4226.164718293502"
"1054129","0.370348643608718","0.5124515913404221","12500","2372.3218971006795"
"1054373","0.5012056649823621","0.5373289707808436","7000","1885.1862688015067"
"1054408","0.7164248412827078","0.6833953440479804","9200","4504.332888214826"
"1054469","0.6275331778903673","0.6625611348470919","13750","5716.962549337101"
"1054630","0.6026867783203356","0.65573485889339","17000","6718.44640215955"
"1055300","0.5651848725458098","0.5875996324023097","4000","1328.4096933890567"
"1055394","0.47018499124801794","0.5429634960688622","12000","3063.519439765574"
"1055535","0.4325969263549917","0.5885989173327143","11900","3030.0503816786954"
"1055653","0.6229807824170199","0.6694604182552945","20000","8341.219503238175"
"1055657","0.5339986608677827","0.5685707403317783","10625","3225.920148173843"
"1055693","0.4600137112536571","0.5689701202368498","11700","3062.288462250335"
"1055725","0.44607054283846004","0.5183469863324821","8000","1849.7545725760808"
"1055838","0.25177537641191294","0.5026704944538253","18500","2341.360979617074"
"1055921","0.5721214644112484","0.6056934101265102","21000","7277.134216502261"
"1055982","0.5317126588166943","0.6076475305897532","11100","3586.342113657366"
"1055994","0.6966322002228053","0.6718116138020868","15000","7020.084039872718"
"1056000","0.6305127318664818","0.6512491180118319","20000","8212.417210465539"
"1056039","0.6677583708442232","0.6497947212951093","13000","5640.776238177577"
"1056055","0.5413742843971516","0.569495708713138","14400","4439.668777514263"
"1056090","0.45308054985723456","0.6067620737158032","21000","5773.153973825112"
"1056098","0.687520224505104","0.6601747791239052","21000","9531.55375947337"
"1056133","0.681502348507275","0.6526120773867041","18000","8005.619941258506"
"1056155","0.7253826329069649","0.6775779167071792","12000","5898.039038648038"
"1056817","0.3616520463048525","0.5315973593759279","7200","1384.2235643656347"
"1056831","0.5799331062864113","0.6026150840765846","19200","6709.947601988748"
"1056835","0.29815539469562524","0.5486211650918428","19000","3107.912840310311"
"1056945","0.7081361273174538","0.687681363231647","20000","9739.440347744916"
"1057031","0.7614993269548355","0.7106512447339282","18800","10173.816357812642"
"1057038","0.6302147493788279","0.6684120692964037","25000","10531.078618335421"
"1057054","0.46835505453204573","0.5410439711497373","6000","1520.404071672419"
"1057065","0.3311541512065407","0.5140760513078223","7600","1293.811980041035"
"1057099","0.44708278488571873","0.5570667174162776","13650","3399.599922668246"
"1057140","0.32665791904256314","0.4807497831103838","5600","879.4280528936085"
"1057171","0.6888750323223256","0.6625924621647192","24500","11182.863392861133"
"1057318","0.4891691092801723","0.5893320365046947","9650","2781.93121409417"
"1057330","0.589030199737153","0.5791304133174557","14000","4775.7542424233725"
"1057384","0.3161911711567189","0.4732023655690654","32000","4787.917125229204"
"1057447","0.5679307582943789","0.5856017021345741","5300","1762.6804593843685"
"1057451","0.41748435731984257","0.4869727373776833","5875","1194.4080642413887"
"1057454","0.3335494064161215","0.5245391297782027","5000","874.7985768977422"
"1057474","0.6540537238591946","0.6366616603639135","13000","5413.34208739214"
"1057615","0.3888887813063723","0.5034674096603426","8300","1625.0804671733797"
"1057621","0.3913443956382313","0.5122272930212773","6950","1393.1780988968922"
"1057701","0.3284193549107409","0.48545978319633326","24000","3826.4253319787504"
"1057719","0.30989598732409895","0.5044325404614206","8000","1250.5729613175636"
"1057776","0.42023928180902337","0.5234304169460637","16000","3519.4563599105836"
"1057787","0.4680188060182834","0.5413672809047397","12375","3135.4545967767112"
"1057818","0.3665053742635732","0.5255309844643709","7000","1348.2695110375282"
"1058015","0.4544751586258444","0.5833746993590849","10000","2651.2930902952444"
"1058059","0.36312653347436596","0.5414842375606053","29000","5702.191529375387"
"1058072","0.2541873049792409","0.48580544309678647","9350","1154.5901386389194"
"1058110","0.3590135212679616","0.5262616171931193","2200","415.65707985268233"
"1058126","0.6444813914583528","0.6551964201802765","16400","6925.095169123585"
"1058162","0.49637234886864545","0.5650489418396363","5000","1402.3733524334145"
"1058195","0.4028886361786035","0.5250726231862627","15625","3305.4030164099245"
"1058213","0.2706149873735568","0.4917012878646373","3600","479.0222561053816"
"1058237","0.33560547244184247","0.5221333236613284","15000","2628.462011474843"
"1058242","0.4829412102617865","0.5911893630608606","10075","2876.5102928918545"
"1058276","0.43014542323712823","0.5655466628355713","13225","3217.210156840074"
"1058318","0.5410722628489086","0.5629834394688897","8400","2558.7636777351076"
"1058372","0.5791981438578745","0.6423717322025713","12000","4464.726179501963"
"1058477","0.49767298596512444","0.5524141865812587","7000","1924.451324077733"
"1058484","0.6549404333381337","0.6587780331569764","7200","3106.5146676682093"
"1058494","0.24559944821112845","0.5063989707187175","16000","1989.9409245312067"
"1058515","0.5141717514443243","0.5488879432086942","10000","2822.226751062871"
"1058564","0.2291491794208309","0.4723544531219483","8000","865.9170826293583"
"1058578","0.27849180508161286","0.5062138789702109","26000","3665.386839706257"
"1058603","0.4202037526690655","0.5589882395431884","5000","1174.4447797696116"
"1058792","0.7174839192565701","0.5991039534883186","6750","2901.4703049886066"
"1058831","0.5805125004029609","0.5671390067842417","5900","1942.4645691357944"
"1058943","0.4958724726596384","0.563372600906031","13200","3687.564733247541"
"1058956","0.47390412434175866","0.574594880728888","17050","4642.76416884253"
"1058974","0.6644457564273214","0.6764931300512808","22000","9888.84576932581"
"1059100","0.38529094564065614","0.5366910047182712","22750","4704.294702487758"
"1059262","0.44348485867874843","0.547750299657567","7150","1736.8705942793792"
"1059280","0.45801094788632835","0.5343786283620856","6000","1468.5075726378889"
"1059289","0.3287165815395544","0.49913888844785825","7200","1181.3416496930372"
"1059310","0.5583567922649668","0.6112570023472363","35000","11945.482467803575"
"1059311","0.7036986128792139","0.6716167816592797","13200","6238.528528848488"
"1059319","0.5186554790778835","0.6265456744210496","22875","7433.490811047199"
"1059444","0.6362978361761252","0.6662348436270057","16000","6782.780630160046"
"1059582","0.5285490405622155","0.5780388985832706","12375","3780.8335775161154"
"1059623","0.6413282010586184","0.655633041254572","7000","2943.3317123166994"
"1059930","0.7840823380127486","0.6929077571632176","14000","7606.1542796918775"
"1059978","0.4437125573458709","0.5129648314662303","11500","2617.5027777813093"
"1059996","0.22203709536635974","0.4865737105675805","7500","810.2806003204305"
"1060030","0.5136358688192142","0.5980138974543368","12000","3685.936653419073"
"1060086","0.7332143387875361","0.6582281359592609","16000","7721.95691965955"
"1060167","0.44071625322751085","0.5122918033322321","14400","3251.1646673819455"
"1060365","0.4423687201866674","0.5297624470384187","12000","2812.204028392109"
"1060429","0.468762031565899","0.5212107837185983","17000","4153.5050394497375"
"1060452","0.5460095310038571","0.6184761952744734","20000","6753.877946377303"
"1060536","0.48211958857597326","0.6524703177943526","17500","5504.952620528336"
"1060553","0.5093424377218878","0.5698881440946834","6000","1741.609299251931"
"1060662","0.3616219447981208","0.4975396584819618","6200","1115.5118052695273"
"1060696","0.5640515437712396","0.604372417159495","12000","4090.766338938825"
"1060720","0.5020230298538568","0.5359952928393354","13200","3551.882147861631"
"1060753","0.8387410897052373","0.7375762593821568","24925","15419.490224707455"
"1060895","0.5250670879714134","0.612345421915496","7200","2314.9614781281316"
"1060934","0.5100658543067395","0.5222685902418494","10000","2663.913746592854"
"1060966","0.4912034735323335","0.5773556260353642","18000","5104.783601496106"
"1060970","0.4992845201933933","0.5349611217080563","3000","801.2934209223791"
"1061003","0.6871407461614711","0.5907366634625492","10000","4059.1923171659387"
"1061227","0.732994634162524","0.6756177660741184","16050","7948.348366299062"
"1061251","0.3937158758520952","0.529041188902891","5000","1041.4595752536775"
"1061304","0.6739371317865991","0.6220998432741094","15000","6288.8427609156915"
"1061315","0.7116751647991175","0.6462401297133289","12000","5518.956609762437"
"1061409","0.3929100812014007","0.511080081545633","5000","1004.0425817025658"
"1061467","0.4063075453427234","0.5292668776020166","14400","3096.6498125234352"
"1061530","0.2872662692123108","0.5238853333639342","5000","752.4729260525255"
"1061767","0.46089165036000324","0.5395122666202385","7000","1740.5968926644748"
"1061785","0.5344451145438851","0.5704519051878563","10000","3048.7523380990133"
"1061869","0.7055641864845903","0.6562158692108447","20675","9572.574949105228"
"1061891","0.45331821411297735","0.5470734285015347","12000","2975.980195163752"
"1062070","0.5305982076312352","0.5628393197836161","11300","3374.649337155745"
"1062192","0.4460108114827508","0.5285174414239712","10800","2545.82452366876"
"1062232","0.38456364401188126","0.5013481234229635","9400","1812.3224558633005"
"1062268","0.6274715817701944","0.5811117937702259","7700","2807.6597504518536"
"1062293","0.26962077270211593","0.4838481679057236","25000","3261.387922531108"
"1062399","0.6970447884062567","0.6985815243770822","18000","8764.966995190984"
"1062413","0.542089796265184","0.5863899016031338","12000","3814.511787504049"
"1062414","0.5647327710816035","0.5908197384670916","5000","1668.2763405711444"
"1062418","0.2912237560647889","0.4718587123462355","8000","1099.3317323309238"
"1062555","0.5887290798999197","0.5684526684643031","12000","4015.97539765972"
"1062608","0.6016005400028981","0.5677619188636817","8000","2732.52701585178"
"1062614","0.43014831333860093","0.5274361992404378","6200","1406.629907281379"
"1062654","0.4605437556702392","0.5522167832962053","5000","1271.5999566168648"
"1062795","0.5570374280586052","0.5896696130786736","22000","7226.29698282046"
"1062873","0.4350464759893993","0.5324447356633103","18000","4169.487706369747"
"1062918","0.5076057669207557","0.5483598150662647","4000","1113.4024179009402"
"1063001","0.7548331337363334","0.6912891063446674","6000","3130.8475347596086"
"1063121","0.3516686759692702","0.5030655889528606","12000","2122.9489151130433"
"1063187","0.6233848711937724","0.6086286615474846","4000","1517.639599134467"
"1063509","0.6702462829208713","0.6695796481666596","16800","7539.558941093229"
"1063519","0.6341889491135575","0.613124613730775","13450","5229.855692454398"
"1063521","0.3255479858894874","0.5054233225864456","3600","592.3423608825241"
"1063524","0.3144633853653436","0.5130552582564618","10000","1613.370933908176"
"1063564","0.5622087631867108","0.579882720541663","12000","3912.1817653088806"
"1063626","0.5561492249328638","0.6286233334596211","19950","6974.687174581715"
"1063679","0.3251741236954452","0.5056795284430659","7200","1183.9240622318391"
"1063804","0.19436597246820997","0.503732510700396","8000","783.2676744490836"
"1063828","0.4310443101969571","0.5201947217099641","12000","2690.7236998508342"
"1063949","0.5715139030195002","0.6001958286358235","18000","6174.3646907942875"
"1063972","0.2741480287427682","0.5007667281697866","4100","562.8652666896219"
"1064063","0.7086600919119976","0.6629751179350998","18825","8844.436950811882"
"1064126","0.732932069472988","0.6793681246298283","21250","10581.027067277111"
"1064150","0.5370457604474101","0.5815783395315804","8500","2654.8405437145775"
"1064210","0.32758006701073494","0.5110156830395038","9000","1506.5869652425545"
"1064407","0.4546134021018783","0.5473366499873118","8000","1990.6126123662143"
"1064585","0.7278547768735515","0.654444055619087","15700","7478.541643637988"
"1064623","0.4278330039824333","0.5018648633715667","5600","1202.4003717011487"
"1064908","0.5655849052564021","0.5825275389001618","9000","2965.2190460828388"
"1064926","0.27684807794742106","0.48902191311229054","5000","676.9238835965418"
"1064969","0.5705618291628112","0.5829305936289957","22000","7317.154807070309"
"1065020","0.3655387648250824","0.5057161866772873","9875","1825.481343521906"
"1065026","0.5423733925411964","0.5640756228819188","8000","2447.5168738580387"
"1065103","0.47840484883271217","0.5346086543112156","10000","2557.593724504168"
"1065145","0.6127467347611092","0.6686600534364537","18000","7374.946759350764"
"1065232","0.3765412329272757","0.5449499894231881","12000","2462.3536908133574"
"1065244","0.5454926413968406","0.5909047006556656","6000","1934.0049958468107"
"1065260","0.448080633156841","0.5503994118189791","6300","1553.7268967031066"
"1065298","0.4604409338560711","0.5297282332151614","10000","2439.0856239151553"
"1065348","0.5156330611998119","0.6079309025289287","5000","1567.3463613447798"
"1065382","0.35020154165068285","0.510690872638006","1400","250.38262326666714"
"1065447","0.39402538716279345","0.5131015214736893","20000","4043.5005130497757"
"1065480","0.36641957578499795","0.5352930679134991","28000","5491.972048234405"
"1065484","0.5611477444849742","0.6054910119419528","10000","3397.699156571514"
"1065649","0.7054566717015879","0.656439485967876","25000","11577.240373609977"
"1065936","0.33864617352628557","0.4992021254626915","8000","1352.4231168330336"
"1066061","0.2144005277090505","0.4720836922017266","10000","1012.1499273088715"
"1066281","0.47666937777811824","0.5460050534630027","14000","3643.6944473708472"
"1066434","0.5787984744772228","0.6244014406968067","4000","1445.610405346767"
"1066453","0.3543665229364429","0.5003562233969462","12000","2127.7139413774303"
"1066480","0.38085363381533577","0.49773197194507324","10800","2047.280725958622"
"1066520","0.4742374686661499","0.5493302639789508","4225","1100.6673990208365"
"1066530","0.274259246691295","0.503807255927158","10000","1381.737984881908"
"1066633","0.5390348281588841","0.5548123838842258","14400","4306.510051307345"
"1066659","0.6591667064133159","0.6373324099545774","16000","6721.73288896352"
"1066706","0.7096934484742669","0.6889469529338232","29500","14423.76359588158"
"1066712","0.4329081181942659","0.5620771814830359","7000","1703.2944244103055"
"1067066","0.4571042473084488","0.5521732855547357","24000","6057.618097855934"
"1067182","0.5668845303364998","0.5612863529244827","14000","4454.583707866351"
"1067324","0.6589899974908793","0.6328595403925102","15000","6255.72160403009"
"1067434","0.2953553045908056","0.4818823212611786","25000","3558.162494325496"
"1067579","0.5825884379003625","0.5887774490062719","7325","2512.584393656116"
"1067601","0.46809874865232404","0.5442096685213952","2500","636.8596620984029"
"1068350","0.19864929729304515","0.4801174599258202","3500","333.8124861133508"
"1068409","0.7285066166499783","0.7000681292195391","16000","8160.0682278753"
"1068558","0.3629446575276387","0.5543747800639258","12000","2414.488376307139"
"1068744","0.5277746108223612","0.5788806016160272","7000","2138.6293896135917"
"1068792","0.49280275058637024","0.5436006785229937","12000","3214.6549151609815"
"1069039","0.5562039310693063","0.5939753743804411","11000","3634.0858200764073"
"1069136","0.6522266145102732","0.657034774153741","17675","7574.366135445106"
"1069287","0.19263501873511202","0.49972189695649116","10000","962.6393698255939"
"1069314","0.5820428505561206","0.6025522971108218","3000","1052.1337698585637"
"1069591","0.3831445337661431","0.49727830944435436","5000","952.6473301203649"
"1069710","0.4042531767724765","0.5343460190591188","10000","2160.1107570037507"
"1069971","0.1812023619062092","0.46529561493493743","3600","303.52559187892564"
"1070078","0.5885103230345847","0.6275210480722987","6500","2400.4669956281928"
